record_id,patient_id,patient_name,city,state,date,mobility,nutrition,participation,activity,incident,notes
R00001,P019,Deepak Verma,Chandigarh,Chandigarh,2026-01-01,8.6,82.8,7.7,2.0,No,"Indian home-care observation | Deepak Verma | Chandigarh, Chandigarh | Source: phone_checkin"
R00002,P004,Ananya Iyer,Bengaluru,Karnataka,2026-01-01,6.7,62.2,6.2,1.6,No,"Indian home-care observation | Ananya Iyer | Bengaluru, Karnataka | Source: wearable_sync"
R00003,P030,Nandini Shetty,Mangaluru,Karnataka,2026-01-01,7.0,,3.4,1.6,No,"Indian home-care observation | Nandini Shetty | Mangaluru, Karnataka | Source: phone_checkin"
R00004,P037,Ramesh Chandran,Puducherry,Puducherry,2026-01-01,6.9,,7.6,3.2,No,"Indian home-care observation | Ramesh Chandran | Puducherry, Puducherry | Source: phone_checkin"
R00005,P002,Priya Nair,Kochi,Kerala,2026-01-01,8.7,74.8,6.5,0.7,No,"Indian home-care observation | Priya Nair | Kochi, Kerala | Source: mobile_app"
R00006,P005,Vikram Singh,Mumbai,Maharashtra,2026-01-01,9.0,81.4,8.4,2.4,No,"Indian home-care observation | Vikram Singh | Mumbai, Maharashtra | Source: tablet_kiosk"
R00007,P005,Vikram Singh,Mumbai,Maharashtra,2026-01-02,9.0,87.8,8.2,2.1,No,"Indian home-care observation | Vikram Singh | Mumbai, Maharashtra | Source: phone_checkin"
R00008,P015,Suresh Babu,Madurai,Tamil Nadu,2026-01-01,9.2,73.0,6.7,0.3,No,"Indian home-care observation | Suresh Babu | Madurai, Tamil Nadu | Source: wearable_sync"
R00009,P022,Shreya Das,Bhubaneswar,Odisha,2026-01-01,8.0,74.2,4.5,2.2,No,"Indian home-care observation | Shreya Das | Bhubaneswar, Odisha | Source: phone_checkin"
R00010,P017,Naveen Kumar,Mysuru,Karnataka,2026-01-01,7.6,,6.5,2.9,No,"Indian home-care observation | Naveen Kumar | Mysuru, Karnataka | Source: mobile_app"
R00011,P020,Pooja Shah,Surat,Gujarat,2026-01-01,5.9,77.5,6.1,1.4,No,"Indian home-care observation | Pooja Shah | Surat, Gujarat | Source: tablet_kiosk"
R00012,P017,Naveen Kumar,Mysuru,Karnataka,2026-01-02,8.2,81.5,7.4,0.6,No,"Indian home-care observation | Naveen Kumar | Mysuru, Karnataka | Source: phone_checkin"
R00013,P002,Priya Nair,Kochi,Kerala,2026-01-02,8.4,,,2.3,No,"Indian home-care observation | Priya Nair | Kochi, Kerala | Source: wearable_sync"
R00014,P029,Gopal Krishnan,Madurai,Tamil Nadu,2026-01-01,7.5,82.6,,1.4,No,"Indian home-care observation | Gopal Krishnan | Madurai, Tamil Nadu | Source: mobile_app"
R00015,P019,Deepak Verma,Chandigarh,Chandigarh,2026-01-02,9.0,67.1,5.4,1.2,No,"Indian home-care observation | Deepak Verma | Chandigarh, Chandigarh | Source: phone_checkin"
R00016,P003,Rahul Sharma,Delhi,Delhi,2026-01-01,7.8,64.9,4.2,2.6,No,"Indian home-care observation | Rahul Sharma | Delhi, Delhi | Source: wearable_sync"
R00017,P009,Sanjay Kumar,Jaipur,Rajasthan,2026-01-01,7.5,73.7,7.3,2.6,No,"Indian home-care observation | Sanjay Kumar | Jaipur, Rajasthan | Source: tablet_kiosk"
R00018,P011,Rohan Das,Kolkata,West Bengal,2026-01-01,7.2,77.0,6.8,2.2,No,"Indian home-care observation | Rohan Das | Kolkata, West Bengal | Source: mobile_app"
R00019,P011,Rohan Das,Kolkata,West Bengal,2026-01-02,6.7,,5.7,2.2,No,"Indian home-care observation | Rohan Das | Kolkata, West Bengal | Source: phone_checkin"
R00020,P028,Swathi Rao,Visakhapatnam,Andhra Pradesh,2026-01-01,6.6,81.1,6.6,2.1,Yes,"Indian home-care observation | Swathi Rao | Visakhapatnam, Andhra Pradesh | Source: mobile_app"
R00021,P024,Neha Kapoor,New Delhi,Delhi,2026-01-01,7.8,98.0,,3.6,No,"Indian home-care observation | Neha Kapoor | New Delhi, Delhi | Source: phone_checkin"
R00022,P036,Sowmya N,Hyderabad,Telangana,2026-01-01,7.9,82.5,7.6,1.6,No,"Indian home-care observation | Sowmya N | Hyderabad, Telangana | Source: tablet_kiosk"
R00023,P016,Aishwarya Pillai,Kollam,Kerala,2026-01-01,,,,,No,"Indian home-care observation | Aishwarya Pillai | Kollam, Kerala | Source: tablet_kiosk"
R00024,P013,Manoj Gupta,Lucknow,Uttar Pradesh,2026-01-01,7.8,81.3,6.3,2.1,No,"Indian home-care observation | Manoj Gupta | Lucknow, Uttar Pradesh | Source: phone_checkin"
R00025,P028,Swathi Rao,Visakhapatnam,Andhra Pradesh,2026-01-02,7.1,77.8,5.8,2.8,No,"Indian home-care observation | Swathi Rao | Visakhapatnam, Andhra Pradesh | Source: wearable_sync"
R00026,P008,Lakshmi Rao,Vijayawada,Andhra Pradesh,2026-01-01,5.9,76.2,5.0,1.1,No,"Indian home-care observation | Lakshmi Rao | Vijayawada, Andhra Pradesh | Source: wearable_sync"
R00027,P004,Ananya Iyer,Bengaluru,Karnataka,2026-01-02,6.3,,5.1,0.4,No,"Indian home-care observation | Ananya Iyer | Bengaluru, Karnataka | Source: mobile_app"
R00028,P004,Ananya Iyer,Bengaluru,Karnataka,2026-01-03,8.2,75.5,6.1,2.1,No,"Indian home-care observation | Ananya Iyer | Bengaluru, Karnataka | Source: wearable_sync"
R00029,P007,Karthik Reddy,Hyderabad,Telangana,2026-01-01,7.2,88.2,,0.5,No,"Indian home-care observation | Karthik Reddy | Hyderabad, Telangana | Source: tablet_kiosk"
R00030,P006,Meena Krishnan,Coimbatore,Tamil Nadu,2026-01-01,6.5,90.0,7.3,2.3,No,"Indian home-care observation | Meena Krishnan | Coimbatore, Tamil Nadu | Source: phone_checkin"
R00031,P006,Meena Krishnan,Coimbatore,Tamil Nadu,2026-01-02,5.5,86.3,5.7,1.7,No,"Indian home-care observation | Meena Krishnan | Coimbatore, Tamil Nadu | Source: mobile_app"
R00032,P012,Kavya Menon,Thiruvananthapuram,Kerala,2026-01-01,7.5,87.7,8.5,1.7,No,"Indian home-care observation | Kavya Menon | Thiruvananthapuram, Kerala | Source: phone_checkin"
R00033,P021,Ajay Menon,Kozhikode,Kerala,2026-01-01,5.9,74.7,5.8,1.4,No,"Indian home-care observation | Ajay Menon | Kozhikode, Kerala | Source: wearable_sync"
R00034,P033,Ganesh Iyer,Chennai,Tamil Nadu,2026-01-01,8.4,84.3,6.2,1.6,No,"Indian home-care observation | Ganesh Iyer | Chennai, Tamil Nadu | Source: mobile_app"
R00035,P017,Naveen Kumar,Mysuru,Karnataka,2026-01-03,8.6,73.4,5.1,0.2,No,"Indian home-care observation | Naveen Kumar | Mysuru, Karnataka | Source: phone_checkin"
R00036,P021,Ajay Menon,Kozhikode,Kerala,2026-01-02,6.0,84.9,6.2,1.3,No,"Indian home-care observation | Ajay Menon | Kozhikode, Kerala | Source: wearable_sync"
R00037,P007,Karthik Reddy,Hyderabad,Telangana,2026-01-02,8.8,76.8,6.2,1.9,No,"Indian home-care observation | Karthik Reddy | Hyderabad, Telangana | Source: phone_checkin"
R00038,P017,Naveen Kumar,Mysuru,Karnataka,2026-01-04,8.9,80.5,8.2,2.1,No,"Indian home-care observation | Naveen Kumar | Mysuru, Karnataka | Source: tablet_kiosk"
R00039,P018,Harini Reddy,Warangal,Telangana,2026-01-01,8.1,75.5,7.8,2.6,No,"Indian home-care observation | Harini Reddy | Warangal, Telangana | Source: wearable_sync"
R00040,P010,Divya Patel,Ahmedabad,Gujarat,2026-01-01,,62.3,6.9,2.2,No,"Indian home-care observation | Divya Patel | Ahmedabad, Gujarat | Source: wearable_sync"
R00041,P032,Bhavana R,Bengaluru,Karnataka,2026-01-01,8.0,88.1,8.2,2.2,No,"Indian home-care observation | Bhavana R | Bengaluru, Karnataka | Source: phone_checkin"
R00042,P013,Manoj Gupta,Lucknow,Uttar Pradesh,2026-01-02,8.8,85.6,5.7,2.8,No,"Indian home-care observation | Manoj Gupta | Lucknow, Uttar Pradesh | Source: mobile_app"
R00043,P018,Harini Reddy,Warangal,Telangana,2026-01-02,7.9,75.5,6.6,1.6,No,"Indian home-care observation | Harini Reddy | Warangal, Telangana | Source: mobile_app"
R00044,P016,Aishwarya Pillai,Kollam,Kerala,2026-01-02,7.5,90.0,9.0,1.7,No,"Indian home-care observation | Aishwarya Pillai | Kollam, Kerala | Source: tablet_kiosk"
R00045,P037,Ramesh Chandran,Puducherry,Puducherry,2026-01-02,6.8,87.8,8.1,2.4,No,"Indian home-care observation | Ramesh Chandran | Puducherry, Puducherry | Source: wearable_sync"
R00046,P033,Ganesh Iyer,Chennai,Tamil Nadu,2026-01-02,8.2,81.7,,2.6,No,"Indian home-care observation | Ganesh Iyer | Chennai, Tamil Nadu | Source: wearable_sync"
R00047,P037,Ramesh Chandran,Puducherry,Puducherry,2026-01-03,7.1,89.9,8.5,3.1,No,"Indian home-care observation | Ramesh Chandran | Puducherry, Puducherry | Source: phone_checkin"
R00048,P022,Shreya Das,Bhubaneswar,Odisha,2026-01-02,8.3,79.1,,3.0,No,"Indian home-care observation | Shreya Das | Bhubaneswar, Odisha | Source: tablet_kiosk"
R00049,P007,Karthik Reddy,Hyderabad,Telangana,2026-01-03,8.1,87.9,6.7,2.4,No,"Indian home-care observation | Karthik Reddy | Hyderabad, Telangana | Source: wearable_sync"
R00050,P033,Ganesh Iyer,Chennai,Tamil Nadu,2026-01-03,8.3,78.8,6.8,1.8,No,"Indian home-care observation | Ganesh Iyer | Chennai, Tamil Nadu | Source: tablet_kiosk"
R00051,P013,Manoj Gupta,Lucknow,Uttar Pradesh,2026-01-03,8.1,72.8,5.2,3.0,No,"Indian home-care observation | Manoj Gupta | Lucknow, Uttar Pradesh | Source: phone_checkin"
R00052,P021,Ajay Menon,Kozhikode,Kerala,2026-01-03,5.3,86.1,5.4,2.1,No,"Indian home-care observation | Ajay Menon | Kozhikode, Kerala | Source: mobile_app"
R00053,P013,Manoj Gupta,Lucknow,Uttar Pradesh,2026-01-04,8.7,86.5,7.5,0.4,No,"Indian home-care observation | Manoj Gupta | Lucknow, Uttar Pradesh | Source: phone_checkin"
R00054,P037,Ramesh Chandran,Puducherry,Puducherry,2026-01-04,7.0,90.6,7.8,1.5,No,"Indian home-care observation | Ramesh Chandran | Puducherry, Puducherry | Source: phone_checkin"
R00055,P040,Deepa Thomas,Thrissur,Kerala,2026-01-01,4.4,68.7,3.4,1.4,No,"Indian home-care observation | Deepa Thomas | Thrissur, Kerala | Source: wearable_sync"
R00056,P002,Priya Nair,Kochi,Kerala,2026-01-03,7.9,80.0,5.0,2.4,Yes,"Indian home-care observation | Priya Nair | Kochi, Kerala | Source: tablet_kiosk"
R00057,P034,Madhuri Naik,Panaji,Goa,2026-01-01,,86.6,5.8,2.1,No,"Indian home-care observation | Madhuri Naik | Panaji, Goa | Source: mobile_app"
R00058,P019,Deepak Verma,Chandigarh,Chandigarh,2026-01-03,9.6,81.1,7.3,3.4,No,"Indian home-care observation | Deepak Verma | Chandigarh, Chandigarh | Source: wearable_sync"
R00059,P010,Divya Patel,Ahmedabad,Gujarat,2026-01-02,5.7,67.1,7.1,2.5,No,"Indian home-care observation | Divya Patel | Ahmedabad, Gujarat | Source: mobile_app"
R00060,P020,Pooja Shah,Surat,Gujarat,2026-01-02,6.7,74.5,5.8,2.1,No,"Indian home-care observation | Pooja Shah | Surat, Gujarat | Source: mobile_app"
R00061,P021,Ajay Menon,Kozhikode,Kerala,2026-01-04,6.0,,5.4,3.2,No,"Indian home-care observation | Ajay Menon | Kozhikode, Kerala | Source: mobile_app"
R00062,P011,Rohan Das,Kolkata,West Bengal,2026-01-03,6.1,74.8,5.8,3.3,No,"Indian home-care observation | Rohan Das | Kolkata, West Bengal | Source: phone_checkin"
R00063,P019,Deepak Verma,Chandigarh,Chandigarh,2026-01-04,9.8,77.8,7.1,2.9,No,"Indian home-care observation | Deepak Verma | Chandigarh, Chandigarh | Source: tablet_kiosk"
R00064,P030,Nandini Shetty,Mangaluru,Karnataka,2026-01-02,7.2,65.8,3.9,2.3,No,"Indian home-care observation | Nandini Shetty | Mangaluru, Karnataka | Source: mobile_app"
R00065,P021,Ajay Menon,Kozhikode,Kerala,2026-01-05,6.8,74.1,6.2,0.9,No,"Indian home-care observation | Ajay Menon | Kozhikode, Kerala | Source: tablet_kiosk"
R00066,P036,Sowmya N,Hyderabad,Telangana,2026-01-02,7.7,82.8,8.1,1.8,No,"Indian home-care observation | Sowmya N | Hyderabad, Telangana | Source: phone_checkin"
R00067,P002,Priya Nair,Kochi,Kerala,2026-01-04,6.9,75.7,,2.7,No,"Indian home-care observation | Priya Nair | Kochi, Kerala | Source: nan"
R00068,P025,Ravi Prasad,Patna,Bihar,2026-01-01,7.2,81.0,9.2,2.7,No,"Indian home-care observation | Ravi Prasad | Patna, Bihar | Source: phone_checkin"
R00069,P016,Aishwarya Pillai,Kollam,Kerala,2026-01-03,7.3,93.1,8.8,1.6,No,"Indian home-care observation | Aishwarya Pillai | Kollam, Kerala | Source: tablet_kiosk"
R00070,P017,Naveen Kumar,Mysuru,Karnataka,2026-01-05,8.0,84.5,7.1,1.2,No,"Indian home-care observation | Naveen Kumar | Mysuru, Karnataka | Source: mobile_app"
R00071,P021,Ajay Menon,Kozhikode,Kerala,2026-01-06,5.3,84.1,6.3,1.1,No,"Indian home-care observation | Ajay Menon | Kozhikode, Kerala | Source: tablet_kiosk"
R00072,P007,Karthik Reddy,Hyderabad,Telangana,2026-01-04,8.5,73.4,5.8,1.9,No,"Indian home-care observation | Karthik Reddy | Hyderabad, Telangana | Source: mobile_app"
R00073,P006,Meena Krishnan,Coimbatore,Tamil Nadu,2026-01-03,6.4,,6.2,3.3,No,"Indian home-care observation | Meena Krishnan | Coimbatore, Tamil Nadu | Source: phone_checkin"
R00074,P032,Bhavana R,Bengaluru,Karnataka,2026-01-02,6.8,83.4,7.2,1.3,No,"Indian home-care observation | Bhavana R | Bengaluru, Karnataka | Source: mobile_app"
R00075,P038,Janani Murugan,Erode,Tamil Nadu,2026-01-01,6.6,72.5,6.2,3.3,No,"Indian home-care observation | Janani Murugan | Erode, Tamil Nadu | Source: tablet_kiosk"
R00076,P002,Priya Nair,Kochi,Kerala,2026-01-05,7.2,72.9,5.0,1.3,No,"Indian home-care observation | Priya Nair | Kochi, Kerala | Source: nan"
R00077,P015,Suresh Babu,Madurai,Tamil Nadu,2026-01-02,10.0,80.6,7.4,2.3,No,"Indian home-care observation | Suresh Babu | Madurai, Tamil Nadu | Source: phone_checkin"
R00078,P001,Arjun Mehta,Chennai,Tamil Nadu,2026-01-01,7.9,81.7,7.0,1.8,No,"Indian home-care observation | Arjun Mehta | Chennai, Tamil Nadu | Source: tablet_kiosk"
R00079,P037,Ramesh Chandran,Puducherry,Puducherry,2026-01-05,7.2,88.9,6.7,2.1,No,"Indian home-care observation | Ramesh Chandran | Puducherry, Puducherry | Source: phone_checkin"
R00080,P033,Ganesh Iyer,Chennai,Tamil Nadu,2026-01-04,,80.1,7.4,2.1,No,"Indian home-care observation | Ganesh Iyer | Chennai, Tamil Nadu | Source: wearable_sync"
R00081,P033,Ganesh Iyer,Chennai,Tamil Nadu,2026-01-05,9.2,75.8,,2.2,No,"Indian home-care observation | Ganesh Iyer | Chennai, Tamil Nadu | Source: mobile_app"
R00082,P020,Pooja Shah,Surat,Gujarat,2026-01-03,6.7,74.6,4.1,3.2,No,"Indian home-care observation | Pooja Shah | Surat, Gujarat | Source: mobile_app"
R00083,P029,Gopal Krishnan,Madurai,Tamil Nadu,2026-01-02,6.9,87.7,6.6,2.7,No,"Indian home-care observation | Gopal Krishnan | Madurai, Tamil Nadu | Source: mobile_app"
R00084,P007,Karthik Reddy,Hyderabad,Telangana,2026-01-05,8.4,77.3,7.7,3.4,No,"Indian home-care observation | Karthik Reddy | Hyderabad, Telangana | Source: wearable_sync"
R00085,P030,Nandini Shetty,Mangaluru,Karnataka,2026-01-03,8.4,,4.0,1.5,No,"Indian home-care observation | Nandini Shetty | Mangaluru, Karnataka | Source: wearable_sync"
R00086,P004,Ananya Iyer,Bengaluru,Karnataka,2026-01-04,6.5,60.5,5.2,0.0,No,"Indian home-care observation | Ananya Iyer | Bengaluru, Karnataka | Source: wearable_sync"
R00087,P007,Karthik Reddy,Hyderabad,Telangana,2026-01-06,8.9,79.0,7.0,3.2,No,"Indian home-care observation | Karthik Reddy | Hyderabad, Telangana | Source: mobile_app"
R00088,P017,Naveen Kumar,Mysuru,Karnataka,2026-01-06,7.5,80.3,6.3,1.2,No,"Indian home-care observation | Naveen Kumar | Mysuru, Karnataka | Source: wearable_sync"
R00089,P018,Harini Reddy,Warangal,Telangana,2026-01-03,7.5,81.8,,2.8,No,"Indian home-care observation | Harini Reddy | Warangal, Telangana | Source: mobile_app"
R00090,P023,Mohan Raj,Salem,Tamil Nadu,2026-01-01,6.9,92.4,6.6,1.8,No,"Indian home-care observation | Mohan Raj | Salem, Tamil Nadu | Source: wearable_sync"
R00091,P015,Suresh Babu,Madurai,Tamil Nadu,2026-01-03,10.0,76.1,,,No,"Indian home-care observation | Suresh Babu | Madurai, Tamil Nadu | Source: mobile_app"
R00092,P010,Divya Patel,Ahmedabad,Gujarat,2026-01-03,6.7,67.5,7.2,2.4,No,"Indian home-care observation | Divya Patel | Ahmedabad, Gujarat | Source: phone_checkin"
R00093,P026,Keerthana S,Tiruchirappalli,Tamil Nadu,2026-01-01,7.4,84.6,6.1,2.9,No,"Indian home-care observation | Keerthana S | Tiruchirappalli, Tamil Nadu | Source: nan"
R00094,P034,Madhuri Naik,Panaji,Goa,2026-01-02,8.3,90.8,5.2,,No,"Indian home-care observation | Madhuri Naik | Panaji, Goa | Source: wearable_sync"
R00095,P011,Rohan Das,Kolkata,West Bengal,2026-01-04,6.5,70.9,6.2,3.1,No,"Indian home-care observation | Rohan Das | Kolkata, West Bengal | Source: mobile_app"
R00096,P032,Bhavana R,Bengaluru,Karnataka,2026-01-03,8.1,94.1,9.1,,No,"Indian home-care observation | Bhavana R | Bengaluru, Karnataka | Source: mobile_app"
R00097,P021,Ajay Menon,Kozhikode,Kerala,2026-01-07,6.7,83.7,,3.2,No,"Indian home-care observation | Ajay Menon | Kozhikode, Kerala | Source: wearable_sync"
R00098,P009,Sanjay Kumar,Jaipur,Rajasthan,2026-01-02,7.6,80.4,5.8,0.8,No,"Indian home-care observation | Sanjay Kumar | Jaipur, Rajasthan | Source: wearable_sync"
R00099,P009,Sanjay Kumar,Jaipur,Rajasthan,2026-01-03,6.7,80.6,6.5,1.7,No,"Indian home-care observation | Sanjay Kumar | Jaipur, Rajasthan | Source: phone_checkin"
R00100,P010,Divya Patel,Ahmedabad,Gujarat,2026-01-04,6.5,69.4,7.9,2.3,No,"Indian home-care observation | Divya Patel | Ahmedabad, Gujarat | Source: nan"
R00101,P035,Prakash Patil,Nashik,Maharashtra,2026-01-01,6.3,74.5,7.3,3.4,No,"Indian home-care observation | Prakash Patil | Nashik, Maharashtra | Source: tablet_kiosk"
R00102,P040,Deepa Thomas,Thrissur,Kerala,2026-01-02,5.4,75.9,,0.0,No,"Indian home-care observation | Deepa Thomas | Thrissur, Kerala | Source: tablet_kiosk"
R00103,P024,Neha Kapoor,New Delhi,Delhi,2026-01-02,5.7,91.9,7.8,1.5,No,"Indian home-care observation | Neha Kapoor | New Delhi, Delhi | Source: tablet_kiosk"
R00104,P007,Karthik Reddy,Hyderabad,Telangana,2026-01-07,8.4,,8.7,3.2,No,"Indian home-care observation | Karthik Reddy | Hyderabad, Telangana | Source: tablet_kiosk"
R00105,P033,Ganesh Iyer,Chennai,Tamil Nadu,2026-01-06,7.7,77.7,6.7,1.7,No,"Indian home-care observation | Ganesh Iyer | Chennai, Tamil Nadu | Source: wearable_sync"
R00106,P020,Pooja Shah,Surat,Gujarat,2026-01-04,6.5,76.9,5.5,2.1,No,"Indian home-care observation | Pooja Shah | Surat, Gujarat | Source: mobile_app"
R00107,P024,Neha Kapoor,New Delhi,Delhi,2026-01-03,7.6,79.9,,2.4,No,"Indian home-care observation | Neha Kapoor | New Delhi, Delhi | Source: mobile_app"
R00108,P039,Imran Khan,Bhopal,Madhya Pradesh,2026-01-01,7.5,77.0,8.0,1.6,No,"Indian home-care observation | Imran Khan | Bhopal, Madhya Pradesh | Source: tablet_kiosk"
R00109,P007,Karthik Reddy,Hyderabad,Telangana,2026-01-08,8.7,79.0,,2.2,No,"Indian home-care observation | Karthik Reddy | Hyderabad, Telangana | Source: mobile_app"
R00110,P022,Shreya Das,Bhubaneswar,Odisha,2026-01-03,8.1,70.0,4.0,2.4,No,"Indian home-care observation | Shreya Das | Bhubaneswar, Odisha | Source: mobile_app"
R00111,P035,Prakash Patil,Nashik,Maharashtra,2026-01-02,5.8,63.8,6.5,2.0,No,"Indian home-care observation | Prakash Patil | Nashik, Maharashtra | Source: tablet_kiosk"
R00112,P035,Prakash Patil,Nashik,Maharashtra,2026-01-03,7.2,,5.7,2.0,No,"Indian home-care observation | Prakash Patil | Nashik, Maharashtra | Source: phone_checkin"
R00113,P031,Ashok Yadav,Kanpur,Uttar Pradesh,2026-01-01,8.7,56.9,6.0,2.4,No,"Indian home-care observation | Ashok Yadav | Kanpur, Uttar Pradesh | Source: wearable_sync"
R00114,P036,Sowmya N,Hyderabad,Telangana,2026-01-03,8.0,86.9,8.0,2.4,Yes,"Indian home-care observation | Sowmya N | Hyderabad, Telangana | Source: mobile_app"
R00115,P001,Arjun Mehta,Chennai,Tamil Nadu,2026-01-02,8.0,79.4,6.8,0.8,No,"Indian home-care observation | Arjun Mehta | Chennai, Tamil Nadu | Source: wearable_sync"
R00116,P012,Kavya Menon,Thiruvananthapuram,Kerala,2026-01-02,6.9,87.2,,2.1,No,"Indian home-care observation | Kavya Menon | Thiruvananthapuram, Kerala | Source: mobile_app"
R00117,P037,Ramesh Chandran,Puducherry,Puducherry,2026-01-06,6.9,83.1,8.0,2.3,No,"Indian home-care observation | Ramesh Chandran | Puducherry, Puducherry | Source: mobile_app"
R00118,P032,Bhavana R,Bengaluru,Karnataka,2026-01-04,8.0,100.0,8.8,4.7,No,"Indian home-care observation | Bhavana R | Bengaluru, Karnataka | Source: mobile_app"
R00119,P039,Imran Khan,Bhopal,Madhya Pradesh,2026-01-02,7.0,81.7,8.3,2.9,No,"Indian home-care observation | Imran Khan | Bhopal, Madhya Pradesh | Source: tablet_kiosk"
R00120,P028,Swathi Rao,Visakhapatnam,Andhra Pradesh,2026-01-03,7.0,79.9,6.8,2.5,No,"Indian home-care observation | Swathi Rao | Visakhapatnam, Andhra Pradesh | Source: phone_checkin"
R00121,P022,Shreya Das,Bhubaneswar,Odisha,2026-01-04,8.4,78.2,3.0,3.4,No,"Indian home-care observation | Shreya Das | Bhubaneswar, Odisha | Source: tablet_kiosk"
R00122,P020,Pooja Shah,Surat,Gujarat,2026-01-05,5.4,75.0,5.6,2.4,No,"Indian home-care observation | Pooja Shah | Surat, Gujarat | Source: mobile_app"
R00123,P024,Neha Kapoor,New Delhi,Delhi,2026-01-04,8.0,91.3,6.6,2.4,No,"Indian home-care observation | Neha Kapoor | New Delhi, Delhi | Source: phone_checkin"
R00124,P024,Neha Kapoor,New Delhi,Delhi,2026-01-05,7.7,77.8,7.8,3.4,No,"Indian home-care observation | Neha Kapoor | New Delhi, Delhi | Source: tablet_kiosk"
R00125,P036,Sowmya N,Hyderabad,Telangana,2026-01-04,7.3,82.7,7.8,1.8,No,"Indian home-care observation | Sowmya N | Hyderabad, Telangana | Source: wearable_sync"
R00126,P002,Priya Nair,Kochi,Kerala,2026-01-06,7.3,73.6,4.6,1.9,Yes,"Indian home-care observation | Priya Nair | Kochi, Kerala | Source: mobile_app"
R00127,P004,Ananya Iyer,Bengaluru,Karnataka,2026-01-05,6.8,67.6,,0.4,No,"Indian home-care observation | Ananya Iyer | Bengaluru, Karnataka | Source: wearable_sync"
R00128,P030,Nandini Shetty,Mangaluru,Karnataka,2026-01-04,8.4,75.4,4.4,3.8,No,"Indian home-care observation | Nandini Shetty | Mangaluru, Karnataka | Source: wearable_sync"
R00129,P029,Gopal Krishnan,Madurai,Tamil Nadu,2026-01-03,7.2,81.6,7.4,2.2,No,"Indian home-care observation | Gopal Krishnan | Madurai, Tamil Nadu | Source: mobile_app"
R00130,P020,Pooja Shah,Surat,Gujarat,2026-01-06,6.5,75.6,4.4,2.3,No,"Indian home-care observation | Pooja Shah | Surat, Gujarat | Source: wearable_sync"
R00131,P030,Nandini Shetty,Mangaluru,Karnataka,2026-01-05,8.4,76.8,4.6,3.3,No,"Indian home-care observation | Nandini Shetty | Mangaluru, Karnataka | Source: tablet_kiosk"
R00132,P010,Divya Patel,Ahmedabad,Gujarat,2026-01-05,5.8,59.7,6.9,1.9,No,"Indian home-care observation | Divya Patel | Ahmedabad, Gujarat | Source: wearable_sync"
R00133,P005,Vikram Singh,Mumbai,Maharashtra,2026-01-03,9.1,86.9,7.0,,No,"Indian home-care observation | Vikram Singh | Mumbai, Maharashtra | Source: phone_checkin"
R00134,P025,Ravi Prasad,Patna,Bihar,2026-01-02,7.0,72.6,,3.2,No,"Indian home-care observation | Ravi Prasad | Patna, Bihar | Source: nan"
R00135,P035,Prakash Patil,Nashik,Maharashtra,2026-01-04,6.3,67.5,5.8,1.2,No,"Indian home-care observation | Prakash Patil | Nashik, Maharashtra | Source: phone_checkin"
R00136,P003,Rahul Sharma,Delhi,Delhi,2026-01-02,8.0,76.1,5.0,1.7,No,"Indian home-care observation | Rahul Sharma | Delhi, Delhi | Source: phone_checkin"
R00137,P032,Bhavana R,Bengaluru,Karnataka,2026-01-05,7.5,90.5,7.0,1.8,No,"Indian home-care observation | Bhavana R | Bengaluru, Karnataka | Source: mobile_app"
R00138,P037,Ramesh Chandran,Puducherry,Puducherry,2026-01-07,6.8,93.8,,1.8,No,"Indian home-care observation | Ramesh Chandran | Puducherry, Puducherry | Source: tablet_kiosk"
R00139,P024,Neha Kapoor,New Delhi,Delhi,2026-01-06,6.6,88.4,6.5,1.6,No,"Indian home-care observation | Neha Kapoor | New Delhi, Delhi | Source: mobile_app"
R00140,P005,Vikram Singh,Mumbai,Maharashtra,2026-01-04,9.7,91.3,8.2,2.8,No,"Indian home-care observation | Vikram Singh | Mumbai, Maharashtra | Source: wearable_sync"
R00141,P014,Sneha Joshi,Pune,Maharashtra,2026-01-01,8.6,84.9,3.5,3.7,No,"Indian home-care observation | Sneha Joshi | Pune, Maharashtra | Source: mobile_app"
R00142,P018,Harini Reddy,Warangal,Telangana,2026-01-04,7.8,77.3,7.5,3.6,No,"Indian home-care observation | Harini Reddy | Warangal, Telangana | Source: tablet_kiosk"
R00143,P007,Karthik Reddy,Hyderabad,Telangana,2026-01-09,8.8,,7.3,2.6,Yes,"Indian home-care observation | Karthik Reddy | Hyderabad, Telangana | Source: tablet_kiosk"
R00144,P025,Ravi Prasad,Patna,Bihar,2026-01-03,8.3,77.1,7.7,,No,"Indian home-care observation | Ravi Prasad | Patna, Bihar | Source: wearable_sync"
R00145,P027,Aditya Kulkarni,Nagpur,Maharashtra,2026-01-01,5.9,64.8,9.2,1.2,No,"Indian home-care observation | Aditya Kulkarni | Nagpur, Maharashtra | Source: tablet_kiosk"
R00146,P026,Keerthana S,Tiruchirappalli,Tamil Nadu,2026-01-02,7.5,87.6,6.7,4.2,No,"Indian home-care observation | Keerthana S | Tiruchirappalli, Tamil Nadu | Source: mobile_app"
R00147,P037,Ramesh Chandran,Puducherry,Puducherry,2026-01-08,6.9,85.0,7.5,2.1,No,"Indian home-care observation | Ramesh Chandran | Puducherry, Puducherry | Source: wearable_sync"
R00148,P032,Bhavana R,Bengaluru,Karnataka,2026-01-06,7.8,85.8,8.0,0.6,No,"Indian home-care observation | Bhavana R | Bengaluru, Karnataka | Source: phone_checkin"
R00149,P018,Harini Reddy,Warangal,Telangana,2026-01-05,,69.5,7.6,2.2,No,"Indian home-care observation | Harini Reddy | Warangal, Telangana | Source: mobile_app"
R00150,P004,Ananya Iyer,Bengaluru,Karnataka,2026-01-06,6.9,63.4,5.2,0.0,No,"Indian home-care observation | Ananya Iyer | Bengaluru, Karnataka | Source: wearable_sync"
R00151,P020,Pooja Shah,Surat,Gujarat,2026-01-07,,68.7,5.9,1.3,Yes,"Indian home-care observation | Pooja Shah | Surat, Gujarat | Source: mobile_app | Missing mobility test case"
R00152,P036,Sowmya N,Hyderabad,Telangana,2026-01-05,,84.1,8.1,2.4,No,"Indian home-care observation | Sowmya N | Hyderabad, Telangana | Source: wearable_sync | Missing mobility test case"
R00153,P006,Meena Krishnan,Coimbatore,Tamil Nadu,2026-01-04,5.3,84.4,6.0,1.4,No,"Indian home-care observation | Meena Krishnan | Coimbatore, Tamil Nadu | Source: mobile_app"
R00154,P006,Meena Krishnan,Coimbatore,Tamil Nadu,2026-01-05,6.2,89.4,6.3,2.6,No,"Indian home-care observation | Meena Krishnan | Coimbatore, Tamil Nadu | Source: mobile_app"
R00155,P002,Priya Nair,Kochi,Kerala,2026-01-07,7.3,82.8,5.5,1.2,No,"Indian home-care observation | Priya Nair | Kochi, Kerala | Source: tablet_kiosk"
R00156,P028,Swathi Rao,Visakhapatnam,Andhra Pradesh,2026-01-04,7.6,86.5,5.8,2.8,No,"Indian home-care observation | Swathi Rao | Visakhapatnam, Andhra Pradesh | Source: phone_checkin"
R00157,P023,Mohan Raj,Salem,Tamil Nadu,2026-01-02,6.3,95.2,6.5,1.9,No,"Indian home-care observation | Mohan Raj | Salem, Tamil Nadu | Source: phone_checkin"
R00158,P009,Sanjay Kumar,Jaipur,Rajasthan,2026-01-04,7.2,74.1,7.0,1.1,No,"Indian home-care observation | Sanjay Kumar | Jaipur, Rajasthan | Source: tablet_kiosk"
R00159,P011,Rohan Das,Kolkata,West Bengal,2026-01-05,7.0,74.3,6.1,1.9,No,"Indian home-care observation | Rohan Das | Kolkata, West Bengal | Source: phone_checkin"
R00160,P011,Rohan Das,Kolkata,West Bengal,2026-01-06,5.8,78.0,6.3,2.6,No,"Indian home-care observation | Rohan Das | Kolkata, West Bengal | Source: phone_checkin"
R00161,P028,Swathi Rao,Visakhapatnam,Andhra Pradesh,2026-01-05,7.3,80.8,6.8,2.3,No,"Indian home-care observation | Swathi Rao | Visakhapatnam, Andhra Pradesh | Source: mobile_app"
R00162,P015,Suresh Babu,Madurai,Tamil Nadu,2026-01-04,9.6,74.4,6.2,2.2,No,"Indian home-care observation | Suresh Babu | Madurai, Tamil Nadu | Source: mobile_app"
R00163,P019,Deepak Verma,Chandigarh,Chandigarh,2026-01-05,8.8,86.3,,3.2,No,"Indian home-care observation | Deepak Verma | Chandigarh, Chandigarh | Source: phone_checkin"
R00164,P006,Meena Krishnan,Coimbatore,Tamil Nadu,2026-01-06,6.2,83.9,6.3,0.6,No,"Indian home-care observation | Meena Krishnan | Coimbatore, Tamil Nadu | Source: mobile_app"
R00165,P018,Harini Reddy,Warangal,Telangana,2026-01-06,7.8,76.1,8.3,2.1,No,"Indian home-care observation | Harini Reddy | Warangal, Telangana | Source: wearable_sync"
R00166,P004,Ananya Iyer,Bengaluru,Karnataka,2026-01-07,8.0,76.4,,1.1,No,"Indian home-care observation | Ananya Iyer | Bengaluru, Karnataka | Source: wearable_sync"
R00167,P021,Ajay Menon,Kozhikode,Kerala,2026-01-08,5.9,82.1,,2.1,No,"Indian home-care observation | Ajay Menon | Kozhikode, Kerala | Source: wearable_sync"
R00168,P023,Mohan Raj,Salem,Tamil Nadu,2026-01-03,7.8,92.0,6.5,3.9,No,"Indian home-care observation | Mohan Raj | Salem, Tamil Nadu | Source: tablet_kiosk"
R00169,P027,Aditya Kulkarni,Nagpur,Maharashtra,2026-01-02,6.5,83.6,9.1,2.9,No,"Indian home-care observation | Aditya Kulkarni | Nagpur, Maharashtra | Source: phone_checkin"
R00170,P031,Ashok Yadav,Kanpur,Uttar Pradesh,2026-01-02,6.2,51.8,6.4,1.1,No,"Indian home-care observation | Ashok Yadav | Kanpur, Uttar Pradesh | Source: phone_checkin"
R00171,P002,Priya Nair,Kochi,Kerala,2026-01-08,6.9,80.0,5.1,2.6,No,"Indian home-care observation | Priya Nair | Kochi, Kerala | Source: phone_checkin"
R00172,P023,Mohan Raj,Salem,Tamil Nadu,2026-01-04,5.4,,5.5,2.3,No,"Indian home-care observation | Mohan Raj | Salem, Tamil Nadu | Source: phone_checkin"
R00173,P011,Rohan Das,Kolkata,West Bengal,2026-01-07,6.0,78.3,,2.1,No,"Indian home-care observation | Rohan Das | Kolkata, West Bengal | Source: tablet_kiosk"
R00174,P013,Manoj Gupta,Lucknow,Uttar Pradesh,2026-01-05,8.1,69.0,6.2,0.7,No,"Indian home-care observation | Manoj Gupta | Lucknow, Uttar Pradesh | Source: phone_checkin"
R00175,P017,Naveen Kumar,Mysuru,Karnataka,2026-01-07,7.9,83.1,6.5,2.2,No,"Indian home-care observation | Naveen Kumar | Mysuru, Karnataka | Source: tablet_kiosk"
R00176,P015,Suresh Babu,Madurai,Tamil Nadu,2026-01-05,10.0,78.8,8.1,3.4,No,"Indian home-care observation | Suresh Babu | Madurai, Tamil Nadu | Source: mobile_app"
R00177,P011,Rohan Das,Kolkata,West Bengal,2026-01-08,6.7,77.6,6.7,2.6,No,"Indian home-care observation | Rohan Das | Kolkata, West Bengal | Source: tablet_kiosk"
R00178,P040,Deepa Thomas,Thrissur,Kerala,2026-01-03,6.5,92.4,5.2,1.2,No,"Indian home-care observation | Deepa Thomas | Thrissur, Kerala | Source: phone_checkin"
R00179,P029,Gopal Krishnan,Madurai,Tamil Nadu,2026-01-04,8.4,81.3,7.0,3.2,No,"Indian home-care observation | Gopal Krishnan | Madurai, Tamil Nadu | Source: wearable_sync"
R00180,P016,Aishwarya Pillai,Kollam,Kerala,2026-01-04,7.3,80.9,9.3,3.1,Yes,"Indian home-care observation | Aishwarya Pillai | Kollam, Kerala | Source: mobile_app"
R00181,P004,Ananya Iyer,Bengaluru,Karnataka,2026-01-08,7.4,67.3,,0.9,No,"Indian home-care observation | Ananya Iyer | Bengaluru, Karnataka | Source: mobile_app"
R00182,P017,Naveen Kumar,Mysuru,Karnataka,2026-01-08,8.6,81.4,6.2,2.3,No,"Indian home-care observation | Naveen Kumar | Mysuru, Karnataka | Source: mobile_app"
R00183,P020,Pooja Shah,Surat,Gujarat,2026-01-08,6.5,73.5,5.5,3.5,No,"Indian home-care observation | Pooja Shah | Surat, Gujarat | Source: tablet_kiosk"
R00184,P018,Harini Reddy,Warangal,Telangana,2026-01-07,7.9,81.4,7.5,2.7,No,"Indian home-care observation | Harini Reddy | Warangal, Telangana | Source: wearable_sync"
R00185,P008,Lakshmi Rao,Vijayawada,Andhra Pradesh,2026-01-02,6.2,78.3,7.3,2.4,No,"Indian home-care observation | Lakshmi Rao | Vijayawada, Andhra Pradesh | Source: mobile_app"
R00186,P028,Swathi Rao,Visakhapatnam,Andhra Pradesh,2026-01-06,7.1,86.7,6.3,3.1,No,"Indian home-care observation | Swathi Rao | Visakhapatnam, Andhra Pradesh | Source: mobile_app"
R00187,P023,Mohan Raj,Salem,Tamil Nadu,2026-01-05,,91.9,5.7,3.1,No,"Indian home-care observation | Mohan Raj | Salem, Tamil Nadu | Source: mobile_app"
R00188,P033,Ganesh Iyer,Chennai,Tamil Nadu,2026-01-07,8.1,82.1,7.3,3.3,Yes,"Indian home-care observation | Ganesh Iyer | Chennai, Tamil Nadu | Source: mobile_app"
R00189,P036,Sowmya N,Hyderabad,Telangana,2026-01-06,8.2,86.8,7.5,1.3,No,"Indian home-care observation | Sowmya N | Hyderabad, Telangana | Source: wearable_sync"
R00190,P035,Prakash Patil,Nashik,Maharashtra,2026-01-05,,70.2,8.3,2.1,No,"Indian home-care observation | Prakash Patil | Nashik, Maharashtra | Source: tablet_kiosk"
R00191,P010,Divya Patel,Ahmedabad,Gujarat,2026-01-06,6.1,60.2,7.2,2.7,No,"Indian home-care observation | Divya Patel | Ahmedabad, Gujarat | Source: wearable_sync"
R00192,P012,Kavya Menon,Thiruvananthapuram,Kerala,2026-01-03,6.6,93.5,8.4,2.9,No,"Indian home-care observation | Kavya Menon | Thiruvananthapuram, Kerala | Source: tablet_kiosk"
R00193,P021,Ajay Menon,Kozhikode,Kerala,2026-01-09,6.9,84.2,6.3,4.9,No,"Indian home-care observation | Ajay Menon | Kozhikode, Kerala | Source: nan"
R00194,P021,Ajay Menon,Kozhikode,Kerala,2026-01-10,7.4,83.2,6.9,2.9,No,"Indian home-care observation | Ajay Menon | Kozhikode, Kerala | Source: mobile_app"
R00195,P006,Meena Krishnan,Coimbatore,Tamil Nadu,2026-01-07,6.2,99.5,8.2,2.8,No,"Indian home-care observation | Meena Krishnan | Coimbatore, Tamil Nadu | Source: tablet_kiosk"
R00196,P022,Shreya Das,Bhubaneswar,Odisha,2026-01-05,8.7,78.1,4.2,3.2,No,"Indian home-care observation | Shreya Das | Bhubaneswar, Odisha | Source: wearable_sync"
R00197,P013,Manoj Gupta,Lucknow,Uttar Pradesh,2026-01-06,8.3,90.6,6.7,2.4,No,"Indian home-care observation | Manoj Gupta | Lucknow, Uttar Pradesh | Source: mobile_app"
R00198,P017,Naveen Kumar,Mysuru,Karnataka,2026-01-09,7.7,86.0,7.0,2.9,No,"Indian home-care observation | Naveen Kumar | Mysuru, Karnataka | Source: tablet_kiosk"
R00199,P004,Ananya Iyer,Bengaluru,Karnataka,2026-01-09,7.3,71.6,6.1,1.9,No,"Indian home-care observation | Ananya Iyer | Bengaluru, Karnataka | Source: wearable_sync"
R00200,P032,Bhavana R,Bengaluru,Karnataka,2026-01-07,8.6,95.6,9.1,2.8,No,"Indian home-care observation | Bhavana R | Bengaluru, Karnataka | Source: mobile_app"
R00201,P001,Arjun Mehta,Chennai,Tamil Nadu,2026-01-03,7.7,86.5,9.3,0.9,No,"Indian home-care observation | Arjun Mehta | Chennai, Tamil Nadu | Source: wearable_sync"
R00202,P026,Keerthana S,Tiruchirappalli,Tamil Nadu,2026-01-03,6.9,80.6,5.3,2.2,No,"Indian home-care observation | Keerthana S | Tiruchirappalli, Tamil Nadu | Source: tablet_kiosk"
R00203,P035,Prakash Patil,Nashik,Maharashtra,2026-01-06,6.5,67.5,6.0,0.2,No,"Indian home-care observation | Prakash Patil | Nashik, Maharashtra | Source: mobile_app"
R00204,P028,Swathi Rao,Visakhapatnam,Andhra Pradesh,2026-01-07,6.9,84.2,7.3,2.4,No,"Indian home-care observation | Swathi Rao | Visakhapatnam, Andhra Pradesh | Source: phone_checkin"
R00205,P015,Suresh Babu,Madurai,Tamil Nadu,2026-01-06,9.7,72.7,,1.7,No,"Indian home-care observation | Suresh Babu | Madurai, Tamil Nadu | Source: wearable_sync"
R00206,P006,Meena Krishnan,Coimbatore,Tamil Nadu,2026-01-08,6.5,91.5,6.6,2.3,No,"Indian home-care observation | Meena Krishnan | Coimbatore, Tamil Nadu | Source: wearable_sync"
R00207,P020,Pooja Shah,Surat,Gujarat,2026-01-09,6.7,79.6,4.8,2.0,No,"Indian home-care observation | Pooja Shah | Surat, Gujarat | Source: tablet_kiosk"
R00208,P003,Rahul Sharma,Delhi,Delhi,2026-01-03,8.0,76.0,8.1,1.8,No,"Indian home-care observation | Rahul Sharma | Delhi, Delhi | Source: phone_checkin"
R00209,P004,Ananya Iyer,Bengaluru,Karnataka,2026-01-10,7.1,60.6,6.3,0.0,No,"Indian home-care observation | Ananya Iyer | Bengaluru, Karnataka | Source: phone_checkin"
R00210,P010,Divya Patel,Ahmedabad,Gujarat,2026-01-07,6.6,60.8,7.3,2.5,No,"Indian home-care observation | Divya Patel | Ahmedabad, Gujarat | Source: wearable_sync"
R00211,P028,Swathi Rao,Visakhapatnam,Andhra Pradesh,2026-01-08,7.6,80.1,7.0,1.2,No,"Indian home-care observation | Swathi Rao | Visakhapatnam, Andhra Pradesh | Source: phone_checkin"
R00212,P023,Mohan Raj,Salem,Tamil Nadu,2026-01-06,5.8,94.5,6.2,2.4,No,"Indian home-care observation | Mohan Raj | Salem, Tamil Nadu | Source: tablet_kiosk"
R00213,P027,Aditya Kulkarni,Nagpur,Maharashtra,2026-01-03,5.7,81.9,8.8,1.0,No,"Indian home-care observation | Aditya Kulkarni | Nagpur, Maharashtra | Source: tablet_kiosk"
R00214,P033,Ganesh Iyer,Chennai,Tamil Nadu,2026-01-08,8.1,75.3,5.5,1.9,No,"Indian home-care observation | Ganesh Iyer | Chennai, Tamil Nadu | Source: mobile_app"
R00215,P007,Karthik Reddy,Hyderabad,Telangana,2026-01-10,8.3,91.2,6.8,1.4,No,"Indian home-care observation | Karthik Reddy | Hyderabad, Telangana | Source: phone_checkin"
R00216,P022,Shreya Das,Bhubaneswar,Odisha,2026-01-06,8.2,74.6,2.8,1.4,No,"Indian home-care observation | Shreya Das | Bhubaneswar, Odisha | Source: tablet_kiosk"
R00217,P030,Nandini Shetty,Mangaluru,Karnataka,2026-01-06,6.2,68.9,2.7,0.4,No,"Indian home-care observation | Nandini Shetty | Mangaluru, Karnataka | Source: mobile_app"
R00218,P040,Deepa Thomas,Thrissur,Kerala,2026-01-04,4.1,74.9,4.5,0.6,No,"Indian home-care observation | Deepa Thomas | Thrissur, Kerala | Source: phone_checkin"
R00219,P027,Aditya Kulkarni,Nagpur,Maharashtra,2026-01-04,6.7,82.8,8.9,0.5,No,"Indian home-care observation | Aditya Kulkarni | Nagpur, Maharashtra | Source: phone_checkin"
R00220,P029,Gopal Krishnan,Madurai,Tamil Nadu,2026-01-05,7.2,88.3,7.6,2.7,No,"Indian home-care observation | Gopal Krishnan | Madurai, Tamil Nadu | Source: tablet_kiosk"
R00221,P031,Ashok Yadav,Kanpur,Uttar Pradesh,2026-01-03,,52.9,,0.0,No,"Indian home-care observation | Ashok Yadav | Kanpur, Uttar Pradesh | Source: phone_checkin"
R00222,P020,Pooja Shah,Surat,Gujarat,2026-01-10,6.7,82.4,5.0,2.3,No,"Indian home-care observation | Pooja Shah | Surat, Gujarat | Source: mobile_app"
R00223,P002,Priya Nair,Kochi,Kerala,2026-01-09,7.2,86.2,5.5,1.2,No,"Indian home-care observation | Priya Nair | Kochi, Kerala | Source: WEARABLE_SYNC"
R00224,P029,Gopal Krishnan,Madurai,Tamil Nadu,2026-01-06,6.7,82.5,7.9,3.4,No,"Indian home-care observation | Gopal Krishnan | Madurai, Tamil Nadu | Source: wearable_sync"
R00225,P006,Meena Krishnan,Coimbatore,Tamil Nadu,2026-01-09,5.9,80.5,7.2,3.1,No,"Indian home-care observation | Meena Krishnan | Coimbatore, Tamil Nadu | Source: tablet_kiosk"
R00226,P007,Karthik Reddy,Hyderabad,Telangana,2026-01-11,7.9,,6.2,3.3,No,"Indian home-care observation | Karthik Reddy | Hyderabad, Telangana | Source: phone_checkin"
R00227,P006,Meena Krishnan,Coimbatore,Tamil Nadu,2026-01-10,6.2,87.7,6.4,2.2,No,"Indian home-care observation | Meena Krishnan | Coimbatore, Tamil Nadu | Source: tablet_kiosk"
R00228,P040,Deepa Thomas,Thrissur,Kerala,2026-01-05,3.8,,3.8,0.5,No,"Indian home-care observation | Deepa Thomas | Thrissur, Kerala | Source: phone_checkin"
R00229,P033,Ganesh Iyer,Chennai,Tamil Nadu,2026-01-09,8.0,,6.2,2.7,No,"Indian home-care observation | Ganesh Iyer | Chennai, Tamil Nadu | Source: mobile_app"
R00230,P026,Keerthana S,Tiruchirappalli,Tamil Nadu,2026-01-04,6.8,81.6,6.4,2.7,No,"Indian home-care observation | Keerthana S | Tiruchirappalli, Tamil Nadu | Source: tablet_kiosk"
R00231,P007,Karthik Reddy,Hyderabad,Telangana,2026-01-12,7.6,77.1,7.6,0.1,No,"Indian home-care observation | Karthik Reddy | Hyderabad, Telangana | Source: tablet_kiosk"
R00232,P011,Rohan Das,Kolkata,West Bengal,2026-01-09,6.5,76.5,5.5,2.0,No,"Indian home-care observation | Rohan Das | Kolkata, West Bengal | Source: wearable_sync"
R00233,P033,Ganesh Iyer,Chennai,Tamil Nadu,2026-01-10,8.1,80.5,7.3,1.9,No,"Indian home-care observation | Ganesh Iyer | Chennai, Tamil Nadu | Source: wearable_sync"
R00234,P033,Ganesh Iyer,Chennai,Tamil Nadu,2026-01-11,7.9,,7.0,1.6,No,"Indian home-care observation | Ganesh Iyer | Chennai, Tamil Nadu | Source: mobile_app"
R00235,P034,Madhuri Naik,Panaji,Goa,2026-01-03,8.2,,5.3,3.2,No,"Indian home-care observation | Madhuri Naik | Panaji, Goa | Source: mobile_app"
R00236,P035,Prakash Patil,Nashik,Maharashtra,2026-01-07,6.5,71.2,6.3,,No,"Indian home-care observation | Prakash Patil | Nashik, Maharashtra | Source: tablet_kiosk"
R00237,P016,Aishwarya Pillai,Kollam,Kerala,2026-01-05,7.7,88.4,8.6,,No,"Indian home-care observation | Aishwarya Pillai | Kollam, Kerala | Source: mobile_app"
R00238,P039,Imran Khan,Bhopal,Madhya Pradesh,2026-01-03,7.9,82.1,7.8,4.0,No,"Indian home-care observation | Imran Khan | Bhopal, Madhya Pradesh | Source: phone_checkin"
R00239,P023,Mohan Raj,Salem,Tamil Nadu,2026-01-07,8.0,97.7,8.0,3.4,No,"Indian home-care observation | Mohan Raj | Salem, Tamil Nadu | Source: wearable_sync"
R00240,P026,Keerthana S,Tiruchirappalli,Tamil Nadu,2026-01-05,6.9,81.8,5.8,0.6,No,"Indian home-care observation | Keerthana S | Tiruchirappalli, Tamil Nadu | Source: tablet_kiosk"
R00241,P018,Harini Reddy,Warangal,Telangana,2026-01-08,8.2,76.0,7.3,,No,"Indian home-care observation | Harini Reddy | Warangal, Telangana | Source: phone_checkin"
R00242,P035,Prakash Patil,Nashik,Maharashtra,2026-01-08,,71.7,7.6,2.1,No,"Indian home-care observation | Prakash Patil | Nashik, Maharashtra | Source: mobile_app"
R00243,P019,Deepak Verma,Chandigarh,Chandigarh,2026-01-06,9.2,62.9,7.2,2.0,No,"Indian home-care observation | Deepak Verma | Chandigarh, Chandigarh | Source: phone_checkin"
R00244,P010,Divya Patel,Ahmedabad,Gujarat,2026-01-08,7.7,71.0,7.4,1.9,No,"Indian home-care observation | Divya Patel | Ahmedabad, Gujarat | Source: mobile_app"
R00245,P027,Aditya Kulkarni,Nagpur,Maharashtra,2026-01-05,6.6,69.2,8.2,2.1,No,"Indian home-care observation | Aditya Kulkarni | Nagpur, Maharashtra | Source: mobile_app"
R00246,P021,Ajay Menon,Kozhikode,Kerala,2026-01-11,6.1,94.4,6.3,1.9,No,"Indian home-care observation | Ajay Menon | Kozhikode, Kerala | Source: mobile_app"
R00247,P019,Deepak Verma,Chandigarh,Chandigarh,2026-01-07,9.8,86.0,7.6,1.4,No,"Indian home-care observation | Deepak Verma | Chandigarh, Chandigarh | Source: tablet_kiosk"
R00248,P015,Suresh Babu,Madurai,Tamil Nadu,2026-01-07,10.0,75.7,7.1,2.1,No,"Indian home-care observation | Suresh Babu | Madurai, Tamil Nadu | Source: wearable_sync"
R00249,P019,Deepak Verma,Chandigarh,Chandigarh,2026-01-08,9.3,87.5,6.9,2.9,No,"Indian home-care observation | Deepak Verma | Chandigarh, Chandigarh | Source: mobile_app"
R00250,P029,Gopal Krishnan,Madurai,Tamil Nadu,2026-01-07,6.6,88.7,,3.1,Yes,"Indian home-care observation | Gopal Krishnan | Madurai, Tamil Nadu | Source: phone_checkin"
R00251,P027,Aditya Kulkarni,Nagpur,Maharashtra,2026-01-06,6.2,75.9,7.2,2.6,No,"Indian home-care observation | Aditya Kulkarni | Nagpur, Maharashtra | Source: phone_checkin"
R00252,P004,Ananya Iyer,Bengaluru,Karnataka,2026-01-11,7.1,71.8,,1.7,No,"Indian home-care observation | Ananya Iyer | Bengaluru, Karnataka | Source: wearable_sync"
R00253,P024,Neha Kapoor,New Delhi,Delhi,2026-01-07,7.8,95.1,,3.9,No,"Indian home-care observation | Neha Kapoor | New Delhi, Delhi | Source: wearable_sync"
R00254,P032,Bhavana R,Bengaluru,Karnataka,2026-01-08,7.2,89.0,,2.4,No,"Indian home-care observation | Bhavana R | Bengaluru, Karnataka | Source: phone_checkin"
R00255,P006,Meena Krishnan,Coimbatore,Tamil Nadu,2026-01-11,6.9,78.4,6.4,3.7,No,"Indian home-care observation | Meena Krishnan | Coimbatore, Tamil Nadu | Source: mobile_app"
R00256,P016,Aishwarya Pillai,Kollam,Kerala,2026-01-06,,90.7,8.6,2.4,Yes,"Indian home-care observation | Aishwarya Pillai | Kollam, Kerala | Source: tablet_kiosk"
R00257,P015,Suresh Babu,Madurai,Tamil Nadu,2026-01-08,9.9,66.9,6.5,1.2,No,"Indian home-care observation | Suresh Babu | Madurai, Tamil Nadu | Source: phone_checkin"
R00258,P036,Sowmya N,Hyderabad,Telangana,2026-01-07,7.5,81.7,7.4,2.9,No,"Indian home-care observation | Sowmya N | Hyderabad, Telangana | Source: tablet_kiosk"
R00259,P006,Meena Krishnan,Coimbatore,Tamil Nadu,2026-01-12,5.4,90.8,6.2,3.6,No,"Indian home-care observation | Meena Krishnan | Coimbatore, Tamil Nadu | Source: mobile_app"
R00260,P013,Manoj Gupta,Lucknow,Uttar Pradesh,2026-01-07,7.8,79.3,6.5,2.1,No,"Indian home-care observation | Manoj Gupta | Lucknow, Uttar Pradesh | Source: mobile_app"
R00261,P039,Imran Khan,Bhopal,Madhya Pradesh,2026-01-04,8.0,79.2,7.6,2.4,No,"Indian home-care observation | Imran Khan | Bhopal, Madhya Pradesh | Source: phone_checkin"
R00262,P002,Priya Nair,Kochi,Kerala,2026-01-10,,75.7,6.0,2.1,No,"Indian home-care observation | Priya Nair | Kochi, Kerala | Source: mobile_app"
R00263,P037,Ramesh Chandran,Puducherry,Puducherry,2026-01-09,6.7,81.6,7.0,2.3,No,"Indian home-care observation | Ramesh Chandran | Puducherry, Puducherry | Source: phone_checkin"
R00264,P017,Naveen Kumar,Mysuru,Karnataka,2026-01-10,9.0,79.5,7.1,3.3,No,"Indian home-care observation | Naveen Kumar | Mysuru, Karnataka | Source: phone_checkin"
R00265,P034,Madhuri Naik,Panaji,Goa,2026-01-04,7.8,84.1,5.1,1.2,No,"Indian home-care observation | Madhuri Naik | Panaji, Goa | Source: phone_checkin"
R00266,P026,Keerthana S,Tiruchirappalli,Tamil Nadu,2026-01-06,6.9,85.6,6.5,2.2,No,"Indian home-care observation | Keerthana S | Tiruchirappalli, Tamil Nadu | Source: tablet_kiosk"
R00267,P021,Ajay Menon,Kozhikode,Kerala,2026-01-12,6.3,88.7,,3.5,No,"Indian home-care observation | Ajay Menon | Kozhikode, Kerala | Source: wearable_sync"
R00268,P032,Bhavana R,Bengaluru,Karnataka,2026-01-09,8.4,92.8,8.5,4.2,No,"Indian home-care observation | Bhavana R | Bengaluru, Karnataka | Source: tablet_kiosk"
R00269,P009,Sanjay Kumar,Jaipur,Rajasthan,2026-01-05,7.1,75.8,,3.4,No,"Indian home-care observation | Sanjay Kumar | Jaipur, Rajasthan | Source: wearable_sync"
R00270,P028,Swathi Rao,Visakhapatnam,Andhra Pradesh,2026-01-09,7.8,82.5,7.0,2.2,No,"Indian home-care observation | Swathi Rao | Visakhapatnam, Andhra Pradesh | Source: phone_checkin"
R00271,P014,Sneha Joshi,Pune,Maharashtra,2026-01-02,7.8,,6.3,1.9,No,"Indian home-care observation | Sneha Joshi | Pune, Maharashtra | Source: mobile_app"
R00272,P023,Mohan Raj,Salem,Tamil Nadu,2026-01-08,7.3,95.5,7.1,4.2,No,"Indian home-care observation | Mohan Raj | Salem, Tamil Nadu | Source: mobile_app"
R00273,P028,Swathi Rao,Visakhapatnam,Andhra Pradesh,2026-01-10,7.0,,6.3,,No,"Indian home-care observation | Swathi Rao | Visakhapatnam, Andhra Pradesh | Source: phone_checkin"
R00274,P024,Neha Kapoor,New Delhi,Delhi,2026-01-08,6.5,88.9,,2.6,No,"Indian home-care observation | Neha Kapoor | New Delhi, Delhi | Source: mobile_app"
R00275,P036,Sowmya N,Hyderabad,Telangana,2026-01-08,8.4,85.8,7.9,1.5,No,"Indian home-care observation | Sowmya N | Hyderabad, Telangana | Source: mobile_app"
R00276,P002,Priya Nair,Kochi,Kerala,2026-01-11,7.6,77.0,5.6,2.1,No,"Indian home-care observation | Priya Nair | Kochi, Kerala | Source: tablet_kiosk"
R00277,P027,Aditya Kulkarni,Nagpur,Maharashtra,2026-01-07,6.3,78.8,9.0,1.9,No,"Indian home-care observation | Aditya Kulkarni | Nagpur, Maharashtra | Source: TABLET_KIOSK"
R00278,P037,Ramesh Chandran,Puducherry,Puducherry,2026-01-10,6.8,86.8,7.6,2.2,No,"Indian home-care observation | Ramesh Chandran | Puducherry, Puducherry | Source: mobile_app"
R00279,P017,Naveen Kumar,Mysuru,Karnataka,2026-01-11,8.2,81.8,7.0,1.1,No,"Indian home-care observation | Naveen Kumar | Mysuru, Karnataka | Source: mobile_app"
R00280,P027,Aditya Kulkarni,Nagpur,Maharashtra,2026-01-08,5.8,73.0,8.7,2.1,No,"Indian home-care observation | Aditya Kulkarni | Nagpur, Maharashtra | Source: wearable_sync"
R00281,P018,Harini Reddy,Warangal,Telangana,2026-01-09,7.9,82.3,7.9,2.1,No,"Indian home-care observation | Harini Reddy | Warangal, Telangana | Source: tablet_kiosk"
R00282,P038,Janani Murugan,Erode,Tamil Nadu,2026-01-02,6.9,68.1,6.1,2.6,No,"Indian home-care observation | Janani Murugan | Erode, Tamil Nadu | Source: mobile_app"
R00283,P019,Deepak Verma,Chandigarh,Chandigarh,2026-01-09,9.8,73.4,,3.4,No,"Indian home-care observation | Deepak Verma | Chandigarh, Chandigarh | Source: phone_checkin"
R00284,P023,Mohan Raj,Salem,Tamil Nadu,2026-01-09,7.1,100.0,7.3,1.5,No,"Indian home-care observation | Mohan Raj | Salem, Tamil Nadu | Source: tablet_kiosk"
R00285,P014,Sneha Joshi,Pune,Maharashtra,2026-01-03,7.8,88.9,4.6,3.3,No,"Indian home-care observation | Sneha Joshi | Pune, Maharashtra | Source: phone_checkin"
R00286,P008,Lakshmi Rao,Vijayawada,Andhra Pradesh,2026-01-03,7.2,75.3,5.5,2.7,No,"Indian home-care observation | Lakshmi Rao | Vijayawada, Andhra Pradesh | Source: tablet_kiosk"
R00287,P021,Ajay Menon,Kozhikode,Kerala,2026-01-13,6.5,88.2,,4.1,No,"Indian home-care observation | Ajay Menon | Kozhikode, Kerala | Source: phone_checkin"
R00288,P023,Mohan Raj,Salem,Tamil Nadu,2026-01-10,6.2,93.1,6.6,2.6,No,"Indian home-care observation | Mohan Raj | Salem, Tamil Nadu | Source: wearable_sync"
R00289,P013,Manoj Gupta,Lucknow,Uttar Pradesh,2026-01-08,7.4,79.9,6.1,0.6,No,"Indian home-care observation | Manoj Gupta | Lucknow, Uttar Pradesh | Source: mobile_app"
R00290,P012,Kavya Menon,Thiruvananthapuram,Kerala,2026-01-04,7.4,,8.7,2.4,No,"Indian home-care observation | Kavya Menon | Thiruvananthapuram, Kerala | Source: mobile_app"
R00291,P009,Sanjay Kumar,Jaipur,Rajasthan,2026-01-06,7.7,,6.7,2.5,No,"Indian home-care observation | Sanjay Kumar | Jaipur, Rajasthan | Source: mobile_app"
R00292,P039,Imran Khan,Bhopal,Madhya Pradesh,2026-01-05,7.8,77.9,7.5,,No,"Indian home-care observation | Imran Khan | Bhopal, Madhya Pradesh | Source: phone_checkin"
R00293,P015,Suresh Babu,Madurai,Tamil Nadu,2026-01-09,9.7,71.0,6.4,1.2,No,"Indian home-care observation | Suresh Babu | Madurai, Tamil Nadu | Source: wearable_sync"
R00294,P030,Nandini Shetty,Mangaluru,Karnataka,2026-01-07,8.2,76.5,4.1,1.8,No,"Indian home-care observation | Nandini Shetty | Mangaluru, Karnataka | Source: wearable_sync"
R00295,P037,Ramesh Chandran,Puducherry,Puducherry,2026-01-11,,88.7,7.3,3.0,No,"Indian home-care observation | Ramesh Chandran | Puducherry, Puducherry | Source: wearable_sync"
R00296,P024,Neha Kapoor,New Delhi,Delhi,2026-01-09,7.4,83.0,,2.2,No,"Indian home-care observation | Neha Kapoor | New Delhi, Delhi | Source: tablet_kiosk"
R00297,P021,Ajay Menon,Kozhikode,Kerala,2026-01-14,,94.2,,3.3,No,"Indian home-care observation | Ajay Menon | Kozhikode, Kerala | Source: phone_checkin"
R00298,P003,Rahul Sharma,Delhi,Delhi,2026-01-04,8.2,,7.9,1.6,No,"Indian home-care observation | Rahul Sharma | Delhi, Delhi | Source: mobile_app"
R00299,P009,Sanjay Kumar,Jaipur,Rajasthan,2026-01-07,7.7,82.0,7.1,1.4,No,"Indian home-care observation | Sanjay Kumar | Jaipur, Rajasthan | Source: tablet_kiosk"
R00300,P036,Sowmya N,Hyderabad,Telangana,2026-01-09,7.6,86.9,7.7,1.9,No,"Indian home-care observation | Sowmya N | Hyderabad, Telangana | Source: phone_checkin"
R00301,P028,Swathi Rao,Visakhapatnam,Andhra Pradesh,2026-01-11,7.2,83.4,7.0,3.1,No,"Indian home-care observation | Swathi Rao | Visakhapatnam, Andhra Pradesh | Source: phone_checkin"
R00302,P020,Pooja Shah,Surat,Gujarat,2026-01-11,6.2,79.7,5.8,2.3,No,"Indian home-care observation | Pooja Shah | Surat, Gujarat | Source: mobile_app"
R00303,P031,Ashok Yadav,Kanpur,Uttar Pradesh,2026-01-04,6.1,,,0.1,No,"Indian home-care observation | Ashok Yadav | Kanpur, Uttar Pradesh | Source: wearable_sync"
R00304,P037,Ramesh Chandran,Puducherry,Puducherry,2026-01-12,6.9,85.4,7.2,2.3,No,"Indian home-care observation | Ramesh Chandran | Puducherry, Puducherry | Source: wearable_sync"
R00305,P034,Madhuri Naik,Panaji,Goa,2026-01-05,7.6,92.0,5.6,2.6,No,"Indian home-care observation | Madhuri Naik | Panaji, Goa | Source: mobile_app"
R00306,P037,Ramesh Chandran,Puducherry,Puducherry,2026-01-13,7.1,92.9,7.4,2.0,No,"Indian home-care observation | Ramesh Chandran | Puducherry, Puducherry | Source: wearable_sync"
R00307,P038,Janani Murugan,Erode,Tamil Nadu,2026-01-03,,74.7,6.8,1.2,No,"Indian home-care observation | Janani Murugan | Erode, Tamil Nadu | Source: tablet_kiosk"
R00308,P035,Prakash Patil,Nashik,Maharashtra,2026-01-09,6.6,71.7,6.8,1.2,No,"Indian home-care observation | Prakash Patil | Nashik, Maharashtra | Source: tablet_kiosk"
R00309,P009,Sanjay Kumar,Jaipur,Rajasthan,2026-01-08,7.3,72.6,7.0,,No,"Indian home-care observation | Sanjay Kumar | Jaipur, Rajasthan | Source: phone_checkin"
R00310,P026,Keerthana S,Tiruchirappalli,Tamil Nadu,2026-01-07,6.8,87.3,4.9,1.8,No,"Indian home-care observation | Keerthana S | Tiruchirappalli, Tamil Nadu | Source: mobile_app"
R00311,P013,Manoj Gupta,Lucknow,Uttar Pradesh,2026-01-09,7.9,82.2,6.9,3.0,No,"Indian home-care observation | Manoj Gupta | Lucknow, Uttar Pradesh | Source: mobile_app"
R00312,P037,Ramesh Chandran,Puducherry,Puducherry,2026-01-14,7.1,88.7,7.0,3.4,No,"Indian home-care observation | Ramesh Chandran | Puducherry, Puducherry | Source: phone_checkin"
R00313,P008,Lakshmi Rao,Vijayawada,Andhra Pradesh,2026-01-04,7.0,91.9,5.3,1.6,No,"Indian home-care observation | Lakshmi Rao | Vijayawada, Andhra Pradesh | Source: phone_checkin"
R00314,P013,Manoj Gupta,Lucknow,Uttar Pradesh,2026-01-10,7.5,82.8,5.9,0.5,No,"Indian home-care observation | Manoj Gupta | Lucknow, Uttar Pradesh | Source: wearable_sync"
R00315,P037,Ramesh Chandran,Puducherry,Puducherry,2026-01-15,6.7,94.9,7.9,3.2,No,"Indian home-care observation | Ramesh Chandran | Puducherry, Puducherry | Source: mobile_app"
R00316,P023,Mohan Raj,Salem,Tamil Nadu,2026-01-11,6.0,100.0,6.7,1.6,No,"Indian home-care observation | Mohan Raj | Salem, Tamil Nadu | Source: wearable_sync"
R00317,P025,Ravi Prasad,Patna,Bihar,2026-01-04,8.3,81.2,10.0,4.3,No,"Indian home-care observation | Ravi Prasad | Patna, Bihar | Source: tablet_kiosk"
R00318,P014,Sneha Joshi,Pune,Maharashtra,2026-01-04,8.8,64.2,4.9,3.8,No,"Indian home-care observation | Sneha Joshi | Pune, Maharashtra | Source: tablet_kiosk"
R00319,P028,Swathi Rao,Visakhapatnam,Andhra Pradesh,2026-01-12,7.9,81.8,7.1,3.7,No,"Indian home-care observation | Swathi Rao | Visakhapatnam, Andhra Pradesh | Source: phone_checkin"
R00320,P035,Prakash Patil,Nashik,Maharashtra,2026-01-10,6.6,66.0,7.1,2.2,No,"Indian home-care observation | Prakash Patil | Nashik, Maharashtra | Source: tablet_kiosk"
R00321,P033,Ganesh Iyer,Chennai,Tamil Nadu,2026-01-12,7.8,81.2,6.5,2.3,No,"Indian home-care observation | Ganesh Iyer | Chennai, Tamil Nadu | Source: mobile_app"
R00322,P037,Ramesh Chandran,Puducherry,Puducherry,2026-01-16,6.7,97.9,,3.3,No,"Indian home-care observation | Ramesh Chandran | Puducherry, Puducherry | Source: wearable_sync"
R00323,P007,Karthik Reddy,Hyderabad,Telangana,2026-01-13,9.1,87.9,6.0,1.8,No,"Indian home-care observation | Karthik Reddy | Hyderabad, Telangana | Source: phone_checkin"
R00324,P035,Prakash Patil,Nashik,Maharashtra,2026-01-11,6.8,72.3,7.2,3.4,No,"Indian home-care observation | Prakash Patil | Nashik, Maharashtra | Source: mobile_app"
R00325,P015,Suresh Babu,Madurai,Tamil Nadu,2026-01-10,9.4,70.6,6.8,2.2,No,"Indian home-care observation | Suresh Babu | Madurai, Tamil Nadu | Source: tablet_kiosk"
R00326,P023,Mohan Raj,Salem,Tamil Nadu,2026-01-12,5.8,94.8,6.6,2.9,No,"Indian home-care observation | Mohan Raj | Salem, Tamil Nadu | Source: phone_checkin"
R00327,P006,Meena Krishnan,Coimbatore,Tamil Nadu,2026-01-13,7.0,85.8,6.0,1.2,No,"Indian home-care observation | Meena Krishnan | Coimbatore, Tamil Nadu | Source: wearable_sync"
R00328,P026,Keerthana S,Tiruchirappalli,Tamil Nadu,2026-01-08,6.9,85.8,6.2,2.1,No,"Indian home-care observation | Keerthana S | Tiruchirappalli, Tamil Nadu | Source: tablet_kiosk"
R00329,P023,Mohan Raj,Salem,Tamil Nadu,2026-01-13,6.9,,,4.5,No,"Indian home-care observation | Mohan Raj | Salem, Tamil Nadu | Source: tablet_kiosk"
R00330,P004,Ananya Iyer,Bengaluru,Karnataka,2026-01-12,6.4,55.6,5.5,0.9,No,"Indian home-care observation | Ananya Iyer | Bengaluru, Karnataka | Source: wearable_sync"
R00331,P002,Priya Nair,Kochi,Kerala,2026-01-12,7.3,76.8,5.9,2.9,No,"Indian home-care observation | Priya Nair | Kochi, Kerala | Source: phone_checkin"
R00332,P018,Harini Reddy,Warangal,Telangana,2026-01-10,7.1,74.0,,2.4,No,"Indian home-care observation | Harini Reddy | Warangal, Telangana | Source: tablet_kiosk"
R00333,P027,Aditya Kulkarni,Nagpur,Maharashtra,2026-01-09,6.4,75.5,8.9,1.5,No,"Indian home-care observation | Aditya Kulkarni | Nagpur, Maharashtra | Source: mobile_app"
R00334,P028,Swathi Rao,Visakhapatnam,Andhra Pradesh,2026-01-13,7.3,81.0,7.2,2.5,No,"Indian home-care observation | Swathi Rao | Visakhapatnam, Andhra Pradesh | Source: mobile_app"
R00335,P027,Aditya Kulkarni,Nagpur,Maharashtra,2026-01-10,6.6,73.5,8.2,2.3,No,"Indian home-care observation | Aditya Kulkarni | Nagpur, Maharashtra | Source: tablet_kiosk"
R00336,P015,Suresh Babu,Madurai,Tamil Nadu,2026-01-11,9.5,76.8,7.2,2.4,No,"Indian home-care observation | Suresh Babu | Madurai, Tamil Nadu | Source: phone_checkin"
R00337,P014,Sneha Joshi,Pune,Maharashtra,2026-01-05,7.6,74.5,5.1,3.2,No,"Indian home-care observation | Sneha Joshi | Pune, Maharashtra | Source: tablet_kiosk"
R00338,P025,Ravi Prasad,Patna,Bihar,2026-01-05,7.5,74.6,8.9,1.6,No,"Indian home-care observation | Ravi Prasad | Patna, Bihar | Source: mobile_app"
R00339,P014,Sneha Joshi,Pune,Maharashtra,2026-01-06,8.2,69.2,,2.7,No,"Indian home-care observation | Sneha Joshi | Pune, Maharashtra | Source: tablet_kiosk"
R00340,P036,Sowmya N,Hyderabad,Telangana,2026-01-10,7.3,80.3,8.1,2.2,No,"Indian home-care observation | Sowmya N | Hyderabad, Telangana | Source: wearable_sync"
R00341,P026,Keerthana S,Tiruchirappalli,Tamil Nadu,2026-01-09,6.8,82.9,5.1,1.7,No,"Indian home-care observation | Keerthana S | Tiruchirappalli, Tamil Nadu | Source: phone_checkin"
R00342,P030,Nandini Shetty,Mangaluru,Karnataka,2026-01-08,6.7,69.0,3.6,0.8,No,"Indian home-care observation | Nandini Shetty | Mangaluru, Karnataka | Source: nan"
R00343,P014,Sneha Joshi,Pune,Maharashtra,2026-01-07,9.1,78.0,,2.7,No,"Indian home-care observation | Sneha Joshi | Pune, Maharashtra | Source: phone_checkin"
R00344,P006,Meena Krishnan,Coimbatore,Tamil Nadu,2026-01-14,6.4,93.4,7.2,3.4,No,"Indian home-care observation | Meena Krishnan | Coimbatore, Tamil Nadu | Source: wearable_sync"
R00345,P018,Harini Reddy,Warangal,Telangana,2026-01-11,7.9,79.8,7.3,2.2,No,"Indian home-care observation | Harini Reddy | Warangal, Telangana | Source: wearable_sync"
R00346,P033,Ganesh Iyer,Chennai,Tamil Nadu,2026-01-13,7.2,86.6,7.6,3.4,No,"Indian home-care observation | Ganesh Iyer | Chennai, Tamil Nadu | Source: nan"
R00347,P023,Mohan Raj,Salem,Tamil Nadu,2026-01-14,6.5,98.4,6.7,,No,"Indian home-care observation | Mohan Raj | Salem, Tamil Nadu | Source: tablet_kiosk"
R00348,P022,Shreya Das,Bhubaneswar,Odisha,2026-01-07,8.3,73.1,2.9,2.5,No,"Indian home-care observation | Shreya Das | Bhubaneswar, Odisha | Source: mobile_app"
R00349,P039,Imran Khan,Bhopal,Madhya Pradesh,2026-01-06,8.6,79.7,7.5,3.6,No,"Indian home-care observation | Imran Khan | Bhopal, Madhya Pradesh | Source: wearable_sync"
R00350,P024,Neha Kapoor,New Delhi,Delhi,2026-01-10,6.1,81.2,8.8,2.4,No,"Indian home-care observation | Neha Kapoor | New Delhi, Delhi | Source: wearable_sync"
R00351,P031,Ashok Yadav,Kanpur,Uttar Pradesh,2026-01-05,6.9,53.2,6.2,1.6,No,"Indian home-care observation | Ashok Yadav | Kanpur, Uttar Pradesh | Source: mobile_app"
R00352,P038,Janani Murugan,Erode,Tamil Nadu,2026-01-04,7.3,75.9,6.4,1.3,No,"Indian home-care observation | Janani Murugan | Erode, Tamil Nadu | Source: tablet_kiosk"
R00353,P031,Ashok Yadav,Kanpur,Uttar Pradesh,2026-01-06,7.8,68.1,7.5,1.6,No,"Indian home-care observation | Ashok Yadav | Kanpur, Uttar Pradesh | Source: phone_checkin"
R00354,P024,Neha Kapoor,New Delhi,Delhi,2026-01-11,6.9,85.9,8.1,1.3,No,"Indian home-care observation | Neha Kapoor | New Delhi, Delhi | Source: tablet_kiosk"
R00355,P010,Divya Patel,Ahmedabad,Gujarat,2026-01-09,6.2,,7.0,2.7,No,"Indian home-care observation | Divya Patel | Ahmedabad, Gujarat | Source: mobile_app"
R00356,P033,Ganesh Iyer,Chennai,Tamil Nadu,2026-01-14,8.1,81.3,6.4,2.9,No,"Indian home-care observation | Ganesh Iyer | Chennai, Tamil Nadu | Source: phone_checkin"
R00357,P034,Madhuri Naik,Panaji,Goa,2026-01-06,8.0,,,1.8,No,"Indian home-care observation | Madhuri Naik | Panaji, Goa | Source: phone_checkin"
R00358,P011,Rohan Das,Kolkata,West Bengal,2026-01-10,6.3,76.7,6.3,2.8,Yes,"Indian home-care observation | Rohan Das | Kolkata, West Bengal | Source: wearable_sync"
R00359,P018,Harini Reddy,Warangal,Telangana,2026-01-12,7.2,78.1,6.9,3.2,No,"Indian home-care observation | Harini Reddy | Warangal, Telangana | Source: tablet_kiosk"
R00360,P015,Suresh Babu,Madurai,Tamil Nadu,2026-01-12,9.1,74.0,6.7,2.9,No,"Indian home-care observation | Suresh Babu | Madurai, Tamil Nadu | Source: phone_checkin"
R00361,P027,Aditya Kulkarni,Nagpur,Maharashtra,2026-01-11,6.5,84.8,9.3,2.3,No,"Indian home-care observation | Aditya Kulkarni | Nagpur, Maharashtra | Source: mobile_app"
R00362,P012,Kavya Menon,Thiruvananthapuram,Kerala,2026-01-05,6.4,91.3,8.1,2.3,Yes,"Indian home-care observation | Kavya Menon | Thiruvananthapuram, Kerala | Source: wearable_sync"
R00363,P029,Gopal Krishnan,Madurai,Tamil Nadu,2026-01-08,6.6,82.7,,1.2,No,"Indian home-care observation | Gopal Krishnan | Madurai, Tamil Nadu | Source: tablet_kiosk"
R00364,P027,Aditya Kulkarni,Nagpur,Maharashtra,2026-01-12,6.5,83.2,8.9,3.6,No,"Indian home-care observation | Aditya Kulkarni | Nagpur, Maharashtra | Source: wearable_sync"
R00365,P028,Swathi Rao,Visakhapatnam,Andhra Pradesh,2026-01-14,7.1,86.6,6.8,2.5,Yes,"Indian home-care observation | Swathi Rao | Visakhapatnam, Andhra Pradesh | Source: mobile_app"
R00366,P021,Ajay Menon,Kozhikode,Kerala,2026-01-15,6.8,,,0.3,No,"Indian home-care observation | Ajay Menon | Kozhikode, Kerala | Source: phone_checkin"
R00367,P011,Rohan Das,Kolkata,West Bengal,2026-01-11,,69.3,6.0,2.0,No,"Indian home-care observation | Rohan Das | Kolkata, West Bengal | Source: tablet_kiosk"
R00368,P033,Ganesh Iyer,Chennai,Tamil Nadu,2026-01-15,8.1,,,2.5,No,"Indian home-care observation | Ganesh Iyer | Chennai, Tamil Nadu | Source: wearable_sync"
R00369,P030,Nandini Shetty,Mangaluru,Karnataka,2026-01-09,7.9,73.8,4.3,0.5,No,"Indian home-care observation | Nandini Shetty | Mangaluru, Karnataka | Source: wearable_sync"
R00370,P002,Priya Nair,Kochi,Kerala,2026-01-13,8.5,85.5,6.4,1.7,No,"Indian home-care observation | Priya Nair | Kochi, Kerala | Source: wearable_sync"
R00371,P010,Divya Patel,Ahmedabad,Gujarat,2026-01-10,6.0,69.0,5.9,2.8,No,"Indian home-care observation | Divya Patel | Ahmedabad, Gujarat | Source: phone_checkin"
R00372,P025,Ravi Prasad,Patna,Bihar,2026-01-06,6.7,64.4,9.9,4.5,No,"Indian home-care observation | Ravi Prasad | Patna, Bihar | Source: wearable_sync"
R00373,P029,Gopal Krishnan,Madurai,Tamil Nadu,2026-01-09,7.3,84.3,7.1,,No,"Indian home-care observation | Gopal Krishnan | Madurai, Tamil Nadu | Source: phone_checkin"
R00374,P008,Lakshmi Rao,Vijayawada,Andhra Pradesh,2026-01-05,7.4,82.6,6.2,5.4,No,"Indian home-care observation | Lakshmi Rao | Vijayawada, Andhra Pradesh | Source: mobile_app"
R00375,P006,Meena Krishnan,Coimbatore,Tamil Nadu,2026-01-15,6.6,89.9,6.3,3.9,No,"Indian home-care observation | Meena Krishnan | Coimbatore, Tamil Nadu | Source: tablet_kiosk"
R00376,P003,Rahul Sharma,Delhi,Delhi,2026-01-05,8.5,75.6,6.1,4.4,No,"Indian home-care observation | Rahul Sharma | Delhi, Delhi | Source: phone_checkin"
R00377,P027,Aditya Kulkarni,Nagpur,Maharashtra,2026-01-13,6.7,83.9,9.3,2.2,No,"Indian home-care observation | Aditya Kulkarni | Nagpur, Maharashtra | Source: tablet_kiosk"
R00378,P010,Divya Patel,Ahmedabad,Gujarat,2026-01-11,5.5,57.5,,2.3,No,"Indian home-care observation | Divya Patel | Ahmedabad, Gujarat | Source: phone_checkin"
R00379,P007,Karthik Reddy,Hyderabad,Telangana,2026-01-14,7.5,73.1,,1.9,No,"Indian home-care observation | Karthik Reddy | Hyderabad, Telangana | Source: wearable_sync"
R00380,P016,Aishwarya Pillai,Kollam,Kerala,2026-01-07,7.7,92.0,8.8,1.8,No,"Indian home-care observation | Aishwarya Pillai | Kollam, Kerala | Source: wearable_sync"
R00381,P038,Janani Murugan,Erode,Tamil Nadu,2026-01-05,7.2,64.6,6.4,2.9,No,"Indian home-care observation | Janani Murugan | Erode, Tamil Nadu | Source: tablet_kiosk"
R00382,P030,Nandini Shetty,Mangaluru,Karnataka,2026-01-10,6.5,68.7,4.2,1.5,No,"Indian home-care observation | Nandini Shetty | Mangaluru, Karnataka | Source: wearable_sync"
R00383,P025,Ravi Prasad,Patna,Bihar,2026-01-07,6.9,91.7,,0.2,No,"Indian home-care observation | Ravi Prasad | Patna, Bihar | Source: phone_checkin"
R00384,P005,Vikram Singh,Mumbai,Maharashtra,2026-01-05,9.3,,7.5,2.4,No,"Indian home-care observation | Vikram Singh | Mumbai, Maharashtra | Source: tablet_kiosk"
R00385,P010,Divya Patel,Ahmedabad,Gujarat,2026-01-12,6.2,60.7,7.6,0.6,No,"Indian home-care observation | Divya Patel | Ahmedabad, Gujarat | Source: wearable_sync"
R00386,P011,Rohan Das,Kolkata,West Bengal,2026-01-12,,76.4,6.7,2.6,No,"Indian home-care observation | Rohan Das | Kolkata, West Bengal | Source: mobile_app"
R00387,P027,Aditya Kulkarni,Nagpur,Maharashtra,2026-01-14,5.4,73.3,8.4,0.6,Yes,"Indian home-care observation | Aditya Kulkarni | Nagpur, Maharashtra | Source: tablet_kiosk"
R00388,P038,Janani Murugan,Erode,Tamil Nadu,2026-01-06,6.7,71.4,7.2,3.1,No,"Indian home-care observation | Janani Murugan | Erode, Tamil Nadu | Source: phone_checkin"
R00389,P006,Meena Krishnan,Coimbatore,Tamil Nadu,2026-01-16,6.2,86.5,6.9,1.2,No,"Indian home-care observation | Meena Krishnan | Coimbatore, Tamil Nadu | Source: nan"
R00390,P018,Harini Reddy,Warangal,Telangana,2026-01-13,8.7,,7.2,0.9,No,"Indian home-care observation | Harini Reddy | Warangal, Telangana | Source: wearable_sync"
R00391,P035,Prakash Patil,Nashik,Maharashtra,2026-01-12,6.7,75.5,7.1,2.3,No,"Indian home-care observation | Prakash Patil | Nashik, Maharashtra | Source: wearable_sync"
R00392,P032,Bhavana R,Bengaluru,Karnataka,2026-01-10,8.6,95.4,8.9,3.0,No,"Indian home-care observation | Bhavana R | Bengaluru, Karnataka | Source: tablet_kiosk"
R00393,P026,Keerthana S,Tiruchirappalli,Tamil Nadu,2026-01-10,7.2,87.9,6.5,4.4,No,"Indian home-care observation | Keerthana S | Tiruchirappalli, Tamil Nadu | Source: mobile_app"
R00394,P020,Pooja Shah,Surat,Gujarat,2026-01-12,6.1,79.2,,1.3,No,"Indian home-care observation | Pooja Shah | Surat, Gujarat | Source: wearable_sync"
R00395,P026,Keerthana S,Tiruchirappalli,Tamil Nadu,2026-01-11,7.3,73.1,6.6,3.1,No,"Indian home-care observation | Keerthana S | Tiruchirappalli, Tamil Nadu | Source: wearable_sync"
R00396,P040,Deepa Thomas,Thrissur,Kerala,2026-01-06,5.0,88.1,4.4,,Yes,"Indian home-care observation | Deepa Thomas | Thrissur, Kerala | Source: tablet_kiosk"
R00397,P024,Neha Kapoor,New Delhi,Delhi,2026-01-12,6.2,81.8,,1.1,No,"Indian home-care observation | Neha Kapoor | New Delhi, Delhi | Source: wearable_sync"
R00398,P004,Ananya Iyer,Bengaluru,Karnataka,2026-01-13,6.5,72.1,5.3,2.6,No,"Indian home-care observation | Ananya Iyer | Bengaluru, Karnataka | Source: wearable_sync"
R00399,P034,Madhuri Naik,Panaji,Goa,2026-01-07,8.3,84.7,5.8,3.0,No,"Indian home-care observation | Madhuri Naik | Panaji, Goa | Source: tablet_kiosk"
R00400,P036,Sowmya N,Hyderabad,Telangana,2026-01-11,8.2,85.3,7.3,2.2,No,"Indian home-care observation | Sowmya N | Hyderabad, Telangana | Source: tablet_kiosk"
R00401,P022,Shreya Das,Bhubaneswar,Odisha,2026-01-08,7.8,75.1,3.3,3.4,No,"Indian home-care observation | Shreya Das | Bhubaneswar, Odisha | Source: tablet_kiosk"
R00402,P001,Arjun Mehta,Chennai,Tamil Nadu,2026-01-04,7.0,75.4,6.1,2.5,Yes,"Indian home-care observation | Arjun Mehta | Chennai, Tamil Nadu | Source: mobile_app"
R00403,P029,Gopal Krishnan,Madurai,Tamil Nadu,2026-01-10,7.8,83.3,,4.0,No,"Indian home-care observation | Gopal Krishnan | Madurai, Tamil Nadu | Source: tablet_kiosk"
R00404,P002,Priya Nair,Kochi,Kerala,2026-01-14,8.2,74.1,6.4,2.6,No,"Indian home-care observation | Priya Nair | Kochi, Kerala | Source: phone_checkin"
R00405,P006,Meena Krishnan,Coimbatore,Tamil Nadu,2026-01-17,5.7,83.6,6.6,2.4,No,"Indian home-care observation | Meena Krishnan | Coimbatore, Tamil Nadu | Source: wearable_sync"
R00406,P013,Manoj Gupta,Lucknow,Uttar Pradesh,2026-01-11,8.4,85.1,7.4,1.8,No,"Indian home-care observation | Manoj Gupta | Lucknow, Uttar Pradesh | Source: wearable_sync"
R00407,P004,Ananya Iyer,Bengaluru,Karnataka,2026-01-14,8.6,80.4,6.5,1.8,No,"Indian home-care observation | Ananya Iyer | Bengaluru, Karnataka | Source: nan"
R00408,P010,Divya Patel,Ahmedabad,Gujarat,2026-01-13,6.5,52.4,7.9,2.7,No,"Indian home-care observation | Divya Patel | Ahmedabad, Gujarat | Source: wearable_sync"
R00409,P040,Deepa Thomas,Thrissur,Kerala,2026-01-07,5.3,76.4,5.0,0.4,No,"Indian home-care observation | Deepa Thomas | Thrissur, Kerala | Source: wearable_sync"
R00410,P037,Ramesh Chandran,Puducherry,Puducherry,2026-01-17,7.2,89.1,8.8,1.3,No,"Indian home-care observation | Ramesh Chandran | Puducherry, Puducherry | Source: mobile_app"
R00411,P003,Rahul Sharma,Delhi,Delhi,2026-01-06,7.2,86.5,7.4,2.3,No,"Indian home-care observation | Rahul Sharma | Delhi, Delhi | Source: mobile_app"
R00412,P012,Kavya Menon,Thiruvananthapuram,Kerala,2026-01-06,7.3,80.4,7.3,2.2,No,"Indian home-care observation | Kavya Menon | Thiruvananthapuram, Kerala | Source: wearable_sync"
R00413,P039,Imran Khan,Bhopal,Madhya Pradesh,2026-01-07,8.6,73.7,8.1,1.3,Yes,"Indian home-care observation | Imran Khan | Bhopal, Madhya Pradesh | Source: wearable_sync"
R00414,P016,Aishwarya Pillai,Kollam,Kerala,2026-01-08,,82.8,8.1,2.8,No,"Indian home-care observation | Aishwarya Pillai | Kollam, Kerala | Source: wearable_sync"
R00415,P018,Harini Reddy,Warangal,Telangana,2026-01-14,8.5,76.7,7.3,3.6,No,"Indian home-care observation | Harini Reddy | Warangal, Telangana | Source: wearable_sync"
R00416,P006,Meena Krishnan,Coimbatore,Tamil Nadu,2026-01-18,6.9,88.5,5.7,2.1,No,"Indian home-care observation | Meena Krishnan | Coimbatore, Tamil Nadu | Source: phone_checkin"
R00417,P032,Bhavana R,Bengaluru,Karnataka,2026-01-11,8.8,93.8,8.6,2.0,No,"Indian home-care observation | Bhavana R | Bengaluru, Karnataka | Source: phone_checkin"
R00418,P001,Arjun Mehta,Chennai,Tamil Nadu,2026-01-05,9.2,78.8,7.9,2.4,No,"Indian home-care observation | Arjun Mehta | Chennai, Tamil Nadu | Source: tablet_kiosk"
R00419,P023,Mohan Raj,Salem,Tamil Nadu,2026-01-15,6.4,100.0,7.2,1.9,No,"Indian home-care observation | Mohan Raj | Salem, Tamil Nadu | Source: tablet_kiosk"
R00420,P036,Sowmya N,Hyderabad,Telangana,2026-01-12,8.1,92.8,7.4,1.5,No,"Indian home-care observation | Sowmya N | Hyderabad, Telangana | Source: tablet_kiosk"
R00421,P011,Rohan Das,Kolkata,West Bengal,2026-01-13,5.8,71.5,,2.6,No,"Indian home-care observation | Rohan Das | Kolkata, West Bengal | Source: phone_checkin"
R00422,P037,Ramesh Chandran,Puducherry,Puducherry,2026-01-18,7.4,87.7,7.1,2.2,No,"Indian home-care observation | Ramesh Chandran | Puducherry, Puducherry | Source: wearable_sync"
R00423,P024,Neha Kapoor,New Delhi,Delhi,2026-01-13,6.8,89.4,,2.2,No,"Indian home-care observation | Neha Kapoor | New Delhi, Delhi | Source: tablet_kiosk"
R00424,P021,Ajay Menon,Kozhikode,Kerala,2026-01-16,5.7,79.6,,1.7,No,"Indian home-care observation | Ajay Menon | Kozhikode, Kerala | Source: tablet_kiosk"
R00425,P027,Aditya Kulkarni,Nagpur,Maharashtra,2026-01-15,7.0,77.5,9.7,1.2,No,"Indian home-care observation | Aditya Kulkarni | Nagpur, Maharashtra | Source: WEARABLE_SYNC"
R00426,P024,Neha Kapoor,New Delhi,Delhi,2026-01-14,6.5,87.7,8.1,1.9,No,"Indian home-care observation | Neha Kapoor | New Delhi, Delhi | Source: phone_checkin"
R00427,P031,Ashok Yadav,Kanpur,Uttar Pradesh,2026-01-07,8.2,65.2,,2.1,No,"Indian home-care observation | Ashok Yadav | Kanpur, Uttar Pradesh | Source: phone_checkin"
R00428,P036,Sowmya N,Hyderabad,Telangana,2026-01-13,8.1,,7.7,1.3,No,"Indian home-care observation | Sowmya N | Hyderabad, Telangana | Source: wearable_sync"
R00429,P027,Aditya Kulkarni,Nagpur,Maharashtra,2026-01-16,7.2,75.0,,1.6,No,"Indian home-care observation | Aditya Kulkarni | Nagpur, Maharashtra | Source: mobile_app"
R00430,P009,Sanjay Kumar,Jaipur,Rajasthan,2026-01-09,7.6,75.9,6.3,2.3,No,"Indian home-care observation | Sanjay Kumar | Jaipur, Rajasthan | Source: wearable_sync"
R00431,P004,Ananya Iyer,Bengaluru,Karnataka,2026-01-15,6.6,66.4,5.7,1.0,No,"Indian home-care observation | Ananya Iyer | Bengaluru, Karnataka | Source: tablet_kiosk"
R00432,P024,Neha Kapoor,New Delhi,Delhi,2026-01-15,6.4,95.1,7.6,3.1,No,"Indian home-care observation | Neha Kapoor | New Delhi, Delhi | Source: phone_checkin"
R00433,P009,Sanjay Kumar,Jaipur,Rajasthan,2026-01-10,7.3,72.6,6.1,2.8,No,"Indian home-care observation | Sanjay Kumar | Jaipur, Rajasthan | Source: mobile_app"
R00434,P024,Neha Kapoor,New Delhi,Delhi,2026-01-16,7.1,90.9,8.5,4.3,No,"Indian home-care observation | Neha Kapoor | New Delhi, Delhi | Source: nan"
R00435,P039,Imran Khan,Bhopal,Madhya Pradesh,2026-01-08,7.5,75.5,7.7,1.3,No,"Indian home-care observation | Imran Khan | Bhopal, Madhya Pradesh | Source: phone_checkin"
R00436,P001,Arjun Mehta,Chennai,Tamil Nadu,2026-01-06,7.5,78.5,7.6,1.7,No,"Indian home-care observation | Arjun Mehta | Chennai, Tamil Nadu | Source: phone_checkin"
R00437,P004,Ananya Iyer,Bengaluru,Karnataka,2026-01-16,7.1,73.5,4.9,1.9,No,"Indian home-care observation | Ananya Iyer | Bengaluru, Karnataka | Source: wearable_sync"
R00438,P024,Neha Kapoor,New Delhi,Delhi,2026-01-17,8.2,89.8,7.6,2.8,No,"Indian home-care observation | Neha Kapoor | New Delhi, Delhi | Source: wearable_sync"
R00439,P025,Ravi Prasad,Patna,Bihar,2026-01-08,6.0,89.1,9.4,1.6,No,"Indian home-care observation | Ravi Prasad | Patna, Bihar | Source: mobile_app"
R00440,P029,Gopal Krishnan,Madurai,Tamil Nadu,2026-01-11,7.3,86.0,7.4,1.9,No,"Indian home-care observation | Gopal Krishnan | Madurai, Tamil Nadu | Source: tablet_kiosk"
R00441,P014,Sneha Joshi,Pune,Maharashtra,2026-01-08,8.5,85.0,6.2,2.8,No,"Indian home-care observation | Sneha Joshi | Pune, Maharashtra | Source: wearable_sync"
R00442,P006,Meena Krishnan,Coimbatore,Tamil Nadu,2026-01-19,5.5,77.4,6.4,1.4,No,"Indian home-care observation | Meena Krishnan | Coimbatore, Tamil Nadu | Source: wearable_sync"
R00443,P022,Shreya Das,Bhubaneswar,Odisha,2026-01-09,8.4,68.1,3.5,3.8,No,"Indian home-care observation | Shreya Das | Bhubaneswar, Odisha | Source: wearable_sync"
R00444,P022,Shreya Das,Bhubaneswar,Odisha,2026-01-10,8.7,77.1,4.1,1.8,Yes,"Indian home-care observation | Shreya Das | Bhubaneswar, Odisha | Source: wearable_sync"
R00445,P010,Divya Patel,Ahmedabad,Gujarat,2026-01-14,5.8,69.6,7.2,4.1,No,"Indian home-care observation | Divya Patel | Ahmedabad, Gujarat | Source: tablet_kiosk"
R00446,P026,Keerthana S,Tiruchirappalli,Tamil Nadu,2026-01-12,7.1,84.7,5.8,2.6,No,"Indian home-care observation | Keerthana S | Tiruchirappalli, Tamil Nadu | Source: tablet_kiosk"
R00447,P035,Prakash Patil,Nashik,Maharashtra,2026-01-13,7.2,71.6,7.3,2.3,No,"Indian home-care observation | Prakash Patil | Nashik, Maharashtra | Source: mobile_app"
R00448,P003,Rahul Sharma,Delhi,Delhi,2026-01-07,7.7,65.9,,3.1,No,"Indian home-care observation | Rahul Sharma | Delhi, Delhi | Source: mobile_app"
R00449,P030,Nandini Shetty,Mangaluru,Karnataka,2026-01-11,6.2,66.0,2.7,1.1,No,"Indian home-care observation | Nandini Shetty | Mangaluru, Karnataka | Source: tablet_kiosk"
R00450,P040,Deepa Thomas,Thrissur,Kerala,2026-01-08,5.6,,4.3,0.8,No,"Indian home-care observation | Deepa Thomas | Thrissur, Kerala | Source: mobile_app"
R00451,P035,Prakash Patil,Nashik,Maharashtra,2026-01-14,6.4,62.4,7.1,2.0,Yes,"Indian home-care observation | Prakash Patil | Nashik, Maharashtra | Source: wearable_sync"
R00452,P039,Imran Khan,Bhopal,Madhya Pradesh,2026-01-09,8.0,74.7,8.5,1.8,No,"Indian home-care observation | Imran Khan | Bhopal, Madhya Pradesh | Source: mobile_app"
R00453,P005,Vikram Singh,Mumbai,Maharashtra,2026-01-06,,83.8,8.4,3.1,No,"Indian home-care observation | Vikram Singh | Mumbai, Maharashtra | Source: wearable_sync"
R00454,P006,Meena Krishnan,Coimbatore,Tamil Nadu,2026-01-20,6.6,95.2,9.0,1.9,No,"Indian home-care observation | Meena Krishnan | Coimbatore, Tamil Nadu | Source: wearable_sync"
R00455,P028,Swathi Rao,Visakhapatnam,Andhra Pradesh,2026-01-15,7.4,83.0,6.2,2.7,No,"Indian home-care observation | Swathi Rao | Visakhapatnam, Andhra Pradesh | Source: phone_checkin"
R00456,P040,Deepa Thomas,Thrissur,Kerala,2026-01-09,7.2,98.2,6.3,1.7,No,"Indian home-care observation | Deepa Thomas | Thrissur, Kerala | Source: mobile_app"
R00457,P004,Ananya Iyer,Bengaluru,Karnataka,2026-01-17,7.2,76.9,6.9,0.0,No,"Indian home-care observation | Ananya Iyer | Bengaluru, Karnataka | Source: phone_checkin"
R00458,P002,Priya Nair,Kochi,Kerala,2026-01-15,6.8,82.5,5.1,2.5,No,"Indian home-care observation | Priya Nair | Kochi, Kerala | Source: phone_checkin"
R00459,P010,Divya Patel,Ahmedabad,Gujarat,2026-01-15,7.0,62.6,6.9,2.6,No,"Indian home-care observation | Divya Patel | Ahmedabad, Gujarat | Source: phone_checkin"
R00460,P011,Rohan Das,Kolkata,West Bengal,2026-01-14,6.0,79.2,5.7,1.5,Yes,"Indian home-care observation | Rohan Das | Kolkata, West Bengal | Source: mobile_app"
R00461,P026,Keerthana S,Tiruchirappalli,Tamil Nadu,2026-01-13,,74.3,6.4,2.9,No,"Indian home-care observation | Keerthana S | Tiruchirappalli, Tamil Nadu | Source: wearable_sync"
R00462,P011,Rohan Das,Kolkata,West Bengal,2026-01-15,6.7,74.8,5.2,0.4,No,"Indian home-care observation | Rohan Das | Kolkata, West Bengal | Source: wearable_sync"
R00463,P028,Swathi Rao,Visakhapatnam,Andhra Pradesh,2026-01-16,7.4,79.2,6.8,0.2,No,"Indian home-care observation | Swathi Rao | Visakhapatnam, Andhra Pradesh | Source: tablet_kiosk"
R00464,P017,Naveen Kumar,Mysuru,Karnataka,2026-01-12,8.4,87.5,6.0,2.8,Yes,"Indian home-care observation | Naveen Kumar | Mysuru, Karnataka | Source: wearable_sync"
R00465,P015,Suresh Babu,Madurai,Tamil Nadu,2026-01-13,10.0,71.8,6.4,3.8,No,"Indian home-care observation | Suresh Babu | Madurai, Tamil Nadu | Source: wearable_sync"
R00466,P028,Swathi Rao,Visakhapatnam,Andhra Pradesh,2026-01-17,7.2,86.3,7.0,3.8,No,"Indian home-care observation | Swathi Rao | Visakhapatnam, Andhra Pradesh | Source: tablet_kiosk"
R00467,P011,Rohan Das,Kolkata,West Bengal,2026-01-16,7.0,70.0,6.9,3.2,No,"Indian home-care observation | Rohan Das | Kolkata, West Bengal | Source: phone_checkin"
R00468,P027,Aditya Kulkarni,Nagpur,Maharashtra,2026-01-17,5.8,78.5,,1.4,No,"Indian home-care observation | Aditya Kulkarni | Nagpur, Maharashtra | Source: mobile_app"
R00469,P013,Manoj Gupta,Lucknow,Uttar Pradesh,2026-01-12,7.0,78.2,6.0,1.7,No,"Indian home-care observation | Manoj Gupta | Lucknow, Uttar Pradesh | Source: phone_checkin"
R00470,P028,Swathi Rao,Visakhapatnam,Andhra Pradesh,2026-01-18,6.8,83.6,7.3,2.3,No,"Indian home-care observation | Swathi Rao | Visakhapatnam, Andhra Pradesh | Source: wearable_sync"
R00471,P011,Rohan Das,Kolkata,West Bengal,2026-01-17,5.9,70.0,5.6,3.1,No,"Indian home-care observation | Rohan Das | Kolkata, West Bengal | Source: wearable_sync"
R00472,P024,Neha Kapoor,New Delhi,Delhi,2026-01-18,6.8,,,2.3,No,"Indian home-care observation | Neha Kapoor | New Delhi, Delhi | Source: tablet_kiosk"
R00473,P018,Harini Reddy,Warangal,Telangana,2026-01-15,7.8,,8.0,2.1,No,"Indian home-care observation | Harini Reddy | Warangal, Telangana | Source: tablet_kiosk"
R00474,P029,Gopal Krishnan,Madurai,Tamil Nadu,2026-01-12,7.8,85.6,7.2,2.2,No,"Indian home-care observation | Gopal Krishnan | Madurai, Tamil Nadu | Source: wearable_sync"
R00475,P019,Deepak Verma,Chandigarh,Chandigarh,2026-01-10,8.3,68.9,7.1,2.3,No,"Indian home-care observation | Deepak Verma | Chandigarh, Chandigarh | Source: tablet_kiosk"
R00476,P024,Neha Kapoor,New Delhi,Delhi,2026-01-19,7.4,79.3,9.0,1.9,No,"Indian home-care observation | Neha Kapoor | New Delhi, Delhi | Source: TABLET_KIOSK"
R00477,P027,Aditya Kulkarni,Nagpur,Maharashtra,2026-01-18,6.0,77.4,9.0,2.3,No,"Indian home-care observation | Aditya Kulkarni | Nagpur, Maharashtra | Source: tablet_kiosk"
R00478,P035,Prakash Patil,Nashik,Maharashtra,2026-01-15,6.7,82.5,6.7,2.4,No,"Indian home-care observation | Prakash Patil | Nashik, Maharashtra | Source: phone_checkin"
R00479,P011,Rohan Das,Kolkata,West Bengal,2026-01-18,6.6,76.7,6.4,1.7,No,"Indian home-care observation | Rohan Das | Kolkata, West Bengal | Source: wearable_sync"
R00480,P005,Vikram Singh,Mumbai,Maharashtra,2026-01-07,9.0,,7.3,0.3,No,"Indian home-care observation | Vikram Singh | Mumbai, Maharashtra | Source: mobile_app"
R00481,P016,Aishwarya Pillai,Kollam,Kerala,2026-01-09,7.3,91.3,8.4,2.5,No,"Indian home-care observation | Aishwarya Pillai | Kollam, Kerala | Source: tablet_kiosk"
R00482,P021,Ajay Menon,Kozhikode,Kerala,2026-01-17,7.3,,7.0,2.4,No,"Indian home-care observation | Ajay Menon | Kozhikode, Kerala | Source: tablet_kiosk"
R00483,P017,Naveen Kumar,Mysuru,Karnataka,2026-01-13,7.5,72.5,6.3,1.8,No,"Indian home-care observation | Naveen Kumar | Mysuru, Karnataka | Source: phone_checkin"
R00484,P008,Lakshmi Rao,Vijayawada,Andhra Pradesh,2026-01-06,7.5,79.0,,1.7,No,"Indian home-care observation | Lakshmi Rao | Vijayawada, Andhra Pradesh | Source: tablet_kiosk"
R00485,P029,Gopal Krishnan,Madurai,Tamil Nadu,2026-01-13,7.2,86.7,6.6,0.8,No,"Indian home-care observation | Gopal Krishnan | Madurai, Tamil Nadu | Source: mobile_app"
R00486,P007,Karthik Reddy,Hyderabad,Telangana,2026-01-15,7.0,84.6,,0.9,No,"Indian home-care observation | Karthik Reddy | Hyderabad, Telangana | Source: phone_checkin"
R00487,P004,Ananya Iyer,Bengaluru,Karnataka,2026-01-18,9.1,82.0,7.6,1.8,No,"Indian home-care observation | Ananya Iyer | Bengaluru, Karnataka | Source: tablet_kiosk"
R00488,P030,Nandini Shetty,Mangaluru,Karnataka,2026-01-12,8.7,76.1,,1.9,Yes,"Indian home-care observation | Nandini Shetty | Mangaluru, Karnataka | Source: mobile_app"
R00489,P017,Naveen Kumar,Mysuru,Karnataka,2026-01-14,8.2,85.1,7.0,1.8,No,"Indian home-care observation | Naveen Kumar | Mysuru, Karnataka | Source: mobile_app"
R00490,P020,Pooja Shah,Surat,Gujarat,2026-01-13,6.8,81.3,6.7,,No,"Indian home-care observation | Pooja Shah | Surat, Gujarat | Source: phone_checkin"
R00491,P016,Aishwarya Pillai,Kollam,Kerala,2026-01-10,6.7,85.1,8.6,2.8,No,"Indian home-care observation | Aishwarya Pillai | Kollam, Kerala | Source: mobile_app"
R00492,P015,Suresh Babu,Madurai,Tamil Nadu,2026-01-14,9.6,80.9,7.3,2.3,No,"Indian home-care observation | Suresh Babu | Madurai, Tamil Nadu | Source: mobile_app"
R00493,P040,Deepa Thomas,Thrissur,Kerala,2026-01-10,6.4,89.3,5.8,1.7,No,"Indian home-care observation | Deepa Thomas | Thrissur, Kerala | Source: phone_checkin"
R00494,P040,Deepa Thomas,Thrissur,Kerala,2026-01-11,3.9,81.4,,0.3,No,"Indian home-care observation | Deepa Thomas | Thrissur, Kerala | Source: mobile_app"
R00495,P029,Gopal Krishnan,Madurai,Tamil Nadu,2026-01-14,8.3,81.6,6.5,2.4,Yes,"Indian home-care observation | Gopal Krishnan | Madurai, Tamil Nadu | Source: wearable_sync"
R00496,P030,Nandini Shetty,Mangaluru,Karnataka,2026-01-13,8.4,67.7,3.0,1.3,No,"Indian home-care observation | Nandini Shetty | Mangaluru, Karnataka | Source: wearable_sync"
R00497,P023,Mohan Raj,Salem,Tamil Nadu,2026-01-16,7.6,100.0,,4.6,No,"Indian home-care observation | Mohan Raj | Salem, Tamil Nadu | Source: mobile_app"
R00498,P038,Janani Murugan,Erode,Tamil Nadu,2026-01-07,7.8,70.8,6.8,1.8,No,"Indian home-care observation | Janani Murugan | Erode, Tamil Nadu | Source: phone_checkin"
R00499,P019,Deepak Verma,Chandigarh,Chandigarh,2026-01-11,8.0,73.1,7.1,1.7,No,"Indian home-care observation | Deepak Verma | Chandigarh, Chandigarh | Source: mobile_app"
R00500,P016,Aishwarya Pillai,Kollam,Kerala,2026-01-11,7.0,83.8,8.9,1.2,No,"Indian home-care observation | Aishwarya Pillai | Kollam, Kerala | Source: mobile_app"
R00501,P015,Suresh Babu,Madurai,Tamil Nadu,2026-01-15,10.0,72.4,6.8,1.8,No,"Indian home-care observation | Suresh Babu | Madurai, Tamil Nadu | Source: tablet_kiosk"
R00502,P030,Nandini Shetty,Mangaluru,Karnataka,2026-01-14,7.3,64.0,3.8,0.0,No,"Indian home-care observation | Nandini Shetty | Mangaluru, Karnataka | Source: phone_checkin"
R00503,P031,Ashok Yadav,Kanpur,Uttar Pradesh,2026-01-08,8.3,,,1.9,No,"Indian home-care observation | Ashok Yadav | Kanpur, Uttar Pradesh | Source: wearable_sync"
R00504,P015,Suresh Babu,Madurai,Tamil Nadu,2026-01-16,9.5,65.2,5.0,2.1,No,"Indian home-care observation | Suresh Babu | Madurai, Tamil Nadu | Source: tablet_kiosk"
R00505,P031,Ashok Yadav,Kanpur,Uttar Pradesh,2026-01-09,6.7,50.4,5.6,1.3,No,"Indian home-care observation | Ashok Yadav | Kanpur, Uttar Pradesh | Source: tablet_kiosk"
R00506,P037,Ramesh Chandran,Puducherry,Puducherry,2026-01-19,6.9,82.1,7.7,2.5,No,"Indian home-care observation | Ramesh Chandran | Puducherry, Puducherry | Source: wearable_sync"
R00507,P006,Meena Krishnan,Coimbatore,Tamil Nadu,2026-01-21,6.5,91.9,6.4,1.8,No,"Indian home-care observation | Meena Krishnan | Coimbatore, Tamil Nadu | Source: tablet_kiosk"
R00508,P036,Sowmya N,Hyderabad,Telangana,2026-01-14,,86.2,8.0,1.6,No,"Indian home-care observation | Sowmya N | Hyderabad, Telangana | Source: phone_checkin"
R00509,P034,Madhuri Naik,Panaji,Goa,2026-01-08,8.1,91.6,,0.7,Yes,"Indian home-care observation | Madhuri Naik | Panaji, Goa | Source: mobile_app"
R00510,P038,Janani Murugan,Erode,Tamil Nadu,2026-01-08,7.7,72.3,,2.1,No,"Indian home-care observation | Janani Murugan | Erode, Tamil Nadu | Source: phone_checkin"
R00511,P007,Karthik Reddy,Hyderabad,Telangana,2026-01-16,8.1,87.3,7.3,1.8,No,"Indian home-care observation | Karthik Reddy | Hyderabad, Telangana | Source: phone_checkin"
R00512,P009,Sanjay Kumar,Jaipur,Rajasthan,2026-01-11,7.8,80.5,7.0,2.2,No,"Indian home-care observation | Sanjay Kumar | Jaipur, Rajasthan | Source: tablet_kiosk"
R00513,P030,Nandini Shetty,Mangaluru,Karnataka,2026-01-15,6.6,61.9,,2.3,No,"Indian home-care observation | Nandini Shetty | Mangaluru, Karnataka | Source: tablet_kiosk"
R00514,P031,Ashok Yadav,Kanpur,Uttar Pradesh,2026-01-10,9.2,65.7,7.4,1.7,Yes,"Indian home-care observation | Ashok Yadav | Kanpur, Uttar Pradesh | Source: phone_checkin"
R00515,P015,Suresh Babu,Madurai,Tamil Nadu,2026-01-17,10.0,,7.5,,No,"Indian home-care observation | Suresh Babu | Madurai, Tamil Nadu | Source: phone_checkin"
R00516,P014,Sneha Joshi,Pune,Maharashtra,2026-01-09,8.6,100.0,5.0,2.7,No,"Indian home-care observation | Sneha Joshi | Pune, Maharashtra | Source: tablet_kiosk"
R00517,P027,Aditya Kulkarni,Nagpur,Maharashtra,2026-01-19,6.3,86.5,8.8,1.7,No,"Indian home-care observation | Aditya Kulkarni | Nagpur, Maharashtra | Source: wearable_sync"
R00518,P001,Arjun Mehta,Chennai,Tamil Nadu,2026-01-07,7.9,80.4,6.1,1.4,No,"Indian home-care observation | Arjun Mehta | Chennai, Tamil Nadu | Source: tablet_kiosk"
R00519,P038,Janani Murugan,Erode,Tamil Nadu,2026-01-09,8.1,82.5,7.7,3.6,No,"Indian home-care observation | Janani Murugan | Erode, Tamil Nadu | Source: mobile_app"
R00520,P031,Ashok Yadav,Kanpur,Uttar Pradesh,2026-01-11,8.3,57.0,7.2,1.7,No,"Indian home-care observation | Ashok Yadav | Kanpur, Uttar Pradesh | Source: tablet_kiosk"
R00521,P013,Manoj Gupta,Lucknow,Uttar Pradesh,2026-01-13,9.3,86.5,7.3,2.0,No,"Indian home-care observation | Manoj Gupta | Lucknow, Uttar Pradesh | Source: phone_checkin"
R00522,P036,Sowmya N,Hyderabad,Telangana,2026-01-15,8.1,86.3,8.1,3.3,No,"Indian home-care observation | Sowmya N | Hyderabad, Telangana | Source: wearable_sync"
R00523,P019,Deepak Verma,Chandigarh,Chandigarh,2026-01-12,8.9,79.9,,2.1,No,"Indian home-care observation | Deepak Verma | Chandigarh, Chandigarh | Source: wearable_sync"
R00524,P035,Prakash Patil,Nashik,Maharashtra,2026-01-16,6.1,75.6,7.0,2.5,No,"Indian home-care observation | Prakash Patil | Nashik, Maharashtra | Source: tablet_kiosk"
R00525,P022,Shreya Das,Bhubaneswar,Odisha,2026-01-11,,71.1,3.3,0.0,No,"Indian home-care observation | Shreya Das | Bhubaneswar, Odisha | Source: tablet_kiosk"
R00526,P036,Sowmya N,Hyderabad,Telangana,2026-01-16,7.7,86.6,7.9,3.1,No,"Indian home-care observation | Sowmya N | Hyderabad, Telangana | Source: mobile_app"
R00527,P016,Aishwarya Pillai,Kollam,Kerala,2026-01-12,6.7,94.8,8.4,1.5,No,"Indian home-care observation | Aishwarya Pillai | Kollam, Kerala | Source: phone_checkin"
R00528,P024,Neha Kapoor,New Delhi,Delhi,2026-01-20,7.3,85.5,8.2,2.8,No,"Indian home-care observation | Neha Kapoor | New Delhi, Delhi | Source: phone_checkin"
R00529,P023,Mohan Raj,Salem,Tamil Nadu,2026-01-17,6.3,98.9,5.6,1.9,No,"Indian home-care observation | Mohan Raj | Salem, Tamil Nadu | Source: mobile_app"
R00530,P031,Ashok Yadav,Kanpur,Uttar Pradesh,2026-01-12,8.5,65.9,8.1,0.6,No,"Indian home-care observation | Ashok Yadav | Kanpur, Uttar Pradesh | Source: wearable_sync"
R00531,P025,Ravi Prasad,Patna,Bihar,2026-01-09,7.5,95.4,10.0,2.4,No,"Indian home-care observation | Ravi Prasad | Patna, Bihar | Source: tablet_kiosk"
R00532,P005,Vikram Singh,Mumbai,Maharashtra,2026-01-08,8.9,,7.9,1.7,No,"Indian home-care observation | Vikram Singh | Mumbai, Maharashtra | Source: wearable_sync"
R00533,P034,Madhuri Naik,Panaji,Goa,2026-01-09,8.0,88.3,6.0,3.4,Yes,"Indian home-care observation | Madhuri Naik | Panaji, Goa | Source: mobile_app"
R00534,P032,Bhavana R,Bengaluru,Karnataka,2026-01-12,8.7,98.7,8.2,3.9,No,"Indian home-care observation | Bhavana R | Bengaluru, Karnataka | Source: tablet_kiosk"
R00535,P031,Ashok Yadav,Kanpur,Uttar Pradesh,2026-01-13,7.6,61.7,7.6,1.7,No,"Indian home-care observation | Ashok Yadav | Kanpur, Uttar Pradesh | Source: wearable_sync"
R00536,P001,Arjun Mehta,Chennai,Tamil Nadu,2026-01-08,7.3,70.8,,2.6,Yes,"Indian home-care observation | Arjun Mehta | Chennai, Tamil Nadu | Source: mobile_app"
R00537,P023,Mohan Raj,Salem,Tamil Nadu,2026-01-18,6.9,100.0,6.6,3.3,No,"Indian home-care observation | Mohan Raj | Salem, Tamil Nadu | Source: wearable_sync"
R00538,P034,Madhuri Naik,Panaji,Goa,2026-01-10,7.8,88.4,5.7,2.9,No,"Indian home-care observation | Madhuri Naik | Panaji, Goa | Source: tablet_kiosk"
R00539,P019,Deepak Verma,Chandigarh,Chandigarh,2026-01-13,9.9,69.9,7.6,3.2,No,"Indian home-care observation | Deepak Verma | Chandigarh, Chandigarh | Source: phone_checkin"
R00540,P005,Vikram Singh,Mumbai,Maharashtra,2026-01-09,10.0,82.8,7.5,4.6,No,"Indian home-care observation | Vikram Singh | Mumbai, Maharashtra | Source: wearable_sync"
R00541,P017,Naveen Kumar,Mysuru,Karnataka,2026-01-15,8.0,82.5,,0.9,No,"Indian home-care observation | Naveen Kumar | Mysuru, Karnataka | Source: mobile_app"
R00542,P040,Deepa Thomas,Thrissur,Kerala,2026-01-12,4.9,81.7,4.0,0.0,No,"Indian home-care observation | Deepa Thomas | Thrissur, Kerala | Source: tablet_kiosk"
R00543,P037,Ramesh Chandran,Puducherry,Puducherry,2026-01-20,7.2,84.8,7.1,0.4,No,"Indian home-care observation | Ramesh Chandran | Puducherry, Puducherry | Source: mobile_app"
R00544,P038,Janani Murugan,Erode,Tamil Nadu,2026-01-10,6.5,74.6,5.1,1.9,No,"Indian home-care observation | Janani Murugan | Erode, Tamil Nadu | Source: tablet_kiosk"
R00545,P007,Karthik Reddy,Hyderabad,Telangana,2026-01-17,,,7.5,3.0,No,"Indian home-care observation | Karthik Reddy | Hyderabad, Telangana | Source: mobile_app"
R00546,P024,Neha Kapoor,New Delhi,Delhi,2026-01-21,7.5,68.7,7.3,2.3,No,"Indian home-care observation | Neha Kapoor | New Delhi, Delhi | Source: phone_checkin"
R00547,P027,Aditya Kulkarni,Nagpur,Maharashtra,2026-01-20,6.5,83.2,8.9,3.6,No,"Indian home-care observation | Aditya Kulkarni | Nagpur, Maharashtra | Source: wearable_sync"
R00548,P005,Vikram Singh,Mumbai,Maharashtra,2026-01-10,8.6,88.7,7.2,2.5,No,"Indian home-care observation | Vikram Singh | Mumbai, Maharashtra | Source: mobile_app"
R00549,P001,Arjun Mehta,Chennai,Tamil Nadu,2026-01-09,8.1,77.7,,2.2,No,"Indian home-care observation | Arjun Mehta | Chennai, Tamil Nadu | Source: wearable_sync"
R00550,P014,Sneha Joshi,Pune,Maharashtra,2026-01-10,8.3,70.8,5.4,2.7,No,"Indian home-care observation | Sneha Joshi | Pune, Maharashtra | Source: phone_checkin"
R00551,P018,Harini Reddy,Warangal,Telangana,2026-01-16,,72.1,7.2,2.2,No,"Indian home-care observation | Harini Reddy | Warangal, Telangana | Source: phone_checkin"
R00552,P030,Nandini Shetty,Mangaluru,Karnataka,2026-01-16,,72.7,3.8,2.7,No,"Indian home-care observation | Nandini Shetty | Mangaluru, Karnataka | Source: wearable_sync"
R00553,P028,Swathi Rao,Visakhapatnam,Andhra Pradesh,2026-01-19,6.6,88.5,7.7,1.9,No,"Indian home-care observation | Swathi Rao | Visakhapatnam, Andhra Pradesh | Source: wearable_sync"
R00554,P019,Deepak Verma,Chandigarh,Chandigarh,2026-01-14,9.8,72.0,7.1,3.1,No,"Indian home-care observation | Deepak Verma | Chandigarh, Chandigarh | Source: tablet_kiosk"
R00555,P006,Meena Krishnan,Coimbatore,Tamil Nadu,2026-01-22,5.6,91.4,6.7,2.9,No,"Indian home-care observation | Meena Krishnan | Coimbatore, Tamil Nadu | Source: mobile_app"
R00556,P029,Gopal Krishnan,Madurai,Tamil Nadu,2026-01-15,7.7,87.7,6.6,2.4,No,"Indian home-care observation | Gopal Krishnan | Madurai, Tamil Nadu | Source: wearable_sync"
R00557,P025,Ravi Prasad,Patna,Bihar,2026-01-10,,88.7,8.0,1.8,No,"Indian home-care observation | Ravi Prasad | Patna, Bihar | Source: wearable_sync"
R00558,P025,Ravi Prasad,Patna,Bihar,2026-01-11,6.3,68.7,,2.4,No,"Indian home-care observation | Ravi Prasad | Patna, Bihar | Source: mobile_app"
R00559,P015,Suresh Babu,Madurai,Tamil Nadu,2026-01-18,9.4,74.7,7.1,3.3,No,"Indian home-care observation | Suresh Babu | Madurai, Tamil Nadu | Source: wearable_sync"
R00560,P003,Rahul Sharma,Delhi,Delhi,2026-01-08,8.5,76.1,5.3,2.3,No,"Indian home-care observation | Rahul Sharma | Delhi, Delhi | Source: wearable_sync"
R00561,P028,Swathi Rao,Visakhapatnam,Andhra Pradesh,2026-01-20,7.2,75.8,7.4,2.5,No,"Indian home-care observation | Swathi Rao | Visakhapatnam, Andhra Pradesh | Source: wearable_sync"
R00562,P039,Imran Khan,Bhopal,Madhya Pradesh,2026-01-10,7.3,77.6,7.3,1.1,No,"Indian home-care observation | Imran Khan | Bhopal, Madhya Pradesh | Source: phone_checkin"
R00563,P030,Nandini Shetty,Mangaluru,Karnataka,2026-01-17,7.2,71.5,3.6,1.6,No,"Indian home-care observation | Nandini Shetty | Mangaluru, Karnataka | Source: tablet_kiosk"
R00564,P004,Ananya Iyer,Bengaluru,Karnataka,2026-01-19,6.9,69.0,,2.7,No,"Indian home-care observation | Ananya Iyer | Bengaluru, Karnataka | Source: wearable_sync"
R00565,P037,Ramesh Chandran,Puducherry,Puducherry,2026-01-21,,87.2,7.1,,No,"Indian home-care observation | Ramesh Chandran | Puducherry, Puducherry | Source: tablet_kiosk"
R00566,P037,Ramesh Chandran,Puducherry,Puducherry,2026-01-22,6.8,93.0,7.0,2.1,No,"Indian home-care observation | Ramesh Chandran | Puducherry, Puducherry | Source: tablet_kiosk"
R00567,P029,Gopal Krishnan,Madurai,Tamil Nadu,2026-01-16,7.8,88.0,8.1,2.6,No,"Indian home-care observation | Gopal Krishnan | Madurai, Tamil Nadu | Source: mobile_app"
R00568,P033,Ganesh Iyer,Chennai,Tamil Nadu,2026-01-16,7.8,81.1,5.6,2.2,No,"Indian home-care observation | Ganesh Iyer | Chennai, Tamil Nadu | Source: tablet_kiosk"
R00569,P038,Janani Murugan,Erode,Tamil Nadu,2026-01-11,8.2,75.1,7.6,1.8,No,"Indian home-care observation | Janani Murugan | Erode, Tamil Nadu | Source: mobile_app"
R00570,P037,Ramesh Chandran,Puducherry,Puducherry,2026-01-23,6.7,86.9,7.0,1.1,No,"Indian home-care observation | Ramesh Chandran | Puducherry, Puducherry | Source: tablet_kiosk"
R00571,P006,Meena Krishnan,Coimbatore,Tamil Nadu,2026-01-23,6.2,79.7,6.2,2.8,No,"Indian home-care observation | Meena Krishnan | Coimbatore, Tamil Nadu | Source: tablet_kiosk"
R00572,P024,Neha Kapoor,New Delhi,Delhi,2026-01-22,7.3,93.9,7.0,2.7,Yes,"Indian home-care observation | Neha Kapoor | New Delhi, Delhi | Source: phone_checkin"
R00573,P033,Ganesh Iyer,Chennai,Tamil Nadu,2026-01-17,7.7,80.6,6.1,2.7,No,"Indian home-care observation | Ganesh Iyer | Chennai, Tamil Nadu | Source: phone_checkin"
R00574,P025,Ravi Prasad,Patna,Bihar,2026-01-12,6.6,76.5,8.6,2.2,No,"Indian home-care observation | Ravi Prasad | Patna, Bihar | Source: phone_checkin"
R00575,P008,Lakshmi Rao,Vijayawada,Andhra Pradesh,2026-01-07,6.6,74.7,,2.4,No,"Indian home-care observation | Lakshmi Rao | Vijayawada, Andhra Pradesh | Source: mobile_app"
R00576,P039,Imran Khan,Bhopal,Madhya Pradesh,2026-01-11,7.8,81.9,8.2,2.6,No,"Indian home-care observation | Imran Khan | Bhopal, Madhya Pradesh | Source: phone_checkin"
R00577,P002,Priya Nair,Kochi,Kerala,2026-01-16,7.4,77.3,6.2,2.4,Yes,"Indian home-care observation | Priya Nair | Kochi, Kerala | Source: tablet_kiosk"
R00578,P028,Swathi Rao,Visakhapatnam,Andhra Pradesh,2026-01-21,7.9,84.6,6.5,3.7,Yes,"Indian home-care observation | Swathi Rao | Visakhapatnam, Andhra Pradesh | Source: tablet_kiosk"
R00579,P031,Ashok Yadav,Kanpur,Uttar Pradesh,2026-01-14,7.1,55.4,7.0,2.1,No,"Indian home-care observation | Ashok Yadav | Kanpur, Uttar Pradesh | Source: mobile_app"
R00580,P024,Neha Kapoor,New Delhi,Delhi,2026-01-23,7.8,95.1,,3.9,No,"Indian home-care observation | Neha Kapoor | New Delhi, Delhi | Source: wearable_sync"
R00581,P032,Bhavana R,Bengaluru,Karnataka,2026-01-13,7.4,81.9,7.9,2.7,No,"Indian home-care observation | Bhavana R | Bengaluru, Karnataka | Source: wearable_sync"
R00582,P036,Sowmya N,Hyderabad,Telangana,2026-01-17,,87.9,7.9,,No,"Indian home-care observation | Sowmya N | Hyderabad, Telangana | Source: mobile_app"
R00583,P009,Sanjay Kumar,Jaipur,Rajasthan,2026-01-12,7.1,,6.6,3.9,No,"Indian home-care observation | Sanjay Kumar | Jaipur, Rajasthan | Source: wearable_sync"
R00584,P032,Bhavana R,Bengaluru,Karnataka,2026-01-14,8.2,88.3,8.1,2.7,No,"Indian home-care observation | Bhavana R | Bengaluru, Karnataka | Source: phone_checkin"
R00585,P007,Karthik Reddy,Hyderabad,Telangana,2026-01-18,8.7,84.0,,4.5,No,"Indian home-care observation | Karthik Reddy | Hyderabad, Telangana | Source: tablet_kiosk"
R00586,P018,Harini Reddy,Warangal,Telangana,2026-01-17,7.9,,6.3,3.3,No,"Indian home-care observation | Harini Reddy | Warangal, Telangana | Source: phone_checkin"
R00587,P008,Lakshmi Rao,Vijayawada,Andhra Pradesh,2026-01-08,8.4,,5.9,3.2,No,"Indian home-care observation | Lakshmi Rao | Vijayawada, Andhra Pradesh | Source: tablet_kiosk"
R00588,P003,Rahul Sharma,Delhi,Delhi,2026-01-09,7.7,,6.4,3.2,No,"Indian home-care observation | Rahul Sharma | Delhi, Delhi | Source: mobile_app"
R00589,P003,Rahul Sharma,Delhi,Delhi,2026-01-10,7.6,,7.4,1.2,No,"Indian home-care observation | Rahul Sharma | Delhi, Delhi | Source: tablet_kiosk"
R00590,P018,Harini Reddy,Warangal,Telangana,2026-01-18,6.8,75.9,7.1,2.4,No,"Indian home-care observation | Harini Reddy | Warangal, Telangana | Source: phone_checkin"
R00591,P026,Keerthana S,Tiruchirappalli,Tamil Nadu,2026-01-14,6.5,83.4,6.9,2.0,No,"Indian home-care observation | Keerthana S | Tiruchirappalli, Tamil Nadu | Source: phone_checkin"
R00592,P006,Meena Krishnan,Coimbatore,Tamil Nadu,2026-01-24,7.3,89.7,7.1,4.3,No,"Indian home-care observation | Meena Krishnan | Coimbatore, Tamil Nadu | Source: phone_checkin"
R00593,P008,Lakshmi Rao,Vijayawada,Andhra Pradesh,2026-01-09,7.1,71.2,7.5,0.9,No,"Indian home-care observation | Lakshmi Rao | Vijayawada, Andhra Pradesh | Source: nan"
R00594,P027,Aditya Kulkarni,Nagpur,Maharashtra,2026-01-21,6.5,81.3,8.6,2.1,No,"Indian home-care observation | Aditya Kulkarni | Nagpur, Maharashtra | Source: mobile_app"
R00595,P010,Divya Patel,Ahmedabad,Gujarat,2026-01-16,6.7,61.8,7.1,1.0,No,"Indian home-care observation | Divya Patel | Ahmedabad, Gujarat | Source: tablet_kiosk"
R00596,P038,Janani Murugan,Erode,Tamil Nadu,2026-01-12,7.8,79.9,,2.9,No,"Indian home-care observation | Janani Murugan | Erode, Tamil Nadu | Source: tablet_kiosk"
R00597,P004,Ananya Iyer,Bengaluru,Karnataka,2026-01-20,8.3,80.8,7.7,1.9,No,"Indian home-care observation | Ananya Iyer | Bengaluru, Karnataka | Source: wearable_sync"
R00598,P026,Keerthana S,Tiruchirappalli,Tamil Nadu,2026-01-15,6.2,89.8,5.7,2.3,No,"Indian home-care observation | Keerthana S | Tiruchirappalli, Tamil Nadu | Source: phone_checkin"
R00599,P022,Shreya Das,Bhubaneswar,Odisha,2026-01-12,,72.8,3.7,2.8,No,"Indian home-care observation | Shreya Das | Bhubaneswar, Odisha | Source: wearable_sync"
R00600,P005,Vikram Singh,Mumbai,Maharashtra,2026-01-11,8.2,82.9,7.8,2.9,No,"Indian home-care observation | Vikram Singh | Mumbai, Maharashtra | Source: tablet_kiosk"
R00601,P014,Sneha Joshi,Pune,Maharashtra,2026-01-11,8.6,80.4,5.4,,No,"Indian home-care observation | Sneha Joshi | Pune, Maharashtra | Source: phone_checkin"
R00602,P033,Ganesh Iyer,Chennai,Tamil Nadu,2026-01-18,7.7,79.1,7.5,1.8,No,"Indian home-care observation | Ganesh Iyer | Chennai, Tamil Nadu | Source: phone_checkin"
R00603,P040,Deepa Thomas,Thrissur,Kerala,2026-01-13,4.1,74.8,3.9,0.3,No,"Indian home-care observation | Deepa Thomas | Thrissur, Kerala | Source: mobile_app"
R00604,P019,Deepak Verma,Chandigarh,Chandigarh,2026-01-15,7.9,84.5,6.6,2.1,No,"Indian home-care observation | Deepak Verma | Chandigarh, Chandigarh | Source: tablet_kiosk"
R00605,P029,Gopal Krishnan,Madurai,Tamil Nadu,2026-01-17,8.0,87.3,7.6,1.0,No,"Indian home-care observation | Gopal Krishnan | Madurai, Tamil Nadu | Source: mobile_app"
R00606,P004,Ananya Iyer,Bengaluru,Karnataka,2026-01-21,7.9,76.5,6.4,2.2,No,"Indian home-care observation | Ananya Iyer | Bengaluru, Karnataka | Source: phone_checkin"
R00607,P033,Ganesh Iyer,Chennai,Tamil Nadu,2026-01-19,7.9,83.1,5.4,2.4,No,"Indian home-care observation | Ganesh Iyer | Chennai, Tamil Nadu | Source: mobile_app"
R00608,P032,Bhavana R,Bengaluru,Karnataka,2026-01-15,7.7,,7.8,4.2,No,"Indian home-care observation | Bhavana R | Bengaluru, Karnataka | Source: phone_checkin"
R00609,P012,Kavya Menon,Thiruvananthapuram,Kerala,2026-01-07,7.3,96.7,7.6,2.2,No,"Indian home-care observation | Kavya Menon | Thiruvananthapuram, Kerala | Source: phone_checkin"
R00610,P007,Karthik Reddy,Hyderabad,Telangana,2026-01-19,8.6,88.6,8.2,2.9,No,"Indian home-care observation | Karthik Reddy | Hyderabad, Telangana | Source: mobile_app"
R00611,P013,Manoj Gupta,Lucknow,Uttar Pradesh,2026-01-14,9.1,82.1,7.0,2.5,No,"Indian home-care observation | Manoj Gupta | Lucknow, Uttar Pradesh | Source: tablet_kiosk"
R00612,P020,Pooja Shah,Surat,Gujarat,2026-01-14,6.5,75.4,6.0,,No,"Indian home-care observation | Pooja Shah | Surat, Gujarat | Source: phone_checkin"
R00613,P032,Bhavana R,Bengaluru,Karnataka,2026-01-16,7.8,98.7,8.6,3.9,No,"Indian home-care observation | Bhavana R | Bengaluru, Karnataka | Source: mobile_app"
R00614,P029,Gopal Krishnan,Madurai,Tamil Nadu,2026-01-18,7.6,83.6,6.9,1.9,No,"Indian home-care observation | Gopal Krishnan | Madurai, Tamil Nadu | Source: phone_checkin"
R00615,P034,Madhuri Naik,Panaji,Goa,2026-01-11,7.8,90.6,4.7,2.1,No,"Indian home-care observation | Madhuri Naik | Panaji, Goa | Source: mobile_app"
R00616,P004,Ananya Iyer,Bengaluru,Karnataka,2026-01-22,7.7,72.3,6.0,1.1,No,"Indian home-care observation | Ananya Iyer | Bengaluru, Karnataka | Source: tablet_kiosk"
R00617,P017,Naveen Kumar,Mysuru,Karnataka,2026-01-16,,78.4,6.1,1.5,No,"Indian home-care observation | Naveen Kumar | Mysuru, Karnataka | Source: phone_checkin"
R00618,P022,Shreya Das,Bhubaneswar,Odisha,2026-01-13,9.0,76.6,4.3,2.3,No,"Indian home-care observation | Shreya Das | Bhubaneswar, Odisha | Source: phone_checkin"
R00619,P017,Naveen Kumar,Mysuru,Karnataka,2026-01-17,7.5,78.5,5.4,1.4,No,"Indian home-care observation | Naveen Kumar | Mysuru, Karnataka | Source: phone_checkin"
R00620,P021,Ajay Menon,Kozhikode,Kerala,2026-01-18,8.1,79.6,5.5,5.1,No,"Indian home-care observation | Ajay Menon | Kozhikode, Kerala | Source: mobile_app"
R00621,P034,Madhuri Naik,Panaji,Goa,2026-01-12,7.9,96.6,5.4,,No,"Indian home-care observation | Madhuri Naik | Panaji, Goa | Source: wearable_sync"
R00622,P026,Keerthana S,Tiruchirappalli,Tamil Nadu,2026-01-16,7.5,83.2,6.0,1.9,No,"Indian home-care observation | Keerthana S | Tiruchirappalli, Tamil Nadu | Source: wearable_sync"
R00623,P015,Suresh Babu,Madurai,Tamil Nadu,2026-01-19,9.2,80.5,6.8,2.8,No,"Indian home-care observation | Suresh Babu | Madurai, Tamil Nadu | Source: wearable_sync"
R00624,P009,Sanjay Kumar,Jaipur,Rajasthan,2026-01-13,7.4,68.4,6.1,2.3,No,"Indian home-care observation | Sanjay Kumar | Jaipur, Rajasthan | Source: tablet_kiosk"
R00625,P020,Pooja Shah,Surat,Gujarat,2026-01-15,5.7,75.2,5.0,3.3,No,"Indian home-care observation | Pooja Shah | Surat, Gujarat | Source: phone_checkin"
R00626,P025,Ravi Prasad,Patna,Bihar,2026-01-13,7.6,70.3,8.5,1.7,Yes,"Indian home-care observation | Ravi Prasad | Patna, Bihar | Source: wearable_sync"
R00627,P013,Manoj Gupta,Lucknow,Uttar Pradesh,2026-01-15,7.0,77.6,6.0,2.3,No,"Indian home-care observation | Manoj Gupta | Lucknow, Uttar Pradesh | Source: wearable_sync"
R00628,P010,Divya Patel,Ahmedabad,Gujarat,2026-01-17,6.9,66.6,8.0,3.3,No,"Indian home-care observation | Divya Patel | Ahmedabad, Gujarat | Source: tablet_kiosk"
R00629,P022,Shreya Das,Bhubaneswar,Odisha,2026-01-14,8.6,72.6,4.2,3.2,No,"Indian home-care observation | Shreya Das | Bhubaneswar, Odisha | Source: wearable_sync"
R00630,P027,Aditya Kulkarni,Nagpur,Maharashtra,2026-01-22,6.2,79.8,8.7,2.2,No,"Indian home-care observation | Aditya Kulkarni | Nagpur, Maharashtra | Source: phone_checkin"
R00631,P007,Karthik Reddy,Hyderabad,Telangana,2026-01-20,8.5,67.4,8.3,1.2,Yes,"Indian home-care observation | Karthik Reddy | Hyderabad, Telangana | Source: mobile_app"
R00632,P031,Ashok Yadav,Kanpur,Uttar Pradesh,2026-01-15,6.7,40.1,5.7,2.2,No,"Indian home-care observation | Ashok Yadav | Kanpur, Uttar Pradesh | Source: tablet_kiosk"
R00633,P001,Arjun Mehta,Chennai,Tamil Nadu,2026-01-10,7.0,69.3,,1.8,No,"Indian home-care observation | Arjun Mehta | Chennai, Tamil Nadu | Source: tablet_kiosk"
R00634,P001,Arjun Mehta,Chennai,Tamil Nadu,2026-01-11,7.2,70.6,,1.9,No,"Indian home-care observation | Arjun Mehta | Chennai, Tamil Nadu | Source: wearable_sync"
R00635,P021,Ajay Menon,Kozhikode,Kerala,2026-01-19,7.0,81.6,4.8,3.2,No,"Indian home-care observation | Ajay Menon | Kozhikode, Kerala | Source: phone_checkin"
R00636,P002,Priya Nair,Kochi,Kerala,2026-01-17,8.1,83.5,5.6,1.8,No,"Indian home-care observation | Priya Nair | Kochi, Kerala | Source: tablet_kiosk"
R00637,P015,Suresh Babu,Madurai,Tamil Nadu,2026-01-20,10.0,75.9,7.1,4.0,No,"Indian home-care observation | Suresh Babu | Madurai, Tamil Nadu | Source: tablet_kiosk"
R00638,P040,Deepa Thomas,Thrissur,Kerala,2026-01-14,5.8,84.4,5.3,0.8,No,"Indian home-care observation | Deepa Thomas | Thrissur, Kerala | Source: nan"
R00639,P013,Manoj Gupta,Lucknow,Uttar Pradesh,2026-01-16,8.7,82.0,6.3,1.5,No,"Indian home-care observation | Manoj Gupta | Lucknow, Uttar Pradesh | Source: tablet_kiosk"
R00640,P040,Deepa Thomas,Thrissur,Kerala,2026-01-15,7.2,91.4,,0.8,No,"Indian home-care observation | Deepa Thomas | Thrissur, Kerala | Source: phone_checkin"
R00641,P005,Vikram Singh,Mumbai,Maharashtra,2026-01-12,8.1,84.7,7.0,3.1,No,"Indian home-care observation | Vikram Singh | Mumbai, Maharashtra | Source: wearable_sync"
R00642,P007,Karthik Reddy,Hyderabad,Telangana,2026-01-21,8.6,84.3,7.5,1.8,No,"Indian home-care observation | Karthik Reddy | Hyderabad, Telangana | Source: tablet_kiosk"
R00643,P009,Sanjay Kumar,Jaipur,Rajasthan,2026-01-14,7.5,79.4,7.0,2.8,No,"Indian home-care observation | Sanjay Kumar | Jaipur, Rajasthan | Source: nan"
R00644,P024,Neha Kapoor,New Delhi,Delhi,2026-01-24,8.7,97.1,8.4,1.3,No,"Indian home-care observation | Neha Kapoor | New Delhi, Delhi | Source: tablet_kiosk"
R00645,P014,Sneha Joshi,Pune,Maharashtra,2026-01-12,8.4,85.8,4.9,1.2,No,"Indian home-care observation | Sneha Joshi | Pune, Maharashtra | Source: wearable_sync"
R00646,P029,Gopal Krishnan,Madurai,Tamil Nadu,2026-01-19,7.0,83.2,6.9,3.8,No,"Indian home-care observation | Gopal Krishnan | Madurai, Tamil Nadu | Source: mobile_app"
R00647,P019,Deepak Verma,Chandigarh,Chandigarh,2026-01-16,8.2,,6.7,2.0,No,"Indian home-care observation | Deepak Verma | Chandigarh, Chandigarh | Source: phone_checkin"
R00648,P039,Imran Khan,Bhopal,Madhya Pradesh,2026-01-12,8.0,74.2,,1.4,No,"Indian home-care observation | Imran Khan | Bhopal, Madhya Pradesh | Source: mobile_app"
R00649,P021,Ajay Menon,Kozhikode,Kerala,2026-01-20,6.4,79.6,7.2,2.6,No,"Indian home-care observation | Ajay Menon | Kozhikode, Kerala | Source: mobile_app"
R00650,P022,Shreya Das,Bhubaneswar,Odisha,2026-01-15,8.3,75.2,3.2,1.7,No,"Indian home-care observation | Shreya Das | Bhubaneswar, Odisha | Source: tablet_kiosk"
R00651,P020,Pooja Shah,Surat,Gujarat,2026-01-16,6.4,77.4,6.4,2.8,No,"Indian home-care observation | Pooja Shah | Surat, Gujarat | Source: mobile_app"
R00652,P005,Vikram Singh,Mumbai,Maharashtra,2026-01-13,8.3,78.3,7.6,1.6,No,"Indian home-care observation | Vikram Singh | Mumbai, Maharashtra | Source: tablet_kiosk"
R00653,P024,Neha Kapoor,New Delhi,Delhi,2026-01-25,8.7,81.3,,3.6,No,"Indian home-care observation | Neha Kapoor | New Delhi, Delhi | Source: mobile_app"
R00654,P023,Mohan Raj,Salem,Tamil Nadu,2026-01-19,7.6,96.1,6.7,4.1,No,"Indian home-care observation | Mohan Raj | Salem, Tamil Nadu | Source: phone_checkin"
R00655,P006,Meena Krishnan,Coimbatore,Tamil Nadu,2026-01-25,5.6,89.4,,3.2,No,"Indian home-care observation | Meena Krishnan | Coimbatore, Tamil Nadu | Source: phone_checkin"
R00656,P016,Aishwarya Pillai,Kollam,Kerala,2026-01-13,7.5,89.4,8.6,1.5,No,"Indian home-care observation | Aishwarya Pillai | Kollam, Kerala | Source: tablet_kiosk"
R00657,P037,Ramesh Chandran,Puducherry,Puducherry,2026-01-24,6.4,87.8,7.7,3.8,No,"Indian home-care observation | Ramesh Chandran | Puducherry, Puducherry | Source: phone_checkin"
R00658,P001,Arjun Mehta,Chennai,Tamil Nadu,2026-01-12,,69.7,7.1,2.2,No,"Indian home-care observation | Arjun Mehta | Chennai, Tamil Nadu | Source: phone_checkin"
R00659,P036,Sowmya N,Hyderabad,Telangana,2026-01-18,7.8,87.5,8.6,,No,"Indian home-care observation | Sowmya N | Hyderabad, Telangana | Source: mobile_app"
R00660,P015,Suresh Babu,Madurai,Tamil Nadu,2026-01-21,9.4,,6.6,,No,"Indian home-care observation | Suresh Babu | Madurai, Tamil Nadu | Source: tablet_kiosk"
R00661,P039,Imran Khan,Bhopal,Madhya Pradesh,2026-01-13,7.5,75.3,7.8,3.8,No,"Indian home-care observation | Imran Khan | Bhopal, Madhya Pradesh | Source: mobile_app"
R00662,P029,Gopal Krishnan,Madurai,Tamil Nadu,2026-01-20,7.4,86.8,7.2,2.3,No,"Indian home-care observation | Gopal Krishnan | Madurai, Tamil Nadu | Source: nan"
R00663,P029,Gopal Krishnan,Madurai,Tamil Nadu,2026-01-21,7.3,85.0,7.1,3.6,No,"Indian home-care observation | Gopal Krishnan | Madurai, Tamil Nadu | Source: phone_checkin"
R00664,P031,Ashok Yadav,Kanpur,Uttar Pradesh,2026-01-16,8.9,66.4,8.4,3.2,No,"Indian home-care observation | Ashok Yadav | Kanpur, Uttar Pradesh | Source: wearable_sync"
R00665,P010,Divya Patel,Ahmedabad,Gujarat,2026-01-18,6.2,56.3,,1.1,No,"Indian home-care observation | Divya Patel | Ahmedabad, Gujarat | Source: tablet_kiosk"
R00666,P017,Naveen Kumar,Mysuru,Karnataka,2026-01-18,8.5,79.2,6.6,2.1,Yes,"Indian home-care observation | Naveen Kumar | Mysuru, Karnataka | Source: wearable_sync"
R00667,P001,Arjun Mehta,Chennai,Tamil Nadu,2026-01-13,8.6,72.4,,2.3,No,"Indian home-care observation | Arjun Mehta | Chennai, Tamil Nadu | Source: tablet_kiosk"
R00668,P009,Sanjay Kumar,Jaipur,Rajasthan,2026-01-15,7.4,73.9,6.4,3.6,No,"Indian home-care observation | Sanjay Kumar | Jaipur, Rajasthan | Source: tablet_kiosk"
R00669,P010,Divya Patel,Ahmedabad,Gujarat,2026-01-19,5.8,60.3,6.5,1.3,No,"Indian home-care observation | Divya Patel | Ahmedabad, Gujarat | Source: WEARABLE_SYNC"
R00670,P008,Lakshmi Rao,Vijayawada,Andhra Pradesh,2026-01-10,7.0,89.1,4.8,1.9,No,"Indian home-care observation | Lakshmi Rao | Vijayawada, Andhra Pradesh | Source: phone_checkin"
R00671,P038,Janani Murugan,Erode,Tamil Nadu,2026-01-13,7.5,79.0,,1.2,No,"Indian home-care observation | Janani Murugan | Erode, Tamil Nadu | Source: mobile_app"
R00672,P001,Arjun Mehta,Chennai,Tamil Nadu,2026-01-14,8.0,86.9,5.9,,No,"Indian home-care observation | Arjun Mehta | Chennai, Tamil Nadu | Source: wearable_sync"
R00673,P031,Ashok Yadav,Kanpur,Uttar Pradesh,2026-01-17,8.8,64.7,7.3,1.3,No,"Indian home-care observation | Ashok Yadav | Kanpur, Uttar Pradesh | Source: tablet_kiosk"
R00674,P015,Suresh Babu,Madurai,Tamil Nadu,2026-01-22,9.1,78.6,7.8,1.7,No,"Indian home-care observation | Suresh Babu | Madurai, Tamil Nadu | Source: phone_checkin"
R00675,P039,Imran Khan,Bhopal,Madhya Pradesh,2026-01-14,7.0,71.1,7.5,2.2,No,"Indian home-care observation | Imran Khan | Bhopal, Madhya Pradesh | Source: phone_checkin"
R00676,P026,Keerthana S,Tiruchirappalli,Tamil Nadu,2026-01-17,,81.2,5.8,3.4,No,"Indian home-care observation | Keerthana S | Tiruchirappalli, Tamil Nadu | Source: wearable_sync"
R00677,P036,Sowmya N,Hyderabad,Telangana,2026-01-19,7.8,86.4,8.4,2.9,No,"Indian home-care observation | Sowmya N | Hyderabad, Telangana | Source: tablet_kiosk"
R00678,P007,Karthik Reddy,Hyderabad,Telangana,2026-01-22,8.1,72.1,5.3,,No,"Indian home-care observation | Karthik Reddy | Hyderabad, Telangana | Source: phone_checkin"
R00679,P035,Prakash Patil,Nashik,Maharashtra,2026-01-17,6.5,75.0,7.5,0.8,No,"Indian home-care observation | Prakash Patil | Nashik, Maharashtra | Source: phone_checkin"
R00680,P003,Rahul Sharma,Delhi,Delhi,2026-01-11,8.1,69.9,7.8,3.3,No,"Indian home-care observation | Rahul Sharma | Delhi, Delhi | Source: wearable_sync"
R00681,P017,Naveen Kumar,Mysuru,Karnataka,2026-01-19,,82.7,5.9,2.2,No,"Indian home-care observation | Naveen Kumar | Mysuru, Karnataka | Source: tablet_kiosk"
R00682,P037,Ramesh Chandran,Puducherry,Puducherry,2026-01-25,6.7,81.5,,3.8,No,"Indian home-care observation | Ramesh Chandran | Puducherry, Puducherry | Source: wearable_sync"
R00683,P020,Pooja Shah,Surat,Gujarat,2026-01-17,5.4,64.6,5.1,1.7,No,"Indian home-care observation | Pooja Shah | Surat, Gujarat | Source: mobile_app"
R00684,P011,Rohan Das,Kolkata,West Bengal,2026-01-19,6.1,71.8,5.7,2.0,No,"Indian home-care observation | Rohan Das | Kolkata, West Bengal | Source: tablet_kiosk"
R00685,P024,Neha Kapoor,New Delhi,Delhi,2026-01-26,7.4,81.4,8.3,2.1,No,"Indian home-care observation | Neha Kapoor | New Delhi, Delhi | Source: mobile_app"
R00686,P002,Priya Nair,Kochi,Kerala,2026-01-18,,80.5,5.2,2.2,No,"Indian home-care observation | Priya Nair | Kochi, Kerala | Source: TABLET_KIOSK"
R00687,P038,Janani Murugan,Erode,Tamil Nadu,2026-01-14,7.2,76.2,,1.3,No,"Indian home-care observation | Janani Murugan | Erode, Tamil Nadu | Source: mobile_app"
R00688,P037,Ramesh Chandran,Puducherry,Puducherry,2026-01-26,6.6,88.0,7.4,1.3,No,"Indian home-care observation | Ramesh Chandran | Puducherry, Puducherry | Source: phone_checkin"
R00689,P020,Pooja Shah,Surat,Gujarat,2026-01-18,6.3,78.6,5.7,1.4,No,"Indian home-care observation | Pooja Shah | Surat, Gujarat | Source: tablet_kiosk"
R00690,P005,Vikram Singh,Mumbai,Maharashtra,2026-01-14,8.9,88.6,7.8,2.5,No,"Indian home-care observation | Vikram Singh | Mumbai, Maharashtra | Source: phone_checkin"
R00691,P039,Imran Khan,Bhopal,Madhya Pradesh,2026-01-15,7.0,,7.2,3.6,No,"Indian home-care observation | Imran Khan | Bhopal, Madhya Pradesh | Source: phone_checkin"
R00692,P008,Lakshmi Rao,Vijayawada,Andhra Pradesh,2026-01-11,6.0,81.0,6.4,0.9,No,"Indian home-care observation | Lakshmi Rao | Vijayawada, Andhra Pradesh | Source: wearable_sync"
R00693,P010,Divya Patel,Ahmedabad,Gujarat,2026-01-20,6.9,61.3,8.0,1.9,No,"Indian home-care observation | Divya Patel | Ahmedabad, Gujarat | Source: wearable_sync"
R00694,P021,Ajay Menon,Kozhikode,Kerala,2026-01-21,5.7,81.1,6.0,1.2,No,"Indian home-care observation | Ajay Menon | Kozhikode, Kerala | Source: nan"
R00695,P037,Ramesh Chandran,Puducherry,Puducherry,2026-01-27,6.9,92.8,7.6,2.1,No,"Indian home-care observation | Ramesh Chandran | Puducherry, Puducherry | Source: mobile_app"
R00696,P030,Nandini Shetty,Mangaluru,Karnataka,2026-01-18,6.3,60.1,3.3,0.8,No,"Indian home-care observation | Nandini Shetty | Mangaluru, Karnataka | Source: phone_checkin"
R00697,P022,Shreya Das,Bhubaneswar,Odisha,2026-01-16,7.8,73.5,,2.0,Yes,"Indian home-care observation | Shreya Das | Bhubaneswar, Odisha | Source: mobile_app"
R00698,P020,Pooja Shah,Surat,Gujarat,2026-01-19,6.3,69.2,,1.2,No,"Indian home-care observation | Pooja Shah | Surat, Gujarat | Source: phone_checkin"
R00699,P034,Madhuri Naik,Panaji,Goa,2026-01-13,8.0,97.1,6.1,3.4,No,"Indian home-care observation | Madhuri Naik | Panaji, Goa | Source: wearable_sync"
R00700,P022,Shreya Das,Bhubaneswar,Odisha,2026-01-17,8.7,72.1,3.2,3.0,No,"Indian home-care observation | Shreya Das | Bhubaneswar, Odisha | Source: PHONE_CHECKIN"
R00701,P018,Harini Reddy,Warangal,Telangana,2026-01-19,8.0,,7.7,2.7,No,"Indian home-care observation | Harini Reddy | Warangal, Telangana | Source: phone_checkin | Missing nutrition test case"
R00702,P040,Deepa Thomas,Thrissur,Kerala,2026-01-16,4.7,78.7,,0.3,No,"Indian home-care observation | Deepa Thomas | Thrissur, Kerala | Source: wearable_sync"
R00703,P029,Gopal Krishnan,Madurai,Tamil Nadu,2026-01-22,6.9,87.5,6.4,2.4,No,"Indian home-care observation | Gopal Krishnan | Madurai, Tamil Nadu | Source: mobile_app"
R00704,P026,Keerthana S,Tiruchirappalli,Tamil Nadu,2026-01-18,6.7,76.3,6.0,2.3,No,"Indian home-care observation | Keerthana S | Tiruchirappalli, Tamil Nadu | Source: wearable_sync"
R00705,P034,Madhuri Naik,Panaji,Goa,2026-01-14,8.6,,5.0,2.1,No,"Indian home-care observation | Madhuri Naik | Panaji, Goa | Source: wearable_sync"
R00706,P001,Arjun Mehta,Chennai,Tamil Nadu,2026-01-15,8.1,82.0,6.7,2.2,No,"Indian home-care observation | Arjun Mehta | Chennai, Tamil Nadu | Source: phone_checkin"
R00707,P003,Rahul Sharma,Delhi,Delhi,2026-01-12,8.1,81.2,6.7,2.6,No,"Indian home-care observation | Rahul Sharma | Delhi, Delhi | Source: wearable_sync"
R00708,P031,Ashok Yadav,Kanpur,Uttar Pradesh,2026-01-18,6.5,57.5,5.3,,No,"Indian home-care observation | Ashok Yadav | Kanpur, Uttar Pradesh | Source: wearable_sync"
R00709,P008,Lakshmi Rao,Vijayawada,Andhra Pradesh,2026-01-12,6.7,77.0,,2.4,No,"Indian home-care observation | Lakshmi Rao | Vijayawada, Andhra Pradesh | Source: phone_checkin"
R00710,P029,Gopal Krishnan,Madurai,Tamil Nadu,2026-01-23,7.3,84.6,6.8,1.7,No,"Indian home-care observation | Gopal Krishnan | Madurai, Tamil Nadu | Source: tablet_kiosk"
R00711,P029,Gopal Krishnan,Madurai,Tamil Nadu,2026-01-24,7.2,82.9,6.1,2.0,No,"Indian home-care observation | Gopal Krishnan | Madurai, Tamil Nadu | Source: wearable_sync"
R00712,P006,Meena Krishnan,Coimbatore,Tamil Nadu,2026-01-26,7.0,89.5,6.6,0.8,No,"Indian home-care observation | Meena Krishnan | Coimbatore, Tamil Nadu | Source: mobile_app"
R00713,P007,Karthik Reddy,Hyderabad,Telangana,2026-01-23,7.1,93.8,,1.6,No,"Indian home-care observation | Karthik Reddy | Hyderabad, Telangana | Source: mobile_app"
R00714,P016,Aishwarya Pillai,Kollam,Kerala,2026-01-14,7.2,89.6,9.2,2.7,No,"Indian home-care observation | Aishwarya Pillai | Kollam, Kerala | Source: PHONE_CHECKIN"
R00715,P032,Bhavana R,Bengaluru,Karnataka,2026-01-17,7.5,98.1,7.8,2.6,Yes,"Indian home-care observation | Bhavana R | Bengaluru, Karnataka | Source: tablet_kiosk"
R00716,P019,Deepak Verma,Chandigarh,Chandigarh,2026-01-17,8.8,76.7,4.8,1.6,No,"Indian home-care observation | Deepak Verma | Chandigarh, Chandigarh | Source: mobile_app"
R00717,P023,Mohan Raj,Salem,Tamil Nadu,2026-01-20,7.4,96.3,8.1,2.7,No,"Indian home-care observation | Mohan Raj | Salem, Tamil Nadu | Source: mobile_app"
R00718,P016,Aishwarya Pillai,Kollam,Kerala,2026-01-15,7.7,87.5,,1.7,No,"Indian home-care observation | Aishwarya Pillai | Kollam, Kerala | Source: mobile_app"
R00719,P027,Aditya Kulkarni,Nagpur,Maharashtra,2026-01-23,6.6,81.5,9.2,2.4,No,"Indian home-care observation | Aditya Kulkarni | Nagpur, Maharashtra | Source: mobile_app"
R00720,P030,Nandini Shetty,Mangaluru,Karnataka,2026-01-19,8.3,72.5,5.1,1.8,No,"Indian home-care observation | Nandini Shetty | Mangaluru, Karnataka | Source: phone_checkin"
R00721,P001,Arjun Mehta,Chennai,Tamil Nadu,2026-01-16,7.4,69.0,,1.9,No,"Indian home-care observation | Arjun Mehta | Chennai, Tamil Nadu | Source: wearable_sync"
R00722,P030,Nandini Shetty,Mangaluru,Karnataka,2026-01-20,8.1,73.8,4.7,0.4,No,"Indian home-care observation | Nandini Shetty | Mangaluru, Karnataka | Source: tablet_kiosk"
R00723,P026,Keerthana S,Tiruchirappalli,Tamil Nadu,2026-01-19,6.8,79.6,5.8,2.3,No,"Indian home-care observation | Keerthana S | Tiruchirappalli, Tamil Nadu | Source: wearable_sync"
R00724,P019,Deepak Verma,Chandigarh,Chandigarh,2026-01-18,9.3,75.1,,3.1,No,"Indian home-care observation | Deepak Verma | Chandigarh, Chandigarh | Source: wearable_sync"
R00725,P010,Divya Patel,Ahmedabad,Gujarat,2026-01-21,6.1,57.9,7.0,,No,"Indian home-care observation | Divya Patel | Ahmedabad, Gujarat | Source: wearable_sync"
R00726,P005,Vikram Singh,Mumbai,Maharashtra,2026-01-15,,88.1,7.3,3.2,No,"Indian home-care observation | Vikram Singh | Mumbai, Maharashtra | Source: mobile_app"
R00727,P005,Vikram Singh,Mumbai,Maharashtra,2026-01-16,9.1,80.7,7.8,1.9,No,"Indian home-care observation | Vikram Singh | Mumbai, Maharashtra | Source: phone_checkin"
R00728,P015,Suresh Babu,Madurai,Tamil Nadu,2026-01-23,9.6,76.0,7.6,,No,"Indian home-care observation | Suresh Babu | Madurai, Tamil Nadu | Source: wearable_sync"
R00729,P039,Imran Khan,Bhopal,Madhya Pradesh,2026-01-16,8.3,80.4,7.8,2.0,No,"Indian home-care observation | Imran Khan | Bhopal, Madhya Pradesh | Source: phone_checkin"
R00730,P026,Keerthana S,Tiruchirappalli,Tamil Nadu,2026-01-20,7.4,79.6,5.7,3.9,No,"Indian home-care observation | Keerthana S | Tiruchirappalli, Tamil Nadu | Source: tablet_kiosk"
R00731,P019,Deepak Verma,Chandigarh,Chandigarh,2026-01-19,8.0,75.7,6.8,1.2,No,"Indian home-care observation | Deepak Verma | Chandigarh, Chandigarh | Source: tablet_kiosk"
R00732,P009,Sanjay Kumar,Jaipur,Rajasthan,2026-01-16,7.5,76.1,6.8,4.5,No,"Indian home-care observation | Sanjay Kumar | Jaipur, Rajasthan | Source: tablet_kiosk"
R00733,P011,Rohan Das,Kolkata,West Bengal,2026-01-20,6.3,71.8,6.0,1.1,No,"Indian home-care observation | Rohan Das | Kolkata, West Bengal | Source: phone_checkin"
R00734,P025,Ravi Prasad,Patna,Bihar,2026-01-14,6.0,88.2,7.5,1.1,No,"Indian home-care observation | Ravi Prasad | Patna, Bihar | Source: mobile_app"
R00735,P028,Swathi Rao,Visakhapatnam,Andhra Pradesh,2026-01-22,7.7,84.1,6.3,4.5,No,"Indian home-care observation | Swathi Rao | Visakhapatnam, Andhra Pradesh | Source: mobile_app"
R00736,P035,Prakash Patil,Nashik,Maharashtra,2026-01-18,6.6,73.8,,3.8,No,"Indian home-care observation | Prakash Patil | Nashik, Maharashtra | Source: tablet_kiosk"
R00737,P031,Ashok Yadav,Kanpur,Uttar Pradesh,2026-01-19,6.5,58.0,6.4,1.2,No,"Indian home-care observation | Ashok Yadav | Kanpur, Uttar Pradesh | Source: wearable_sync"
R00738,P002,Priya Nair,Kochi,Kerala,2026-01-19,7.5,,6.0,2.9,No,"Indian home-care observation | Priya Nair | Kochi, Kerala | Source: nan"
R00739,P028,Swathi Rao,Visakhapatnam,Andhra Pradesh,2026-01-23,7.8,,7.0,1.6,No,"Indian home-care observation | Swathi Rao | Visakhapatnam, Andhra Pradesh | Source: phone_checkin"
R00740,P015,Suresh Babu,Madurai,Tamil Nadu,2026-01-24,9.9,75.2,6.9,2.4,No,"Indian home-care observation | Suresh Babu | Madurai, Tamil Nadu | Source: phone_checkin"
R00741,P011,Rohan Das,Kolkata,West Bengal,2026-01-21,6.4,,7.0,2.7,No,"Indian home-care observation | Rohan Das | Kolkata, West Bengal | Source: nan"
R00742,P004,Ananya Iyer,Bengaluru,Karnataka,2026-01-23,8.4,78.8,7.2,0.7,No,"Indian home-care observation | Ananya Iyer | Bengaluru, Karnataka | Source: wearable_sync"
R00743,P019,Deepak Verma,Chandigarh,Chandigarh,2026-01-20,8.5,74.6,7.4,3.1,No,"Indian home-care observation | Deepak Verma | Chandigarh, Chandigarh | Source: tablet_kiosk"
R00744,P023,Mohan Raj,Salem,Tamil Nadu,2026-01-21,6.3,92.5,6.5,2.6,No,"Indian home-care observation | Mohan Raj | Salem, Tamil Nadu | Source: phone_checkin"
R00745,P030,Nandini Shetty,Mangaluru,Karnataka,2026-01-21,7.5,87.1,4.3,2.6,No,"Indian home-care observation | Nandini Shetty | Mangaluru, Karnataka | Source: mobile_app"
R00746,P034,Madhuri Naik,Panaji,Goa,2026-01-15,7.9,85.1,6.3,2.1,No,"Indian home-care observation | Madhuri Naik | Panaji, Goa | Source: wearable_sync"
R00747,P013,Manoj Gupta,Lucknow,Uttar Pradesh,2026-01-17,8.9,87.5,5.9,1.1,No,"Indian home-care observation | Manoj Gupta | Lucknow, Uttar Pradesh | Source: wearable_sync"
R00748,P011,Rohan Das,Kolkata,West Bengal,2026-01-22,6.1,74.3,6.1,3.4,No,"Indian home-care observation | Rohan Das | Kolkata, West Bengal | Source: tablet_kiosk"
R00749,P016,Aishwarya Pillai,Kollam,Kerala,2026-01-16,7.6,87.5,8.5,2.9,No,"Indian home-care observation | Aishwarya Pillai | Kollam, Kerala | Source: phone_checkin"
R00750,P014,Sneha Joshi,Pune,Maharashtra,2026-01-13,8.4,81.4,5.5,2.7,No,"Indian home-care observation | Sneha Joshi | Pune, Maharashtra | Source: mobile_app"
R00751,P011,Rohan Das,Kolkata,West Bengal,2026-01-23,6.1,75.2,6.6,1.5,No,"Indian home-care observation | Rohan Das | Kolkata, West Bengal | Source: phone_checkin"
R00752,P031,Ashok Yadav,Kanpur,Uttar Pradesh,2026-01-20,7.1,54.5,6.8,2.8,No,"Indian home-care observation | Ashok Yadav | Kanpur, Uttar Pradesh | Source: tablet_kiosk"
R00753,P009,Sanjay Kumar,Jaipur,Rajasthan,2026-01-17,,79.2,6.5,1.5,No,"Indian home-care observation | Sanjay Kumar | Jaipur, Rajasthan | Source: mobile_app"
R00754,P013,Manoj Gupta,Lucknow,Uttar Pradesh,2026-01-18,8.0,78.1,6.2,1.7,No,"Indian home-care observation | Manoj Gupta | Lucknow, Uttar Pradesh | Source: wearable_sync"
R00755,P018,Harini Reddy,Warangal,Telangana,2026-01-20,8.4,83.8,7.0,1.7,No,"Indian home-care observation | Harini Reddy | Warangal, Telangana | Source: mobile_app"
R00756,P019,Deepak Verma,Chandigarh,Chandigarh,2026-01-21,7.3,82.0,6.2,0.7,No,"Indian home-care observation | Deepak Verma | Chandigarh, Chandigarh | Source: phone_checkin"
R00757,P001,Arjun Mehta,Chennai,Tamil Nadu,2026-01-17,8.2,83.2,7.3,2.7,No,"Indian home-care observation | Arjun Mehta | Chennai, Tamil Nadu | Source: tablet_kiosk"
R00758,P036,Sowmya N,Hyderabad,Telangana,2026-01-20,8.1,87.7,7.8,2.8,No,"Indian home-care observation | Sowmya N | Hyderabad, Telangana | Source: tablet_kiosk"
R00759,P001,Arjun Mehta,Chennai,Tamil Nadu,2026-01-18,7.8,80.8,,1.0,No,"Indian home-care observation | Arjun Mehta | Chennai, Tamil Nadu | Source: PHONE_CHECKIN"
R00760,P018,Harini Reddy,Warangal,Telangana,2026-01-21,7.7,76.3,6.9,1.4,No,"Indian home-care observation | Harini Reddy | Warangal, Telangana | Source: phone_checkin"
R00761,P003,Rahul Sharma,Delhi,Delhi,2026-01-13,7.3,65.4,6.3,3.8,No,"Indian home-care observation | Rahul Sharma | Delhi, Delhi | Source: nan"
R00762,P005,Vikram Singh,Mumbai,Maharashtra,2026-01-17,8.4,81.9,7.5,2.1,No,"Indian home-care observation | Vikram Singh | Mumbai, Maharashtra | Source: tablet_kiosk"
R00763,P009,Sanjay Kumar,Jaipur,Rajasthan,2026-01-18,7.4,75.6,7.1,0.9,No,"Indian home-care observation | Sanjay Kumar | Jaipur, Rajasthan | Source: mobile_app"
R00764,P015,Suresh Babu,Madurai,Tamil Nadu,2026-01-25,9.9,70.7,,2.6,No,"Indian home-care observation | Suresh Babu | Madurai, Tamil Nadu | Source: tablet_kiosk"
R00765,P006,Meena Krishnan,Coimbatore,Tamil Nadu,2026-01-27,6.3,93.5,,3.4,No,"Indian home-care observation | Meena Krishnan | Coimbatore, Tamil Nadu | Source: tablet_kiosk"
R00766,P034,Madhuri Naik,Panaji,Goa,2026-01-16,8.4,82.9,5.3,2.1,No,"Indian home-care observation | Madhuri Naik | Panaji, Goa | Source: wearable_sync"
R00767,P019,Deepak Verma,Chandigarh,Chandigarh,2026-01-22,8.5,64.3,7.0,3.1,No,"Indian home-care observation | Deepak Verma | Chandigarh, Chandigarh | Source: wearable_sync"
R00768,P028,Swathi Rao,Visakhapatnam,Andhra Pradesh,2026-01-24,7.7,,6.1,2.1,No,"Indian home-care observation | Swathi Rao | Visakhapatnam, Andhra Pradesh | Source: phone_checkin"
R00769,P039,Imran Khan,Bhopal,Madhya Pradesh,2026-01-17,8.0,71.2,,1.7,No,"Indian home-care observation | Imran Khan | Bhopal, Madhya Pradesh | Source: wearable_sync"
R00770,P017,Naveen Kumar,Mysuru,Karnataka,2026-01-20,7.8,81.7,,2.3,No,"Indian home-care observation | Naveen Kumar | Mysuru, Karnataka | Source: tablet_kiosk"
R00771,P031,Ashok Yadav,Kanpur,Uttar Pradesh,2026-01-21,7.6,48.4,6.7,0.0,No,"Indian home-care observation | Ashok Yadav | Kanpur, Uttar Pradesh | Source: mobile_app"
R00772,P022,Shreya Das,Bhubaneswar,Odisha,2026-01-18,7.8,,3.4,1.9,No,"Indian home-care observation | Shreya Das | Bhubaneswar, Odisha | Source: mobile_app"
R00773,P010,Divya Patel,Ahmedabad,Gujarat,2026-01-22,6.9,58.4,6.9,1.1,No,"Indian home-care observation | Divya Patel | Ahmedabad, Gujarat | Source: nan"
R00774,P035,Prakash Patil,Nashik,Maharashtra,2026-01-19,6.3,67.8,5.9,2.9,No,"Indian home-care observation | Prakash Patil | Nashik, Maharashtra | Source: phone_checkin"
R00775,P035,Prakash Patil,Nashik,Maharashtra,2026-01-20,6.4,,6.9,0.6,No,"Indian home-care observation | Prakash Patil | Nashik, Maharashtra | Source: wearable_sync"
R00776,P032,Bhavana R,Bengaluru,Karnataka,2026-01-18,8.0,94.0,8.2,2.4,No,"Indian home-care observation | Bhavana R | Bengaluru, Karnataka | Source: tablet_kiosk"
R00777,P038,Janani Murugan,Erode,Tamil Nadu,2026-01-15,6.9,64.6,7.2,1.2,No,"Indian home-care observation | Janani Murugan | Erode, Tamil Nadu | Source: tablet_kiosk"
R00778,P022,Shreya Das,Bhubaneswar,Odisha,2026-01-19,8.3,71.1,3.7,2.6,No,"Indian home-care observation | Shreya Das | Bhubaneswar, Odisha | Source: phone_checkin"
R00779,P024,Neha Kapoor,New Delhi,Delhi,2026-01-27,7.4,93.6,6.6,1.4,No,"Indian home-care observation | Neha Kapoor | New Delhi, Delhi | Source: nan"
R00780,P014,Sneha Joshi,Pune,Maharashtra,2026-01-14,8.9,85.9,,2.5,No,"Indian home-care observation | Sneha Joshi | Pune, Maharashtra | Source: phone_checkin"
R00781,P008,Lakshmi Rao,Vijayawada,Andhra Pradesh,2026-01-13,6.9,73.7,,1.9,No,"Indian home-care observation | Lakshmi Rao | Vijayawada, Andhra Pradesh | Source: mobile_app"
R00782,P025,Ravi Prasad,Patna,Bihar,2026-01-15,6.9,80.8,9.5,2.8,No,"Indian home-care observation | Ravi Prasad | Patna, Bihar | Source: mobile_app"
R00783,P034,Madhuri Naik,Panaji,Goa,2026-01-17,8.0,92.9,5.0,1.8,Yes,"Indian home-care observation | Madhuri Naik | Panaji, Goa | Source: tablet_kiosk"
R00784,P033,Ganesh Iyer,Chennai,Tamil Nadu,2026-01-20,9.0,77.4,6.7,2.9,No,"Indian home-care observation | Ganesh Iyer | Chennai, Tamil Nadu | Source: nan"
R00785,P035,Prakash Patil,Nashik,Maharashtra,2026-01-21,6.1,73.1,6.8,3.2,Yes,"Indian home-care observation | Prakash Patil | Nashik, Maharashtra | Source: tablet_kiosk"
R00786,P026,Keerthana S,Tiruchirappalli,Tamil Nadu,2026-01-21,7.1,81.4,5.1,1.9,No,"Indian home-care observation | Keerthana S | Tiruchirappalli, Tamil Nadu | Source: mobile_app"
R00787,P001,Arjun Mehta,Chennai,Tamil Nadu,2026-01-19,7.3,80.8,7.2,1.0,No,"Indian home-care observation | Arjun Mehta | Chennai, Tamil Nadu | Source: mobile_app"
R00788,P033,Ganesh Iyer,Chennai,Tamil Nadu,2026-01-21,8.0,80.9,6.2,3.2,No,"Indian home-care observation | Ganesh Iyer | Chennai, Tamil Nadu | Source: wearable_sync"
R00789,P039,Imran Khan,Bhopal,Madhya Pradesh,2026-01-18,7.8,82.6,,2.3,No,"Indian home-care observation | Imran Khan | Bhopal, Madhya Pradesh | Source: tablet_kiosk"
R00790,P038,Janani Murugan,Erode,Tamil Nadu,2026-01-16,7.5,84.7,7.2,3.1,No,"Indian home-care observation | Janani Murugan | Erode, Tamil Nadu | Source: wearable_sync"
R00791,P007,Karthik Reddy,Hyderabad,Telangana,2026-01-24,8.8,75.5,7.2,3.5,No,"Indian home-care observation | Karthik Reddy | Hyderabad, Telangana | Source: phone_checkin"
R00792,P006,Meena Krishnan,Coimbatore,Tamil Nadu,2026-01-28,5.7,83.1,6.0,2.3,No,"Indian home-care observation | Meena Krishnan | Coimbatore, Tamil Nadu | Source: phone_checkin"
R00793,P026,Keerthana S,Tiruchirappalli,Tamil Nadu,2026-01-22,7.0,80.9,5.8,3.7,No,"Indian home-care observation | Keerthana S | Tiruchirappalli, Tamil Nadu | Source: phone_checkin"
R00794,P003,Rahul Sharma,Delhi,Delhi,2026-01-14,6.9,84.0,,,No,"Indian home-care observation | Rahul Sharma | Delhi, Delhi | Source: mobile_app"
R00795,P032,Bhavana R,Bengaluru,Karnataka,2026-01-19,6.8,88.3,7.8,1.8,No,"Indian home-care observation | Bhavana R | Bengaluru, Karnataka | Source: tablet_kiosk"
R00796,P008,Lakshmi Rao,Vijayawada,Andhra Pradesh,2026-01-14,5.8,58.2,5.2,1.2,No,"Indian home-care observation | Lakshmi Rao | Vijayawada, Andhra Pradesh | Source: tablet_kiosk"
R00797,P039,Imran Khan,Bhopal,Madhya Pradesh,2026-01-19,8.0,72.6,7.7,3.2,No,"Indian home-care observation | Imran Khan | Bhopal, Madhya Pradesh | Source: mobile_app"
R00798,P010,Divya Patel,Ahmedabad,Gujarat,2026-01-23,6.9,67.5,7.6,1.8,No,"Indian home-care observation | Divya Patel | Ahmedabad, Gujarat | Source: wearable_sync"
R00799,P012,Kavya Menon,Thiruvananthapuram,Kerala,2026-01-08,6.7,82.2,7.7,3.8,No,"Indian home-care observation | Kavya Menon | Thiruvananthapuram, Kerala | Source: tablet_kiosk"
R00800,P035,Prakash Patil,Nashik,Maharashtra,2026-01-22,5.9,67.8,6.5,0.9,No,"Indian home-care observation | Prakash Patil | Nashik, Maharashtra | Source: tablet_kiosk"
R00801,P026,Keerthana S,Tiruchirappalli,Tamil Nadu,2026-01-23,6.4,78.2,6.0,2.2,No,"Indian home-care observation | Keerthana S | Tiruchirappalli, Tamil Nadu | Source: tablet_kiosk"
R00802,P031,Ashok Yadav,Kanpur,Uttar Pradesh,2026-01-22,6.2,51.3,4.9,0.3,No,"Indian home-care observation | Ashok Yadav | Kanpur, Uttar Pradesh | Source: wearable_sync"
R00803,P004,Ananya Iyer,Bengaluru,Karnataka,2026-01-24,6.9,67.3,5.6,1.9,No,"Indian home-care observation | Ananya Iyer | Bengaluru, Karnataka | Source: phone_checkin"
R00804,P011,Rohan Das,Kolkata,West Bengal,2026-01-24,6.7,80.0,5.9,3.1,No,"Indian home-care observation | Rohan Das | Kolkata, West Bengal | Source: tablet_kiosk"
R00805,P031,Ashok Yadav,Kanpur,Uttar Pradesh,2026-01-23,7.0,48.2,6.1,0.0,No,"Indian home-care observation | Ashok Yadav | Kanpur, Uttar Pradesh | Source: nan"
R00806,P004,Ananya Iyer,Bengaluru,Karnataka,2026-01-25,,69.7,,1.5,No,"Indian home-care observation | Ananya Iyer | Bengaluru, Karnataka | Source: phone_checkin"
R00807,P003,Rahul Sharma,Delhi,Delhi,2026-01-15,8.2,72.6,6.2,2.2,No,"Indian home-care observation | Rahul Sharma | Delhi, Delhi | Source: wearable_sync"
R00808,P003,Rahul Sharma,Delhi,Delhi,2026-01-16,7.8,75.5,7.2,,No,"Indian home-care observation | Rahul Sharma | Delhi, Delhi | Source: phone_checkin"
R00809,P029,Gopal Krishnan,Madurai,Tamil Nadu,2026-01-25,7.8,79.3,7.9,3.3,No,"Indian home-care observation | Gopal Krishnan | Madurai, Tamil Nadu | Source: tablet_kiosk"
R00810,P013,Manoj Gupta,Lucknow,Uttar Pradesh,2026-01-19,8.3,82.3,5.6,0.7,No,"Indian home-care observation | Manoj Gupta | Lucknow, Uttar Pradesh | Source: mobile_app"
R00811,P034,Madhuri Naik,Panaji,Goa,2026-01-18,,87.6,6.0,2.5,No,"Indian home-care observation | Madhuri Naik | Panaji, Goa | Source: tablet_kiosk"
R00812,P037,Ramesh Chandran,Puducherry,Puducherry,2026-01-28,6.9,84.2,7.7,,No,"Indian home-care observation | Ramesh Chandran | Puducherry, Puducherry | Source: wearable_sync"
R00813,P022,Shreya Das,Bhubaneswar,Odisha,2026-01-20,8.2,76.3,3.6,2.5,No,"Indian home-care observation | Shreya Das | Bhubaneswar, Odisha | Source: phone_checkin"
R00814,P039,Imran Khan,Bhopal,Madhya Pradesh,2026-01-20,8.2,77.7,8.1,3.2,No,"Indian home-care observation | Imran Khan | Bhopal, Madhya Pradesh | Source: wearable_sync"
R00815,P011,Rohan Das,Kolkata,West Bengal,2026-01-25,6.8,77.9,5.6,2.3,Yes,"Indian home-care observation | Rohan Das | Kolkata, West Bengal | Source: wearable_sync"
R00816,P014,Sneha Joshi,Pune,Maharashtra,2026-01-15,7.5,66.4,5.3,3.8,No,"Indian home-care observation | Sneha Joshi | Pune, Maharashtra | Source: tablet_kiosk"
R00817,P027,Aditya Kulkarni,Nagpur,Maharashtra,2026-01-24,,70.2,10.0,2.5,No,"Indian home-care observation | Aditya Kulkarni | Nagpur, Maharashtra | Source: wearable_sync"
R00818,P035,Prakash Patil,Nashik,Maharashtra,2026-01-23,6.2,,6.3,0.2,No,"Indian home-care observation | Prakash Patil | Nashik, Maharashtra | Source: phone_checkin"
R00819,P021,Ajay Menon,Kozhikode,Kerala,2026-01-22,6.8,77.1,,2.7,No,"Indian home-care observation | Ajay Menon | Kozhikode, Kerala | Source: mobile_app"
R00820,P028,Swathi Rao,Visakhapatnam,Andhra Pradesh,2026-01-25,7.7,85.6,6.1,,No,"Indian home-care observation | Swathi Rao | Visakhapatnam, Andhra Pradesh | Source: wearable_sync"
R00821,P026,Keerthana S,Tiruchirappalli,Tamil Nadu,2026-01-24,6.4,84.2,5.7,2.3,No,"Indian home-care observation | Keerthana S | Tiruchirappalli, Tamil Nadu | Source: wearable_sync"
R00822,P037,Ramesh Chandran,Puducherry,Puducherry,2026-01-29,7.6,90.7,7.6,2.7,No,"Indian home-care observation | Ramesh Chandran | Puducherry, Puducherry | Source: tablet_kiosk"
R00823,P004,Ananya Iyer,Bengaluru,Karnataka,2026-01-26,6.2,,5.5,0.0,No,"Indian home-care observation | Ananya Iyer | Bengaluru, Karnataka | Source: mobile_app"
R00824,P029,Gopal Krishnan,Madurai,Tamil Nadu,2026-01-26,6.6,,6.8,3.1,No,"Indian home-care observation | Gopal Krishnan | Madurai, Tamil Nadu | Source: phone_checkin"
R00825,P028,Swathi Rao,Visakhapatnam,Andhra Pradesh,2026-01-26,7.9,87.7,6.8,,No,"Indian home-care observation | Swathi Rao | Visakhapatnam, Andhra Pradesh | Source: wearable_sync"
R00826,P012,Kavya Menon,Thiruvananthapuram,Kerala,2026-01-09,5.9,87.2,7.5,0.6,No,"Indian home-care observation | Kavya Menon | Thiruvananthapuram, Kerala | Source: wearable_sync"
R00827,P030,Nandini Shetty,Mangaluru,Karnataka,2026-01-22,6.1,67.6,,1.3,No,"Indian home-care observation | Nandini Shetty | Mangaluru, Karnataka | Source: phone_checkin"
R00828,P005,Vikram Singh,Mumbai,Maharashtra,2026-01-18,8.2,82.7,8.3,2.1,No,"Indian home-care observation | Vikram Singh | Mumbai, Maharashtra | Source: tablet_kiosk"
R00829,P010,Divya Patel,Ahmedabad,Gujarat,2026-01-24,6.5,63.5,6.9,2.3,No,"Indian home-care observation | Divya Patel | Ahmedabad, Gujarat | Source: tablet_kiosk"
R00830,P035,Prakash Patil,Nashik,Maharashtra,2026-01-24,6.7,75.9,7.2,2.8,No,"Indian home-care observation | Prakash Patil | Nashik, Maharashtra | Source: phone_checkin"
R00831,P028,Swathi Rao,Visakhapatnam,Andhra Pradesh,2026-01-27,7.0,84.5,6.5,3.1,No,"Indian home-care observation | Swathi Rao | Visakhapatnam, Andhra Pradesh | Source: mobile_app"
R00832,P013,Manoj Gupta,Lucknow,Uttar Pradesh,2026-01-20,8.0,76.6,6.2,1.9,No,"Indian home-care observation | Manoj Gupta | Lucknow, Uttar Pradesh | Source: wearable_sync"
R00833,P025,Ravi Prasad,Patna,Bihar,2026-01-16,7.9,85.0,9.0,3.0,No,"Indian home-care observation | Ravi Prasad | Patna, Bihar | Source: tablet_kiosk"
R00834,P028,Swathi Rao,Visakhapatnam,Andhra Pradesh,2026-01-28,7.6,90.9,6.1,3.0,No,"Indian home-care observation | Swathi Rao | Visakhapatnam, Andhra Pradesh | Source: phone_checkin"
R00835,P020,Pooja Shah,Surat,Gujarat,2026-01-20,5.7,77.5,5.9,1.6,No,"Indian home-care observation | Pooja Shah | Surat, Gujarat | Source: phone_checkin"
R00836,P010,Divya Patel,Ahmedabad,Gujarat,2026-01-25,5.5,55.2,7.0,2.0,No,"Indian home-care observation | Divya Patel | Ahmedabad, Gujarat | Source: wearable_sync"
R00837,P036,Sowmya N,Hyderabad,Telangana,2026-01-21,8.1,85.0,7.1,1.7,No,"Indian home-care observation | Sowmya N | Hyderabad, Telangana | Source: phone_checkin"
R00838,P037,Ramesh Chandran,Puducherry,Puducherry,2026-01-30,7.4,,7.3,2.2,No,"Indian home-care observation | Ramesh Chandran | Puducherry, Puducherry | Source: phone_checkin"
R00839,P004,Ananya Iyer,Bengaluru,Karnataka,2026-01-27,6.5,62.3,5.4,0.0,No,"Indian home-care observation | Ananya Iyer | Bengaluru, Karnataka | Source: phone_checkin"
R00840,P001,Arjun Mehta,Chennai,Tamil Nadu,2026-01-20,7.4,66.8,6.6,1.7,No,"Indian home-care observation | Arjun Mehta | Chennai, Tamil Nadu | Source: phone_checkin"
R00841,P002,Priya Nair,Kochi,Kerala,2026-01-20,7.6,82.3,6.3,2.3,No,"Indian home-care observation | Priya Nair | Kochi, Kerala | Source: wearable_sync"
R00842,P007,Karthik Reddy,Hyderabad,Telangana,2026-01-25,8.2,91.1,7.5,,No,"Indian home-care observation | Karthik Reddy | Hyderabad, Telangana | Source: phone_checkin"
R00843,P025,Ravi Prasad,Patna,Bihar,2026-01-17,8.0,83.9,7.3,4.4,No,"Indian home-care observation | Ravi Prasad | Patna, Bihar | Source: wearable_sync"
R00844,P026,Keerthana S,Tiruchirappalli,Tamil Nadu,2026-01-25,7.4,86.5,5.3,3.1,No,"Indian home-care observation | Keerthana S | Tiruchirappalli, Tamil Nadu | Source: mobile_app"
R00845,P027,Aditya Kulkarni,Nagpur,Maharashtra,2026-01-25,6.7,79.1,8.2,2.0,No,"Indian home-care observation | Aditya Kulkarni | Nagpur, Maharashtra | Source: wearable_sync"
R00846,P026,Keerthana S,Tiruchirappalli,Tamil Nadu,2026-01-26,7.5,87.6,6.7,4.2,No,"Indian home-care observation | Keerthana S | Tiruchirappalli, Tamil Nadu | Source: mobile_app"
R00847,P011,Rohan Das,Kolkata,West Bengal,2026-01-26,6.6,77.2,5.7,2.8,No,"Indian home-care observation | Rohan Das | Kolkata, West Bengal | Source: wearable_sync"
R00848,P038,Janani Murugan,Erode,Tamil Nadu,2026-01-17,7.2,59.1,6.4,2.6,No,"Indian home-care observation | Janani Murugan | Erode, Tamil Nadu | Source: wearable_sync"
R00849,P038,Janani Murugan,Erode,Tamil Nadu,2026-01-18,6.8,73.3,7.3,3.0,No,"Indian home-care observation | Janani Murugan | Erode, Tamil Nadu | Source: phone_checkin"
R00850,P025,Ravi Prasad,Patna,Bihar,2026-01-18,8.0,92.1,9.3,1.3,No,"Indian home-care observation | Ravi Prasad | Patna, Bihar | Source: phone_checkin"
R00851,P039,Imran Khan,Bhopal,Madhya Pradesh,2026-01-21,8.2,75.0,7.9,,No,"Indian home-care observation | Imran Khan | Bhopal, Madhya Pradesh | Source: phone_checkin"
R00852,P005,Vikram Singh,Mumbai,Maharashtra,2026-01-19,9.3,77.9,7.8,0.6,No,"Indian home-care observation | Vikram Singh | Mumbai, Maharashtra | Source: tablet_kiosk"
R00853,P038,Janani Murugan,Erode,Tamil Nadu,2026-01-19,7.4,76.5,6.7,1.2,No,"Indian home-care observation | Janani Murugan | Erode, Tamil Nadu | Source: mobile_app"
R00854,P023,Mohan Raj,Salem,Tamil Nadu,2026-01-22,5.7,90.2,6.6,3.6,No,"Indian home-care observation | Mohan Raj | Salem, Tamil Nadu | Source: tablet_kiosk"
R00855,P032,Bhavana R,Bengaluru,Karnataka,2026-01-20,7.1,91.0,7.9,2.9,No,"Indian home-care observation | Bhavana R | Bengaluru, Karnataka | Source: tablet_kiosk"
R00856,P036,Sowmya N,Hyderabad,Telangana,2026-01-22,8.0,83.4,7.4,2.9,No,"Indian home-care observation | Sowmya N | Hyderabad, Telangana | Source: phone_checkin"
R00857,P012,Kavya Menon,Thiruvananthapuram,Kerala,2026-01-10,,91.2,8.8,3.3,No,"Indian home-care observation | Kavya Menon | Thiruvananthapuram, Kerala | Source: tablet_kiosk"
R00858,P011,Rohan Das,Kolkata,West Bengal,2026-01-27,6.0,70.4,6.0,1.7,No,"Indian home-care observation | Rohan Das | Kolkata, West Bengal | Source: wearable_sync"
R00859,P035,Prakash Patil,Nashik,Maharashtra,2026-01-25,5.6,65.7,6.2,1.8,No,"Indian home-care observation | Prakash Patil | Nashik, Maharashtra | Source: phone_checkin"
R00860,P034,Madhuri Naik,Panaji,Goa,2026-01-19,8.3,87.5,4.4,3.0,No,"Indian home-care observation | Madhuri Naik | Panaji, Goa | Source: mobile_app"
R00861,P013,Manoj Gupta,Lucknow,Uttar Pradesh,2026-01-21,8.5,85.5,7.8,2.7,No,"Indian home-care observation | Manoj Gupta | Lucknow, Uttar Pradesh | Source: phone_checkin"
R00862,P011,Rohan Das,Kolkata,West Bengal,2026-01-28,6.3,,5.8,1.7,No,"Indian home-care observation | Rohan Das | Kolkata, West Bengal | Source: wearable_sync"
R00863,P023,Mohan Raj,Salem,Tamil Nadu,2026-01-23,7.0,100.0,7.9,,No,"Indian home-care observation | Mohan Raj | Salem, Tamil Nadu | Source: mobile_app"
R00864,P035,Prakash Patil,Nashik,Maharashtra,2026-01-26,,70.7,6.8,0.8,No,"Indian home-care observation | Prakash Patil | Nashik, Maharashtra | Source: mobile_app"
R00865,P024,Neha Kapoor,New Delhi,Delhi,2026-01-28,7.4,,8.6,3.0,No,"Indian home-care observation | Neha Kapoor | New Delhi, Delhi | Source: wearable_sync"
R00866,P002,Priya Nair,Kochi,Kerala,2026-01-21,7.9,78.3,7.2,1.4,No,"Indian home-care observation | Priya Nair | Kochi, Kerala | Source: mobile_app"
R00867,P032,Bhavana R,Bengaluru,Karnataka,2026-01-21,7.6,96.0,8.2,2.8,No,"Indian home-care observation | Bhavana R | Bengaluru, Karnataka | Source: wearable_sync"
R00868,P022,Shreya Das,Bhubaneswar,Odisha,2026-01-21,8.5,76.4,4.5,1.9,No,"Indian home-care observation | Shreya Das | Bhubaneswar, Odisha | Source: tablet_kiosk"
R00869,P023,Mohan Raj,Salem,Tamil Nadu,2026-01-24,7.1,100.0,7.5,2.2,No,"Indian home-care observation | Mohan Raj | Salem, Tamil Nadu | Source: tablet_kiosk"
R00870,P008,Lakshmi Rao,Vijayawada,Andhra Pradesh,2026-01-15,6.9,71.4,7.8,2.4,No,"Indian home-care observation | Lakshmi Rao | Vijayawada, Andhra Pradesh | Source: mobile_app"
R00871,P009,Sanjay Kumar,Jaipur,Rajasthan,2026-01-19,7.6,76.0,6.2,2.5,No,"Indian home-care observation | Sanjay Kumar | Jaipur, Rajasthan | Source: nan"
R00872,P016,Aishwarya Pillai,Kollam,Kerala,2026-01-17,7.3,88.8,8.9,2.4,No,"Indian home-care observation | Aishwarya Pillai | Kollam, Kerala | Source: mobile_app"
R00873,P014,Sneha Joshi,Pune,Maharashtra,2026-01-16,7.4,72.1,6.1,2.1,No,"Indian home-care observation | Sneha Joshi | Pune, Maharashtra | Source: phone_checkin"
R00874,P021,Ajay Menon,Kozhikode,Kerala,2026-01-23,6.6,86.1,,2.2,No,"Indian home-care observation | Ajay Menon | Kozhikode, Kerala | Source: tablet_kiosk"
R00875,P013,Manoj Gupta,Lucknow,Uttar Pradesh,2026-01-22,8.2,81.8,6.8,1.9,No,"Indian home-care observation | Manoj Gupta | Lucknow, Uttar Pradesh | Source: mobile_app"
R00876,P013,Manoj Gupta,Lucknow,Uttar Pradesh,2026-01-23,8.0,79.2,7.2,2.7,No,"Indian home-care observation | Manoj Gupta | Lucknow, Uttar Pradesh | Source: wearable_sync"
R00877,P004,Ananya Iyer,Bengaluru,Karnataka,2026-01-28,8.5,83.4,6.9,1.9,No,"Indian home-care observation | Ananya Iyer | Bengaluru, Karnataka | Source: mobile_app"
R00878,P031,Ashok Yadav,Kanpur,Uttar Pradesh,2026-01-24,6.3,34.8,5.2,0.9,Yes,"Indian home-care observation | Ashok Yadav | Kanpur, Uttar Pradesh | Source: tablet_kiosk"
R00879,P032,Bhavana R,Bengaluru,Karnataka,2026-01-22,7.7,84.6,8.1,2.4,No,"Indian home-care observation | Bhavana R | Bengaluru, Karnataka | Source: wearable_sync"
R00880,P023,Mohan Raj,Salem,Tamil Nadu,2026-01-25,7.0,100.0,6.8,3.1,No,"Indian home-care observation | Mohan Raj | Salem, Tamil Nadu | Source: wearable_sync"
R00881,P020,Pooja Shah,Surat,Gujarat,2026-01-21,6.7,79.6,4.8,2.0,No,"Indian home-care observation | Pooja Shah | Surat, Gujarat | Source: tablet_kiosk"
R00882,P030,Nandini Shetty,Mangaluru,Karnataka,2026-01-23,8.8,81.4,4.8,1.5,No,"Indian home-care observation | Nandini Shetty | Mangaluru, Karnataka | Source: wearable_sync"
R00883,P038,Janani Murugan,Erode,Tamil Nadu,2026-01-20,9.2,78.0,6.1,1.5,No,"Indian home-care observation | Janani Murugan | Erode, Tamil Nadu | Source: wearable_sync"
R00884,P028,Swathi Rao,Visakhapatnam,Andhra Pradesh,2026-01-29,7.7,87.0,6.6,3.8,Yes,"Indian home-care observation | Swathi Rao | Visakhapatnam, Andhra Pradesh | Source: phone_checkin"
R00885,P021,Ajay Menon,Kozhikode,Kerala,2026-01-24,6.1,73.9,6.6,3.4,No,"Indian home-care observation | Ajay Menon | Kozhikode, Kerala | Source: mobile_app"
R00886,P012,Kavya Menon,Thiruvananthapuram,Kerala,2026-01-11,6.8,96.1,8.5,4.4,No,"Indian home-care observation | Kavya Menon | Thiruvananthapuram, Kerala | Source: wearable_sync"
R00887,P024,Neha Kapoor,New Delhi,Delhi,2026-01-29,7.5,100.0,7.5,1.9,No,"Indian home-care observation | Neha Kapoor | New Delhi, Delhi | Source: wearable_sync"
R00888,P038,Janani Murugan,Erode,Tamil Nadu,2026-01-21,6.9,75.7,7.3,2.9,No,"Indian home-care observation | Janani Murugan | Erode, Tamil Nadu | Source: tablet_kiosk"
R00889,P031,Ashok Yadav,Kanpur,Uttar Pradesh,2026-01-25,6.1,48.8,5.7,0.0,No,"Indian home-care observation | Ashok Yadav | Kanpur, Uttar Pradesh | Source: wearable_sync"
R00890,P026,Keerthana S,Tiruchirappalli,Tamil Nadu,2026-01-27,6.8,76.9,5.8,0.9,No,"Indian home-care observation | Keerthana S | Tiruchirappalli, Tamil Nadu | Source: tablet_kiosk"
R00891,P026,Keerthana S,Tiruchirappalli,Tamil Nadu,2026-01-28,7.0,87.7,5.5,3.1,No,"Indian home-care observation | Keerthana S | Tiruchirappalli, Tamil Nadu | Source: wearable_sync"
R00892,P023,Mohan Raj,Salem,Tamil Nadu,2026-01-26,5.9,94.2,4.8,1.3,No,"Indian home-care observation | Mohan Raj | Salem, Tamil Nadu | Source: wearable_sync"
R00893,P024,Neha Kapoor,New Delhi,Delhi,2026-01-30,7.1,82.3,,3.6,No,"Indian home-care observation | Neha Kapoor | New Delhi, Delhi | Source: mobile_app"
R00894,P035,Prakash Patil,Nashik,Maharashtra,2026-01-27,7.7,72.6,7.7,3.3,No,"Indian home-care observation | Prakash Patil | Nashik, Maharashtra | Source: tablet_kiosk"
R00895,P031,Ashok Yadav,Kanpur,Uttar Pradesh,2026-01-26,,52.2,6.3,0.4,No,"Indian home-care observation | Ashok Yadav | Kanpur, Uttar Pradesh | Source: mobile_app"
R00896,P034,Madhuri Naik,Panaji,Goa,2026-01-20,8.3,89.0,5.1,2.6,No,"Indian home-care observation | Madhuri Naik | Panaji, Goa | Source: tablet_kiosk"
R00897,P020,Pooja Shah,Surat,Gujarat,2026-01-22,5.6,78.6,5.8,2.4,No,"Indian home-care observation | Pooja Shah | Surat, Gujarat | Source: wearable_sync"
R00898,P008,Lakshmi Rao,Vijayawada,Andhra Pradesh,2026-01-16,6.3,84.7,5.2,1.6,Yes,"Indian home-care observation | Lakshmi Rao | Vijayawada, Andhra Pradesh | Source: mobile_app"
R00899,P007,Karthik Reddy,Hyderabad,Telangana,2026-01-26,8.4,76.8,8.2,3.1,No,"Indian home-care observation | Karthik Reddy | Hyderabad, Telangana | Source: phone_checkin"
R00900,P019,Deepak Verma,Chandigarh,Chandigarh,2026-01-23,,73.8,7.3,4.1,No,"Indian home-care observation | Deepak Verma | Chandigarh, Chandigarh | Source: wearable_sync"
R00901,P039,Imran Khan,Bhopal,Madhya Pradesh,2026-01-22,7.5,71.7,7.7,2.9,No,"Indian home-care observation | Imran Khan | Bhopal, Madhya Pradesh | Source: mobile_app"
R00902,P022,Shreya Das,Bhubaneswar,Odisha,2026-01-22,8.2,73.7,3.4,2.0,No,"Indian home-care observation | Shreya Das | Bhubaneswar, Odisha | Source: phone_checkin"
R00903,P019,Deepak Verma,Chandigarh,Chandigarh,2026-01-24,8.2,77.4,6.1,3.0,No,"Indian home-care observation | Deepak Verma | Chandigarh, Chandigarh | Source: phone_checkin"
R00904,P021,Ajay Menon,Kozhikode,Kerala,2026-01-25,6.3,84.3,,3.5,Yes,"Indian home-care observation | Ajay Menon | Kozhikode, Kerala | Source: wearable_sync"
R00905,P022,Shreya Das,Bhubaneswar,Odisha,2026-01-23,8.6,73.6,3.0,1.9,No,"Indian home-care observation | Shreya Das | Bhubaneswar, Odisha | Source: tablet_kiosk"
R00906,P016,Aishwarya Pillai,Kollam,Kerala,2026-01-18,6.9,83.6,9.2,3.6,No,"Indian home-care observation | Aishwarya Pillai | Kollam, Kerala | Source: PHONE_CHECKIN"
R00907,P027,Aditya Kulkarni,Nagpur,Maharashtra,2026-01-26,5.9,81.7,7.9,3.1,No,"Indian home-care observation | Aditya Kulkarni | Nagpur, Maharashtra | Source: phone_checkin"
R00908,P005,Vikram Singh,Mumbai,Maharashtra,2026-01-20,,85.9,7.3,1.6,No,"Indian home-care observation | Vikram Singh | Mumbai, Maharashtra | Source: phone_checkin"
R00909,P017,Naveen Kumar,Mysuru,Karnataka,2026-01-21,7.3,80.2,6.8,2.5,No,"Indian home-care observation | Naveen Kumar | Mysuru, Karnataka | Source: wearable_sync"
R00910,P004,Ananya Iyer,Bengaluru,Karnataka,2026-01-29,7.2,74.4,,0.0,No,"Indian home-care observation | Ananya Iyer | Bengaluru, Karnataka | Source: phone_checkin"
R00911,P007,Karthik Reddy,Hyderabad,Telangana,2026-01-27,8.8,73.3,9.0,2.4,No,"Indian home-care observation | Karthik Reddy | Hyderabad, Telangana | Source: phone_checkin"
R00912,P033,Ganesh Iyer,Chennai,Tamil Nadu,2026-01-22,8.2,80.7,5.8,1.9,No,"Indian home-care observation | Ganesh Iyer | Chennai, Tamil Nadu | Source: wearable_sync"
R00913,P022,Shreya Das,Bhubaneswar,Odisha,2026-01-24,8.7,74.5,5.1,2.6,No,"Indian home-care observation | Shreya Das | Bhubaneswar, Odisha | Source: mobile_app"
R00914,P033,Ganesh Iyer,Chennai,Tamil Nadu,2026-01-23,7.9,80.5,6.5,2.8,No,"Indian home-care observation | Ganesh Iyer | Chennai, Tamil Nadu | Source: phone_checkin"
R00915,P019,Deepak Verma,Chandigarh,Chandigarh,2026-01-25,10.0,80.8,6.2,3.8,No,"Indian home-care observation | Deepak Verma | Chandigarh, Chandigarh | Source: tablet_kiosk"
R00916,P032,Bhavana R,Bengaluru,Karnataka,2026-01-23,8.1,87.9,8.6,3.5,No,"Indian home-care observation | Bhavana R | Bengaluru, Karnataka | Source: wearable_sync"
R00917,P023,Mohan Raj,Salem,Tamil Nadu,2026-01-27,7.5,96.9,7.3,1.4,No,"Indian home-care observation | Mohan Raj | Salem, Tamil Nadu | Source: phone_checkin"
R00918,P003,Rahul Sharma,Delhi,Delhi,2026-01-17,6.8,71.3,5.9,2.7,No,"Indian home-care observation | Rahul Sharma | Delhi, Delhi | Source: mobile_app"
R00919,P035,Prakash Patil,Nashik,Maharashtra,2026-01-28,5.7,70.4,7.1,2.4,No,"Indian home-care observation | Prakash Patil | Nashik, Maharashtra | Source: wearable_sync"
R00920,P034,Madhuri Naik,Panaji,Goa,2026-01-21,8.5,90.3,5.4,2.3,No,"Indian home-care observation | Madhuri Naik | Panaji, Goa | Source: tablet_kiosk"
R00921,P032,Bhavana R,Bengaluru,Karnataka,2026-01-24,7.2,,8.1,2.6,No,"Indian home-care observation | Bhavana R | Bengaluru, Karnataka | Source: wearable_sync"
R00922,P033,Ganesh Iyer,Chennai,Tamil Nadu,2026-01-24,8.1,,,2.4,No,"Indian home-care observation | Ganesh Iyer | Chennai, Tamil Nadu | Source: mobile_app"
R00923,P007,Karthik Reddy,Hyderabad,Telangana,2026-01-28,8.9,80.1,7.7,4.3,No,"Indian home-care observation | Karthik Reddy | Hyderabad, Telangana | Source: tablet_kiosk"
R00924,P029,Gopal Krishnan,Madurai,Tamil Nadu,2026-01-27,7.1,74.8,6.3,1.5,Yes,"Indian home-care observation | Gopal Krishnan | Madurai, Tamil Nadu | Source: phone_checkin"
R00925,P008,Lakshmi Rao,Vijayawada,Andhra Pradesh,2026-01-17,5.2,66.8,6.7,1.5,No,"Indian home-care observation | Lakshmi Rao | Vijayawada, Andhra Pradesh | Source: wearable_sync"
R00926,P037,Ramesh Chandran,Puducherry,Puducherry,2026-01-31,7.7,88.3,7.9,1.7,No,"Indian home-care observation | Ramesh Chandran | Puducherry, Puducherry | Source: wearable_sync"
R00927,P017,Naveen Kumar,Mysuru,Karnataka,2026-01-22,7.9,75.4,6.4,3.2,Yes,"Indian home-care observation | Naveen Kumar | Mysuru, Karnataka | Source: mobile_app"
R00928,P010,Divya Patel,Ahmedabad,Gujarat,2026-01-26,5.0,60.4,6.8,1.0,No,"Indian home-care observation | Divya Patel | Ahmedabad, Gujarat | Source: mobile_app"
R00929,P024,Neha Kapoor,New Delhi,Delhi,2026-01-31,6.5,88.9,,2.6,No,"Indian home-care observation | Neha Kapoor | New Delhi, Delhi | Source: mobile_app"
R00930,P028,Swathi Rao,Visakhapatnam,Andhra Pradesh,2026-01-30,7.5,87.5,7.4,3.0,No,"Indian home-care observation | Swathi Rao | Visakhapatnam, Andhra Pradesh | Source: mobile_app"
R00931,P017,Naveen Kumar,Mysuru,Karnataka,2026-01-23,7.9,80.5,6.6,3.6,No,"Indian home-care observation | Naveen Kumar | Mysuru, Karnataka | Source: tablet_kiosk"
R00932,P004,Ananya Iyer,Bengaluru,Karnataka,2026-01-30,8.1,70.3,6.5,1.7,No,"Indian home-care observation | Ananya Iyer | Bengaluru, Karnataka | Source: phone_checkin"
R00933,P012,Kavya Menon,Thiruvananthapuram,Kerala,2026-01-12,7.0,91.2,8.3,1.1,No,"Indian home-care observation | Kavya Menon | Thiruvananthapuram, Kerala | Source: tablet_kiosk"
R00934,P009,Sanjay Kumar,Jaipur,Rajasthan,2026-01-20,7.2,77.1,,2.9,No,"Indian home-care observation | Sanjay Kumar | Jaipur, Rajasthan | Source: tablet_kiosk"
R00935,P028,Swathi Rao,Visakhapatnam,Andhra Pradesh,2026-01-31,7.8,87.0,6.6,1.8,No,"Indian home-care observation | Swathi Rao | Visakhapatnam, Andhra Pradesh | Source: phone_checkin"
R00936,P002,Priya Nair,Kochi,Kerala,2026-01-22,7.0,80.4,5.7,2.3,No,"Indian home-care observation | Priya Nair | Kochi, Kerala | Source: phone_checkin"
R00937,P026,Keerthana S,Tiruchirappalli,Tamil Nadu,2026-01-29,6.6,72.8,5.8,1.9,No,"Indian home-care observation | Keerthana S | Tiruchirappalli, Tamil Nadu | Source: mobile_app"
R00938,P031,Ashok Yadav,Kanpur,Uttar Pradesh,2026-01-27,8.5,64.6,6.7,2.6,No,"Indian home-care observation | Ashok Yadav | Kanpur, Uttar Pradesh | Source: tablet_kiosk"
R00939,P022,Shreya Das,Bhubaneswar,Odisha,2026-01-25,8.6,73.5,,2.4,No,"Indian home-care observation | Shreya Das | Bhubaneswar, Odisha | Source: nan"
R00940,P028,Swathi Rao,Visakhapatnam,Andhra Pradesh,2026-02-01,,79.2,6.9,2.4,No,"Indian home-care observation | Swathi Rao | Visakhapatnam, Andhra Pradesh | Source: tablet_kiosk"
R00941,P001,Arjun Mehta,Chennai,Tamil Nadu,2026-01-21,8.0,78.7,8.4,1.0,No,"Indian home-care observation | Arjun Mehta | Chennai, Tamil Nadu | Source: wearable_sync"
R00942,P035,Prakash Patil,Nashik,Maharashtra,2026-01-29,6.5,67.8,7.0,3.3,No,"Indian home-care observation | Prakash Patil | Nashik, Maharashtra | Source: wearable_sync"
R00943,P008,Lakshmi Rao,Vijayawada,Andhra Pradesh,2026-01-18,4.9,71.2,6.1,1.4,No,"Indian home-care observation | Lakshmi Rao | Vijayawada, Andhra Pradesh | Source: mobile_app"
R00944,P011,Rohan Das,Kolkata,West Bengal,2026-01-29,6.7,78.2,6.2,2.4,No,"Indian home-care observation | Rohan Das | Kolkata, West Bengal | Source: wearable_sync"
R00945,P008,Lakshmi Rao,Vijayawada,Andhra Pradesh,2026-01-19,7.8,65.7,,3.7,No,"Indian home-care observation | Lakshmi Rao | Vijayawada, Andhra Pradesh | Source: nan"
R00946,P014,Sneha Joshi,Pune,Maharashtra,2026-01-17,8.3,81.6,4.4,3.1,No,"Indian home-care observation | Sneha Joshi | Pune, Maharashtra | Source: tablet_kiosk"
R00947,P004,Ananya Iyer,Bengaluru,Karnataka,2026-01-31,7.8,76.7,7.1,3.6,No,"Indian home-care observation | Ananya Iyer | Bengaluru, Karnataka | Source: mobile_app"
R00948,P037,Ramesh Chandran,Puducherry,Puducherry,2026-02-01,6.7,90.0,7.8,1.8,No,"Indian home-care observation | Ramesh Chandran | Puducherry, Puducherry | Source: mobile_app"
R00949,P040,Deepa Thomas,Thrissur,Kerala,2026-01-17,5.1,,4.4,0.6,No,"Indian home-care observation | Deepa Thomas | Thrissur, Kerala | Source: mobile_app"
R00950,P024,Neha Kapoor,New Delhi,Delhi,2026-02-01,6.8,89.5,7.5,2.6,No,"Indian home-care observation | Neha Kapoor | New Delhi, Delhi | Source: wearable_sync"
R00951,P035,Prakash Patil,Nashik,Maharashtra,2026-01-30,7.3,70.6,6.8,2.4,No,"Indian home-care observation | Prakash Patil | Nashik, Maharashtra | Source: wearable_sync"
R00952,P027,Aditya Kulkarni,Nagpur,Maharashtra,2026-01-27,5.7,84.8,8.7,2.2,No,"Indian home-care observation | Aditya Kulkarni | Nagpur, Maharashtra | Source: phone_checkin"
R00953,P039,Imran Khan,Bhopal,Madhya Pradesh,2026-01-23,7.5,75.1,7.5,1.7,No,"Indian home-care observation | Imran Khan | Bhopal, Madhya Pradesh | Source: phone_checkin"
R00954,P027,Aditya Kulkarni,Nagpur,Maharashtra,2026-01-28,5.8,81.4,9.0,2.4,No,"Indian home-care observation | Aditya Kulkarni | Nagpur, Maharashtra | Source: wearable_sync"
R00955,P024,Neha Kapoor,New Delhi,Delhi,2026-02-02,6.2,90.9,8.6,1.6,No,"Indian home-care observation | Neha Kapoor | New Delhi, Delhi | Source: mobile_app"
R00956,P034,Madhuri Naik,Panaji,Goa,2026-01-22,8.0,,4.8,3.1,No,"Indian home-care observation | Madhuri Naik | Panaji, Goa | Source: mobile_app"
R00957,P031,Ashok Yadav,Kanpur,Uttar Pradesh,2026-01-28,6.5,48.9,,0.0,No,"Indian home-care observation | Ashok Yadav | Kanpur, Uttar Pradesh | Source: phone_checkin"
R00958,P039,Imran Khan,Bhopal,Madhya Pradesh,2026-01-24,7.4,82.7,7.9,1.1,No,"Indian home-care observation | Imran Khan | Bhopal, Madhya Pradesh | Source: mobile_app"
R00959,P012,Kavya Menon,Thiruvananthapuram,Kerala,2026-01-13,7.6,97.0,9.0,3.3,No,"Indian home-care observation | Kavya Menon | Thiruvananthapuram, Kerala | Source: tablet_kiosk"
R00960,P025,Ravi Prasad,Patna,Bihar,2026-01-19,6.3,73.3,7.8,2.1,No,"Indian home-care observation | Ravi Prasad | Patna, Bihar | Source: tablet_kiosk"
R00961,P021,Ajay Menon,Kozhikode,Kerala,2026-01-26,7.6,,5.8,2.9,Yes,"Indian home-care observation | Ajay Menon | Kozhikode, Kerala | Source: mobile_app"
R00962,P020,Pooja Shah,Surat,Gujarat,2026-01-23,5.8,,,3.4,No,"Indian home-care observation | Pooja Shah | Surat, Gujarat | Source: tablet_kiosk"
R00963,P037,Ramesh Chandran,Puducherry,Puducherry,2026-02-02,7.1,,7.3,1.7,No,"Indian home-care observation | Ramesh Chandran | Puducherry, Puducherry | Source: phone_checkin"
R00964,P022,Shreya Das,Bhubaneswar,Odisha,2026-01-26,7.9,80.7,3.6,,No,"Indian home-care observation | Shreya Das | Bhubaneswar, Odisha | Source: phone_checkin"
R00965,P033,Ganesh Iyer,Chennai,Tamil Nadu,2026-01-25,7.9,84.4,5.7,2.1,Yes,"Indian home-care observation | Ganesh Iyer | Chennai, Tamil Nadu | Source: phone_checkin"
R00966,P028,Swathi Rao,Visakhapatnam,Andhra Pradesh,2026-02-02,7.2,82.5,6.8,2.6,No,"Indian home-care observation | Swathi Rao | Visakhapatnam, Andhra Pradesh | Source: tablet_kiosk"
R00967,P040,Deepa Thomas,Thrissur,Kerala,2026-01-18,5.6,89.1,,0.3,No,"Indian home-care observation | Deepa Thomas | Thrissur, Kerala | Source: wearable_sync"
R00968,P026,Keerthana S,Tiruchirappalli,Tamil Nadu,2026-01-30,6.5,83.3,6.2,2.6,No,"Indian home-care observation | Keerthana S | Tiruchirappalli, Tamil Nadu | Source: phone_checkin"
R00969,P006,Meena Krishnan,Coimbatore,Tamil Nadu,2026-01-29,6.8,94.2,7.3,2.8,No,"Indian home-care observation | Meena Krishnan | Coimbatore, Tamil Nadu | Source: wearable_sync"
R00970,P006,Meena Krishnan,Coimbatore,Tamil Nadu,2026-01-30,7.0,93.6,7.3,3.4,No,"Indian home-care observation | Meena Krishnan | Coimbatore, Tamil Nadu | Source: mobile_app"
R00971,P028,Swathi Rao,Visakhapatnam,Andhra Pradesh,2026-02-03,8.2,87.4,7.2,3.1,No,"Indian home-care observation | Swathi Rao | Visakhapatnam, Andhra Pradesh | Source: mobile_app"
R00972,P004,Ananya Iyer,Bengaluru,Karnataka,2026-02-01,6.4,70.9,6.8,2.5,No,"Indian home-care observation | Ananya Iyer | Bengaluru, Karnataka | Source: wearable_sync"
R00973,P007,Karthik Reddy,Hyderabad,Telangana,2026-01-29,10.0,84.7,,3.2,No,"Indian home-care observation | Karthik Reddy | Hyderabad, Telangana | Source: phone_checkin"
R00974,P024,Neha Kapoor,New Delhi,Delhi,2026-02-03,8.3,100.0,,4.5,No,"Indian home-care observation | Neha Kapoor | New Delhi, Delhi | Source: wearable_sync"
R00975,P026,Keerthana S,Tiruchirappalli,Tamil Nadu,2026-01-31,6.8,82.5,5.4,3.3,No,"Indian home-care observation | Keerthana S | Tiruchirappalli, Tamil Nadu | Source: wearable_sync"
R00976,P039,Imran Khan,Bhopal,Madhya Pradesh,2026-01-25,7.3,73.5,8.1,2.2,No,"Indian home-care observation | Imran Khan | Bhopal, Madhya Pradesh | Source: phone_checkin"
R00977,P002,Priya Nair,Kochi,Kerala,2026-01-23,,77.2,5.6,2.4,No,"Indian home-care observation | Priya Nair | Kochi, Kerala | Source: wearable_sync"
R00978,P004,Ananya Iyer,Bengaluru,Karnataka,2026-02-02,7.8,67.6,6.0,1.2,No,"Indian home-care observation | Ananya Iyer | Bengaluru, Karnataka | Source: tablet_kiosk"
R00979,P011,Rohan Das,Kolkata,West Bengal,2026-01-30,6.3,76.7,6.7,0.5,No,"Indian home-care observation | Rohan Das | Kolkata, West Bengal | Source: mobile_app"
R00980,P024,Neha Kapoor,New Delhi,Delhi,2026-02-04,8.5,87.6,6.4,2.4,No,"Indian home-care observation | Neha Kapoor | New Delhi, Delhi | Source: mobile_app"
R00981,P019,Deepak Verma,Chandigarh,Chandigarh,2026-01-26,7.7,83.3,7.1,2.4,No,"Indian home-care observation | Deepak Verma | Chandigarh, Chandigarh | Source: phone_checkin"
R00982,P019,Deepak Verma,Chandigarh,Chandigarh,2026-01-27,9.8,67.4,6.6,5.6,No,"Indian home-care observation | Deepak Verma | Chandigarh, Chandigarh | Source: phone_checkin"
R00983,P019,Deepak Verma,Chandigarh,Chandigarh,2026-01-28,8.5,,,2.8,No,"Indian home-care observation | Deepak Verma | Chandigarh, Chandigarh | Source: mobile_app"
R00984,P004,Ananya Iyer,Bengaluru,Karnataka,2026-02-03,,71.3,,0.3,No,"Indian home-care observation | Ananya Iyer | Bengaluru, Karnataka | Source: phone_checkin"
R00985,P034,Madhuri Naik,Panaji,Goa,2026-01-23,8.5,84.5,5.0,2.6,No,"Indian home-care observation | Madhuri Naik | Panaji, Goa | Source: phone_checkin"
R00986,P015,Suresh Babu,Madurai,Tamil Nadu,2026-01-26,9.9,67.3,7.3,0.6,No,"Indian home-care observation | Suresh Babu | Madurai, Tamil Nadu | Source: mobile_app"
R00987,P035,Prakash Patil,Nashik,Maharashtra,2026-01-31,7.2,74.7,6.3,,No,"Indian home-care observation | Prakash Patil | Nashik, Maharashtra | Source: tablet_kiosk"
R00988,P023,Mohan Raj,Salem,Tamil Nadu,2026-01-28,6.8,99.3,6.4,2.9,No,"Indian home-care observation | Mohan Raj | Salem, Tamil Nadu | Source: wearable_sync"
R00989,P023,Mohan Raj,Salem,Tamil Nadu,2026-01-29,6.6,91.6,6.8,2.8,No,"Indian home-care observation | Mohan Raj | Salem, Tamil Nadu | Source: mobile_app"
R00990,P002,Priya Nair,Kochi,Kerala,2026-01-24,7.7,80.0,5.1,1.6,No,"Indian home-care observation | Priya Nair | Kochi, Kerala | Source: wearable_sync"
R00991,P031,Ashok Yadav,Kanpur,Uttar Pradesh,2026-01-29,8.4,66.5,,1.4,No,"Indian home-care observation | Ashok Yadav | Kanpur, Uttar Pradesh | Source: tablet_kiosk"
R00992,P024,Neha Kapoor,New Delhi,Delhi,2026-02-05,7.7,87.9,8.2,2.2,No,"Indian home-care observation | Neha Kapoor | New Delhi, Delhi | Source: wearable_sync"
R00993,P017,Naveen Kumar,Mysuru,Karnataka,2026-01-24,7.7,,6.4,1.9,Yes,"Indian home-care observation | Naveen Kumar | Mysuru, Karnataka | Source: wearable_sync"
R00994,P027,Aditya Kulkarni,Nagpur,Maharashtra,2026-01-29,7.0,74.0,8.2,2.8,No,"Indian home-care observation | Aditya Kulkarni | Nagpur, Maharashtra | Source: tablet_kiosk"
R00995,P039,Imran Khan,Bhopal,Madhya Pradesh,2026-01-26,7.3,79.2,7.5,2.2,No,"Indian home-care observation | Imran Khan | Bhopal, Madhya Pradesh | Source: tablet_kiosk"
R00996,P038,Janani Murugan,Erode,Tamil Nadu,2026-01-22,6.8,63.7,7.3,2.9,No,"Indian home-care observation | Janani Murugan | Erode, Tamil Nadu | Source: mobile_app"
R00997,P039,Imran Khan,Bhopal,Madhya Pradesh,2026-01-27,8.5,78.4,8.0,2.2,Yes,"Indian home-care observation | Imran Khan | Bhopal, Madhya Pradesh | Source: nan"
R00998,P002,Priya Nair,Kochi,Kerala,2026-01-25,7.2,74.4,5.7,3.2,No,"Indian home-care observation | Priya Nair | Kochi, Kerala | Source: tablet_kiosk"
R00999,P006,Meena Krishnan,Coimbatore,Tamil Nadu,2026-01-31,6.8,83.1,6.9,3.1,No,"Indian home-care observation | Meena Krishnan | Coimbatore, Tamil Nadu | Source: phone_checkin"
R01000,P036,Sowmya N,Hyderabad,Telangana,2026-01-23,7.7,79.9,7.5,1.7,Yes,"Indian home-care observation | Sowmya N | Hyderabad, Telangana | Source: tablet_kiosk"
R01001,P037,Ramesh Chandran,Puducherry,Puducherry,2026-02-03,7.0,80.7,7.6,2.8,No,"Indian home-care observation | Ramesh Chandran | Puducherry, Puducherry | Source: tablet_kiosk"
R01002,P040,Deepa Thomas,Thrissur,Kerala,2026-01-19,3.3,79.4,3.4,0.9,Yes,"Indian home-care observation | Deepa Thomas | Thrissur, Kerala | Source: wearable_sync"
R01003,P021,Ajay Menon,Kozhikode,Kerala,2026-01-27,6.9,89.2,5.6,3.6,No,"Indian home-care observation | Ajay Menon | Kozhikode, Kerala | Source: phone_checkin"
R01004,P014,Sneha Joshi,Pune,Maharashtra,2026-01-18,7.7,73.1,,3.1,No,"Indian home-care observation | Sneha Joshi | Pune, Maharashtra | Source: tablet_kiosk"
R01005,P037,Ramesh Chandran,Puducherry,Puducherry,2026-02-04,7.0,91.8,,2.6,No,"Indian home-care observation | Ramesh Chandran | Puducherry, Puducherry | Source: wearable_sync"
R01006,P018,Harini Reddy,Warangal,Telangana,2026-01-22,7.3,79.8,6.4,4.1,No,"Indian home-care observation | Harini Reddy | Warangal, Telangana | Source: tablet_kiosk"
R01007,P035,Prakash Patil,Nashik,Maharashtra,2026-02-01,6.4,70.5,7.2,2.6,No,"Indian home-care observation | Prakash Patil | Nashik, Maharashtra | Source: wearable_sync"
R01008,P032,Bhavana R,Bengaluru,Karnataka,2026-01-25,7.9,91.8,8.3,1.5,No,"Indian home-care observation | Bhavana R | Bengaluru, Karnataka | Source: phone_checkin"
R01009,P032,Bhavana R,Bengaluru,Karnataka,2026-01-26,7.1,96.6,7.4,2.4,No,"Indian home-care observation | Bhavana R | Bengaluru, Karnataka | Source: MOBILE_APP"
R01010,P020,Pooja Shah,Surat,Gujarat,2026-01-24,6.4,71.7,5.1,1.8,No,"Indian home-care observation | Pooja Shah | Surat, Gujarat | Source: wearable_sync"
R01011,P010,Divya Patel,Ahmedabad,Gujarat,2026-01-27,6.3,68.6,7.5,3.1,No,"Indian home-care observation | Divya Patel | Ahmedabad, Gujarat | Source: wearable_sync"
R01012,P004,Ananya Iyer,Bengaluru,Karnataka,2026-02-04,7.2,73.0,5.2,2.4,No,"Indian home-care observation | Ananya Iyer | Bengaluru, Karnataka | Source: wearable_sync"
R01013,P005,Vikram Singh,Mumbai,Maharashtra,2026-01-21,9.1,,7.3,2.0,No,"Indian home-care observation | Vikram Singh | Mumbai, Maharashtra | Source: phone_checkin"
R01014,P029,Gopal Krishnan,Madurai,Tamil Nadu,2026-01-28,6.8,87.1,,3.3,No,"Indian home-care observation | Gopal Krishnan | Madurai, Tamil Nadu | Source: tablet_kiosk"
R01015,P020,Pooja Shah,Surat,Gujarat,2026-01-25,5.5,80.4,4.8,1.7,No,"Indian home-care observation | Pooja Shah | Surat, Gujarat | Source: phone_checkin"
R01016,P007,Karthik Reddy,Hyderabad,Telangana,2026-01-30,7.8,69.4,8.5,1.6,No,"Indian home-care observation | Karthik Reddy | Hyderabad, Telangana | Source: phone_checkin"
R01017,P027,Aditya Kulkarni,Nagpur,Maharashtra,2026-01-30,7.0,,,2.3,No,"Indian home-care observation | Aditya Kulkarni | Nagpur, Maharashtra | Source: tablet_kiosk"
R01018,P017,Naveen Kumar,Mysuru,Karnataka,2026-01-25,7.9,79.7,7.3,2.3,No,"Indian home-care observation | Naveen Kumar | Mysuru, Karnataka | Source: mobile_app"
R01019,P032,Bhavana R,Bengaluru,Karnataka,2026-01-27,7.4,87.5,8.2,1.8,No,"Indian home-care observation | Bhavana R | Bengaluru, Karnataka | Source: phone_checkin"
R01020,P029,Gopal Krishnan,Madurai,Tamil Nadu,2026-01-29,7.5,92.9,7.0,2.3,No,"Indian home-care observation | Gopal Krishnan | Madurai, Tamil Nadu | Source: wearable_sync"
R01021,P014,Sneha Joshi,Pune,Maharashtra,2026-01-19,9.1,80.7,5.2,2.1,No,"Indian home-care observation | Sneha Joshi | Pune, Maharashtra | Source: phone_checkin"
R01022,P037,Ramesh Chandran,Puducherry,Puducherry,2026-02-05,,98.0,7.3,2.5,No,"Indian home-care observation | Ramesh Chandran | Puducherry, Puducherry | Source: mobile_app"
R01023,P014,Sneha Joshi,Pune,Maharashtra,2026-01-20,9.4,74.9,4.7,4.7,No,"Indian home-care observation | Sneha Joshi | Pune, Maharashtra | Source: phone_checkin"
R01024,P020,Pooja Shah,Surat,Gujarat,2026-01-26,6.1,80.3,5.3,0.0,No,"Indian home-care observation | Pooja Shah | Surat, Gujarat | Source: tablet_kiosk"
R01025,P032,Bhavana R,Bengaluru,Karnataka,2026-01-28,8.0,92.4,8.8,2.2,No,"Indian home-care observation | Bhavana R | Bengaluru, Karnataka | Source: phone_checkin"
R01026,P004,Ananya Iyer,Bengaluru,Karnataka,2026-02-05,7.8,73.9,5.6,2.7,No,"Indian home-care observation | Ananya Iyer | Bengaluru, Karnataka | Source: tablet_kiosk"
R01027,P011,Rohan Das,Kolkata,West Bengal,2026-01-31,6.5,72.4,5.9,3.9,No,"Indian home-care observation | Rohan Das | Kolkata, West Bengal | Source: wearable_sync"
R01028,P034,Madhuri Naik,Panaji,Goa,2026-01-24,8.2,88.7,5.8,2.3,No,"Indian home-care observation | Madhuri Naik | Panaji, Goa | Source: phone_checkin"
R01029,P004,Ananya Iyer,Bengaluru,Karnataka,2026-02-06,7.2,70.0,,,No,"Indian home-care observation | Ananya Iyer | Bengaluru, Karnataka | Source: phone_checkin"
R01030,P013,Manoj Gupta,Lucknow,Uttar Pradesh,2026-01-24,8.1,74.4,,0.2,Yes,"Indian home-care observation | Manoj Gupta | Lucknow, Uttar Pradesh | Source: nan"
R01031,P020,Pooja Shah,Surat,Gujarat,2026-01-27,5.3,73.3,5.1,1.4,No,"Indian home-care observation | Pooja Shah | Surat, Gujarat | Source: wearable_sync"
R01032,P023,Mohan Raj,Salem,Tamil Nadu,2026-01-30,7.4,100.0,7.4,2.8,No,"Indian home-care observation | Mohan Raj | Salem, Tamil Nadu | Source: mobile_app"
R01033,P009,Sanjay Kumar,Jaipur,Rajasthan,2026-01-21,7.4,73.9,6.8,2.8,No,"Indian home-care observation | Sanjay Kumar | Jaipur, Rajasthan | Source: wearable_sync"
R01034,P030,Nandini Shetty,Mangaluru,Karnataka,2026-01-24,6.1,63.6,3.3,1.3,No,"Indian home-care observation | Nandini Shetty | Mangaluru, Karnataka | Source: mobile_app"
R01035,P007,Karthik Reddy,Hyderabad,Telangana,2026-01-31,8.7,68.4,6.9,3.3,No,"Indian home-care observation | Karthik Reddy | Hyderabad, Telangana | Source: mobile_app"
R01036,P001,Arjun Mehta,Chennai,Tamil Nadu,2026-01-22,7.6,69.4,,2.1,No,"Indian home-care observation | Arjun Mehta | Chennai, Tamil Nadu | Source: mobile_app"
R01037,P014,Sneha Joshi,Pune,Maharashtra,2026-01-21,8.6,79.4,,2.6,No,"Indian home-care observation | Sneha Joshi | Pune, Maharashtra | Source: tablet_kiosk"
R01038,P028,Swathi Rao,Visakhapatnam,Andhra Pradesh,2026-02-04,7.0,88.3,7.1,1.2,Yes,"Indian home-care observation | Swathi Rao | Visakhapatnam, Andhra Pradesh | Source: TABLET_KIOSK"
R01039,P008,Lakshmi Rao,Vijayawada,Andhra Pradesh,2026-01-20,5.9,64.7,6.3,2.5,No,"Indian home-care observation | Lakshmi Rao | Vijayawada, Andhra Pradesh | Source: wearable_sync"
R01040,P006,Meena Krishnan,Coimbatore,Tamil Nadu,2026-02-01,6.3,87.3,6.6,3.7,No,"Indian home-care observation | Meena Krishnan | Coimbatore, Tamil Nadu | Source: phone_checkin"
R01041,P036,Sowmya N,Hyderabad,Telangana,2026-01-24,7.9,88.6,8.2,2.2,No,"Indian home-care observation | Sowmya N | Hyderabad, Telangana | Source: phone_checkin"
R01042,P003,Rahul Sharma,Delhi,Delhi,2026-01-18,8.2,79.3,6.2,2.8,No,"Indian home-care observation | Rahul Sharma | Delhi, Delhi | Source: tablet_kiosk"
R01043,P025,Ravi Prasad,Patna,Bihar,2026-01-20,7.7,87.4,6.1,3.8,No,"Indian home-care observation | Ravi Prasad | Patna, Bihar | Source: mobile_app"
R01044,P009,Sanjay Kumar,Jaipur,Rajasthan,2026-01-22,7.5,72.4,7.1,2.6,No,"Indian home-care observation | Sanjay Kumar | Jaipur, Rajasthan | Source: mobile_app"
R01045,P035,Prakash Patil,Nashik,Maharashtra,2026-02-02,6.2,63.4,5.8,2.4,No,"Indian home-care observation | Prakash Patil | Nashik, Maharashtra | Source: phone_checkin"
R01046,P002,Priya Nair,Kochi,Kerala,2026-01-26,7.6,67.6,,1.8,No,"Indian home-care observation | Priya Nair | Kochi, Kerala | Source: wearable_sync"
R01047,P040,Deepa Thomas,Thrissur,Kerala,2026-01-20,,82.2,5.3,0.0,Yes,"Indian home-care observation | Deepa Thomas | Thrissur, Kerala | Source: tablet_kiosk"
R01048,P020,Pooja Shah,Surat,Gujarat,2026-01-28,6.2,71.9,6.2,2.3,No,"Indian home-care observation | Pooja Shah | Surat, Gujarat | Source: wearable_sync"
R01049,P023,Mohan Raj,Salem,Tamil Nadu,2026-01-31,6.4,93.6,6.9,1.6,No,"Indian home-care observation | Mohan Raj | Salem, Tamil Nadu | Source: wearable_sync"
R01050,P035,Prakash Patil,Nashik,Maharashtra,2026-02-03,7.2,63.9,7.7,2.9,No,"Indian home-care observation | Prakash Patil | Nashik, Maharashtra | Source: tablet_kiosk"
R01051,P035,Prakash Patil,Nashik,Maharashtra,2026-02-04,5.7,67.2,7.2,1.7,No,"Indian home-care observation | Prakash Patil | Nashik, Maharashtra | Source: tablet_kiosk"
R01052,P038,Janani Murugan,Erode,Tamil Nadu,2026-01-23,7.1,69.8,6.4,1.2,No,"Indian home-care observation | Janani Murugan | Erode, Tamil Nadu | Source: phone_checkin"
R01053,P029,Gopal Krishnan,Madurai,Tamil Nadu,2026-01-30,7.3,88.2,,2.4,No,"Indian home-care observation | Gopal Krishnan | Madurai, Tamil Nadu | Source: nan"
R01054,P011,Rohan Das,Kolkata,West Bengal,2026-02-01,6.9,74.6,6.8,3.5,No,"Indian home-care observation | Rohan Das | Kolkata, West Bengal | Source: phone_checkin"
R01055,P040,Deepa Thomas,Thrissur,Kerala,2026-01-21,5.5,77.0,4.0,0.6,No,"Indian home-care observation | Deepa Thomas | Thrissur, Kerala | Source: phone_checkin"
R01056,P013,Manoj Gupta,Lucknow,Uttar Pradesh,2026-01-25,8.2,76.4,6.4,2.8,No,"Indian home-care observation | Manoj Gupta | Lucknow, Uttar Pradesh | Source: phone_checkin"
R01057,P030,Nandini Shetty,Mangaluru,Karnataka,2026-01-25,7.3,65.3,,0.8,No,"Indian home-care observation | Nandini Shetty | Mangaluru, Karnataka | Source: tablet_kiosk"
R01058,P012,Kavya Menon,Thiruvananthapuram,Kerala,2026-01-14,6.6,99.6,9.0,2.9,No,"Indian home-care observation | Kavya Menon | Thiruvananthapuram, Kerala | Source: mobile_app"
R01059,P013,Manoj Gupta,Lucknow,Uttar Pradesh,2026-01-26,7.7,75.4,6.6,2.5,No,"Indian home-care observation | Manoj Gupta | Lucknow, Uttar Pradesh | Source: wearable_sync"
R01060,P001,Arjun Mehta,Chennai,Tamil Nadu,2026-01-23,8.2,,6.6,3.8,No,"Indian home-care observation | Arjun Mehta | Chennai, Tamil Nadu | Source: tablet_kiosk"
R01061,P024,Neha Kapoor,New Delhi,Delhi,2026-02-06,9.5,74.5,,3.6,No,"Indian home-care observation | Neha Kapoor | New Delhi, Delhi | Source: mobile_app"
R01062,P025,Ravi Prasad,Patna,Bihar,2026-01-21,7.4,94.3,7.4,4.0,No,"Indian home-care observation | Ravi Prasad | Patna, Bihar | Source: mobile_app"
R01063,P040,Deepa Thomas,Thrissur,Kerala,2026-01-22,5.8,,6.1,1.4,No,"Indian home-care observation | Deepa Thomas | Thrissur, Kerala | Source: phone_checkin"
R01064,P006,Meena Krishnan,Coimbatore,Tamil Nadu,2026-02-02,5.5,89.6,5.7,2.6,No,"Indian home-care observation | Meena Krishnan | Coimbatore, Tamil Nadu | Source: tablet_kiosk"
R01065,P006,Meena Krishnan,Coimbatore,Tamil Nadu,2026-02-03,6.9,93.6,6.7,3.3,No,"Indian home-care observation | Meena Krishnan | Coimbatore, Tamil Nadu | Source: mobile_app"
R01066,P020,Pooja Shah,Surat,Gujarat,2026-01-29,5.7,81.0,5.5,2.6,No,"Indian home-care observation | Pooja Shah | Surat, Gujarat | Source: phone_checkin"
R01067,P018,Harini Reddy,Warangal,Telangana,2026-01-23,7.2,72.9,7.2,2.2,No,"Indian home-care observation | Harini Reddy | Warangal, Telangana | Source: mobile_app"
R01068,P014,Sneha Joshi,Pune,Maharashtra,2026-01-22,10.0,80.7,3.3,3.3,No,"Indian home-care observation | Sneha Joshi | Pune, Maharashtra | Source: mobile_app"
R01069,P015,Suresh Babu,Madurai,Tamil Nadu,2026-01-27,9.4,68.7,6.9,2.7,No,"Indian home-care observation | Suresh Babu | Madurai, Tamil Nadu | Source: tablet_kiosk"
R01070,P011,Rohan Das,Kolkata,West Bengal,2026-02-02,6.5,78.6,6.5,2.4,No,"Indian home-care observation | Rohan Das | Kolkata, West Bengal | Source: phone_checkin"
R01071,P018,Harini Reddy,Warangal,Telangana,2026-01-24,7.3,76.7,6.3,1.5,No,"Indian home-care observation | Harini Reddy | Warangal, Telangana | Source: tablet_kiosk"
R01072,P036,Sowmya N,Hyderabad,Telangana,2026-01-25,8.5,84.8,8.0,2.1,No,"Indian home-care observation | Sowmya N | Hyderabad, Telangana | Source: tablet_kiosk"
R01073,P008,Lakshmi Rao,Vijayawada,Andhra Pradesh,2026-01-21,7.2,74.7,6.8,1.9,No,"Indian home-care observation | Lakshmi Rao | Vijayawada, Andhra Pradesh | Source: wearable_sync"
R01074,P005,Vikram Singh,Mumbai,Maharashtra,2026-01-22,9.2,82.1,,2.4,No,"Indian home-care observation | Vikram Singh | Mumbai, Maharashtra | Source: tablet_kiosk"
R01075,P027,Aditya Kulkarni,Nagpur,Maharashtra,2026-01-31,6.7,84.7,8.7,0.5,No,"Indian home-care observation | Aditya Kulkarni | Nagpur, Maharashtra | Source: phone_checkin"
R01076,P039,Imran Khan,Bhopal,Madhya Pradesh,2026-01-28,7.3,75.1,7.9,2.2,No,"Indian home-care observation | Imran Khan | Bhopal, Madhya Pradesh | Source: mobile_app"
R01077,P014,Sneha Joshi,Pune,Maharashtra,2026-01-23,8.2,77.4,4.4,3.4,No,"Indian home-care observation | Sneha Joshi | Pune, Maharashtra | Source: tablet_kiosk"
R01078,P034,Madhuri Naik,Panaji,Goa,2026-01-25,7.8,91.3,5.6,1.9,No,"Indian home-care observation | Madhuri Naik | Panaji, Goa | Source: mobile_app"
R01079,P039,Imran Khan,Bhopal,Madhya Pradesh,2026-01-29,7.9,84.1,7.9,2.3,No,"Indian home-care observation | Imran Khan | Bhopal, Madhya Pradesh | Source: MOBILE_APP"
R01080,P014,Sneha Joshi,Pune,Maharashtra,2026-01-24,8.7,77.2,5.5,4.7,No,"Indian home-care observation | Sneha Joshi | Pune, Maharashtra | Source: wearable_sync"
R01081,P017,Naveen Kumar,Mysuru,Karnataka,2026-01-26,7.8,76.2,7.1,0.9,No,"Indian home-care observation | Naveen Kumar | Mysuru, Karnataka | Source: phone_checkin"
R01082,P030,Nandini Shetty,Mangaluru,Karnataka,2026-01-26,8.6,72.4,4.9,1.9,No,"Indian home-care observation | Nandini Shetty | Mangaluru, Karnataka | Source: mobile_app"
R01083,P016,Aishwarya Pillai,Kollam,Kerala,2026-01-19,,85.9,9.0,3.0,No,"Indian home-care observation | Aishwarya Pillai | Kollam, Kerala | Source: tablet_kiosk"
R01084,P016,Aishwarya Pillai,Kollam,Kerala,2026-01-20,7.4,88.2,9.4,,No,"Indian home-care observation | Aishwarya Pillai | Kollam, Kerala | Source: mobile_app"
R01085,P004,Ananya Iyer,Bengaluru,Karnataka,2026-02-07,7.5,73.1,5.5,1.9,No,"Indian home-care observation | Ananya Iyer | Bengaluru, Karnataka | Source: tablet_kiosk"
R01086,P029,Gopal Krishnan,Madurai,Tamil Nadu,2026-01-31,7.5,89.6,6.9,1.1,No,"Indian home-care observation | Gopal Krishnan | Madurai, Tamil Nadu | Source: wearable_sync"
R01087,P014,Sneha Joshi,Pune,Maharashtra,2026-01-25,8.8,,,4.1,No,"Indian home-care observation | Sneha Joshi | Pune, Maharashtra | Source: tablet_kiosk"
R01088,P011,Rohan Das,Kolkata,West Bengal,2026-02-03,6.5,72.0,5.8,1.7,Yes,"Indian home-care observation | Rohan Das | Kolkata, West Bengal | Source: phone_checkin"
R01089,P029,Gopal Krishnan,Madurai,Tamil Nadu,2026-02-01,7.7,,6.5,3.3,No,"Indian home-care observation | Gopal Krishnan | Madurai, Tamil Nadu | Source: phone_checkin"
R01090,P010,Divya Patel,Ahmedabad,Gujarat,2026-01-28,6.6,68.6,7.2,1.8,No,"Indian home-care observation | Divya Patel | Ahmedabad, Gujarat | Source: phone_checkin"
R01091,P015,Suresh Babu,Madurai,Tamil Nadu,2026-01-28,9.8,67.3,6.5,1.8,No,"Indian home-care observation | Suresh Babu | Madurai, Tamil Nadu | Source: phone_checkin"
R01092,P032,Bhavana R,Bengaluru,Karnataka,2026-01-29,8.0,91.6,8.0,2.3,No,"Indian home-care observation | Bhavana R | Bengaluru, Karnataka | Source: mobile_app"
R01093,P016,Aishwarya Pillai,Kollam,Kerala,2026-01-21,7.3,86.4,10.0,3.6,No,"Indian home-care observation | Aishwarya Pillai | Kollam, Kerala | Source: mobile_app"
R01094,P001,Arjun Mehta,Chennai,Tamil Nadu,2026-01-24,8.0,81.6,7.8,1.2,No,"Indian home-care observation | Arjun Mehta | Chennai, Tamil Nadu | Source: phone_checkin"
R01095,P028,Swathi Rao,Visakhapatnam,Andhra Pradesh,2026-02-05,6.8,84.1,5.6,2.6,No,"Indian home-care observation | Swathi Rao | Visakhapatnam, Andhra Pradesh | Source: mobile_app"
R01096,P006,Meena Krishnan,Coimbatore,Tamil Nadu,2026-02-04,5.8,82.3,,4.8,No,"Indian home-care observation | Meena Krishnan | Coimbatore, Tamil Nadu | Source: tablet_kiosk"
R01097,P031,Ashok Yadav,Kanpur,Uttar Pradesh,2026-01-30,,65.4,8.4,3.0,No,"Indian home-care observation | Ashok Yadav | Kanpur, Uttar Pradesh | Source: TABLET_KIOSK"
R01098,P025,Ravi Prasad,Patna,Bihar,2026-01-22,7.5,79.1,,2.6,No,"Indian home-care observation | Ravi Prasad | Patna, Bihar | Source: tablet_kiosk"
R01099,P023,Mohan Raj,Salem,Tamil Nadu,2026-02-01,6.0,93.0,6.3,2.4,No,"Indian home-care observation | Mohan Raj | Salem, Tamil Nadu | Source: mobile_app"
R01100,P006,Meena Krishnan,Coimbatore,Tamil Nadu,2026-02-05,6.0,83.3,7.1,4.2,No,"Indian home-care observation | Meena Krishnan | Coimbatore, Tamil Nadu | Source: tablet_kiosk"
R01101,P033,Ganesh Iyer,Chennai,Tamil Nadu,2026-01-26,7.9,85.4,6.7,2.7,No,"Indian home-care observation | Ganesh Iyer | Chennai, Tamil Nadu | Source: phone_checkin"
R01102,P001,Arjun Mehta,Chennai,Tamil Nadu,2026-01-25,9.2,80.6,9.5,3.9,No,"Indian home-care observation | Arjun Mehta | Chennai, Tamil Nadu | Source: phone_checkin"
R01103,P029,Gopal Krishnan,Madurai,Tamil Nadu,2026-02-02,,78.6,7.6,1.6,No,"Indian home-care observation | Gopal Krishnan | Madurai, Tamil Nadu | Source: phone_checkin"
R01104,P035,Prakash Patil,Nashik,Maharashtra,2026-02-05,6.4,69.1,6.7,3.0,No,"Indian home-care observation | Prakash Patil | Nashik, Maharashtra | Source: wearable_sync"
R01105,P018,Harini Reddy,Warangal,Telangana,2026-01-25,8.4,76.5,6.4,1.8,No,"Indian home-care observation | Harini Reddy | Warangal, Telangana | Source: tablet_kiosk"
R01106,P013,Manoj Gupta,Lucknow,Uttar Pradesh,2026-01-27,,,5.8,2.3,No,"Indian home-care observation | Manoj Gupta | Lucknow, Uttar Pradesh | Source: wearable_sync"
R01107,P005,Vikram Singh,Mumbai,Maharashtra,2026-01-23,9.1,84.9,7.5,1.9,No,"Indian home-care observation | Vikram Singh | Mumbai, Maharashtra | Source: phone_checkin"
R01108,P012,Kavya Menon,Thiruvananthapuram,Kerala,2026-01-15,7.5,94.7,7.8,3.5,No,"Indian home-care observation | Kavya Menon | Thiruvananthapuram, Kerala | Source: mobile_app"
R01109,P028,Swathi Rao,Visakhapatnam,Andhra Pradesh,2026-02-06,7.5,87.6,6.6,2.7,No,"Indian home-care observation | Swathi Rao | Visakhapatnam, Andhra Pradesh | Source: tablet_kiosk"
R01110,P016,Aishwarya Pillai,Kollam,Kerala,2026-01-22,7.7,88.4,8.0,,No,"Indian home-care observation | Aishwarya Pillai | Kollam, Kerala | Source: mobile_app"
R01111,P013,Manoj Gupta,Lucknow,Uttar Pradesh,2026-01-28,8.6,83.0,6.0,2.2,No,"Indian home-care observation | Manoj Gupta | Lucknow, Uttar Pradesh | Source: mobile_app"
R01112,P032,Bhavana R,Bengaluru,Karnataka,2026-01-30,7.5,,8.7,,No,"Indian home-care observation | Bhavana R | Bengaluru, Karnataka | Source: mobile_app"
R01113,P005,Vikram Singh,Mumbai,Maharashtra,2026-01-24,9.1,82.2,7.8,,No,"Indian home-care observation | Vikram Singh | Mumbai, Maharashtra | Source: wearable_sync"
R01114,P022,Shreya Das,Bhubaneswar,Odisha,2026-01-27,8.4,,,2.3,No,"Indian home-care observation | Shreya Das | Bhubaneswar, Odisha | Source: wearable_sync"
R01115,P036,Sowmya N,Hyderabad,Telangana,2026-01-26,8.0,85.4,8.0,2.3,No,"Indian home-care observation | Sowmya N | Hyderabad, Telangana | Source: phone_checkin"
R01116,P016,Aishwarya Pillai,Kollam,Kerala,2026-01-23,7.5,87.0,8.8,4.1,No,"Indian home-care observation | Aishwarya Pillai | Kollam, Kerala | Source: wearable_sync"
R01117,P005,Vikram Singh,Mumbai,Maharashtra,2026-01-25,,,7.5,1.3,No,"Indian home-care observation | Vikram Singh | Mumbai, Maharashtra | Source: wearable_sync"
R01118,P023,Mohan Raj,Salem,Tamil Nadu,2026-02-02,6.8,100.0,,2.1,No,"Indian home-care observation | Mohan Raj | Salem, Tamil Nadu | Source: phone_checkin"
R01119,P015,Suresh Babu,Madurai,Tamil Nadu,2026-01-29,9.5,68.1,5.9,1.2,No,"Indian home-care observation | Suresh Babu | Madurai, Tamil Nadu | Source: wearable_sync"
R01120,P001,Arjun Mehta,Chennai,Tamil Nadu,2026-01-26,7.7,70.0,8.3,2.0,No,"Indian home-care observation | Arjun Mehta | Chennai, Tamil Nadu | Source: mobile_app"
R01121,P040,Deepa Thomas,Thrissur,Kerala,2026-01-23,6.6,90.5,6.4,2.1,No,"Indian home-care observation | Deepa Thomas | Thrissur, Kerala | Source: phone_checkin"
R01122,P012,Kavya Menon,Thiruvananthapuram,Kerala,2026-01-16,6.5,88.5,8.9,2.6,No,"Indian home-care observation | Kavya Menon | Thiruvananthapuram, Kerala | Source: mobile_app"
R01123,P027,Aditya Kulkarni,Nagpur,Maharashtra,2026-02-01,6.3,85.9,9.1,3.9,No,"Indian home-care observation | Aditya Kulkarni | Nagpur, Maharashtra | Source: tablet_kiosk"
R01124,P028,Swathi Rao,Visakhapatnam,Andhra Pradesh,2026-02-07,7.3,88.0,6.9,1.8,No,"Indian home-care observation | Swathi Rao | Visakhapatnam, Andhra Pradesh | Source: tablet_kiosk"
R01125,P010,Divya Patel,Ahmedabad,Gujarat,2026-01-29,,51.8,6.4,3.0,No,"Indian home-care observation | Divya Patel | Ahmedabad, Gujarat | Source: tablet_kiosk"
R01126,P003,Rahul Sharma,Delhi,Delhi,2026-01-19,7.8,74.1,5.9,4.2,No,"Indian home-care observation | Rahul Sharma | Delhi, Delhi | Source: tablet_kiosk"
R01127,P006,Meena Krishnan,Coimbatore,Tamil Nadu,2026-02-06,7.2,,7.8,2.6,No,"Indian home-care observation | Meena Krishnan | Coimbatore, Tamil Nadu | Source: phone_checkin"
R01128,P029,Gopal Krishnan,Madurai,Tamil Nadu,2026-02-03,8.3,,7.1,3.0,No,"Indian home-care observation | Gopal Krishnan | Madurai, Tamil Nadu | Source: mobile_app"
R01129,P004,Ananya Iyer,Bengaluru,Karnataka,2026-02-08,6.9,66.5,5.6,0.8,No,"Indian home-care observation | Ananya Iyer | Bengaluru, Karnataka | Source: phone_checkin"
R01130,P016,Aishwarya Pillai,Kollam,Kerala,2026-01-24,6.6,91.4,9.9,2.7,No,"Indian home-care observation | Aishwarya Pillai | Kollam, Kerala | Source: wearable_sync"
R01131,P015,Suresh Babu,Madurai,Tamil Nadu,2026-01-30,10.0,73.3,6.8,1.6,No,"Indian home-care observation | Suresh Babu | Madurai, Tamil Nadu | Source: tablet_kiosk"
R01132,P024,Neha Kapoor,New Delhi,Delhi,2026-02-07,8.8,90.6,7.8,3.4,No,"Indian home-care observation | Neha Kapoor | New Delhi, Delhi | Source: tablet_kiosk"
R01133,P008,Lakshmi Rao,Vijayawada,Andhra Pradesh,2026-01-22,6.3,75.0,7.1,1.6,No,"Indian home-care observation | Lakshmi Rao | Vijayawada, Andhra Pradesh | Source: tablet_kiosk"
R01134,P034,Madhuri Naik,Panaji,Goa,2026-01-26,7.6,96.6,6.2,2.6,No,"Indian home-care observation | Madhuri Naik | Panaji, Goa | Source: mobile_app"
R01135,P034,Madhuri Naik,Panaji,Goa,2026-01-27,8.4,87.4,4.8,2.6,No,"Indian home-care observation | Madhuri Naik | Panaji, Goa | Source: mobile_app"
R01136,P023,Mohan Raj,Salem,Tamil Nadu,2026-02-03,6.2,95.6,,2.2,No,"Indian home-care observation | Mohan Raj | Salem, Tamil Nadu | Source: wearable_sync"
R01137,P010,Divya Patel,Ahmedabad,Gujarat,2026-01-30,5.8,67.1,7.1,1.8,No,"Indian home-care observation | Divya Patel | Ahmedabad, Gujarat | Source: phone_checkin"
R01138,P010,Divya Patel,Ahmedabad,Gujarat,2026-01-31,6.2,70.3,7.0,1.8,No,"Indian home-care observation | Divya Patel | Ahmedabad, Gujarat | Source: tablet_kiosk"
R01139,P040,Deepa Thomas,Thrissur,Kerala,2026-01-24,4.6,78.1,4.3,1.3,Yes,"Indian home-care observation | Deepa Thomas | Thrissur, Kerala | Source: phone_checkin"
R01140,P015,Suresh Babu,Madurai,Tamil Nadu,2026-01-31,10.0,84.6,7.6,1.4,No,"Indian home-care observation | Suresh Babu | Madurai, Tamil Nadu | Source: phone_checkin"
R01141,P023,Mohan Raj,Salem,Tamil Nadu,2026-02-04,8.1,100.0,8.0,4.1,No,"Indian home-care observation | Mohan Raj | Salem, Tamil Nadu | Source: phone_checkin"
R01142,P014,Sneha Joshi,Pune,Maharashtra,2026-01-26,8.9,71.5,,3.9,Yes,"Indian home-care observation | Sneha Joshi | Pune, Maharashtra | Source: wearable_sync"
R01143,P006,Meena Krishnan,Coimbatore,Tamil Nadu,2026-02-07,5.9,,5.6,,No,"Indian home-care observation | Meena Krishnan | Coimbatore, Tamil Nadu | Source: mobile_app"
R01144,P007,Karthik Reddy,Hyderabad,Telangana,2026-02-01,7.7,82.3,,1.9,No,"Indian home-care observation | Karthik Reddy | Hyderabad, Telangana | Source: wearable_sync"
R01145,P016,Aishwarya Pillai,Kollam,Kerala,2026-01-25,7.6,93.9,9.4,,No,"Indian home-care observation | Aishwarya Pillai | Kollam, Kerala | Source: tablet_kiosk"
R01146,P010,Divya Patel,Ahmedabad,Gujarat,2026-02-01,6.4,65.1,,1.0,No,"Indian home-care observation | Divya Patel | Ahmedabad, Gujarat | Source: phone_checkin"
R01147,P019,Deepak Verma,Chandigarh,Chandigarh,2026-01-29,9.7,78.0,,3.1,No,"Indian home-care observation | Deepak Verma | Chandigarh, Chandigarh | Source: mobile_app"
R01148,P038,Janani Murugan,Erode,Tamil Nadu,2026-01-24,7.9,80.0,6.6,1.6,No,"Indian home-care observation | Janani Murugan | Erode, Tamil Nadu | Source: mobile_app"
R01149,P013,Manoj Gupta,Lucknow,Uttar Pradesh,2026-01-29,8.6,84.5,7.6,3.6,No,"Indian home-care observation | Manoj Gupta | Lucknow, Uttar Pradesh | Source: wearable_sync"
R01150,P015,Suresh Babu,Madurai,Tamil Nadu,2026-02-01,9.5,70.8,,0.0,No,"Indian home-care observation | Suresh Babu | Madurai, Tamil Nadu | Source: mobile_app"
R01151,P016,Aishwarya Pillai,Kollam,Kerala,2026-01-26,7.9,88.2,8.3,3.0,No,"Indian home-care observation | Aishwarya Pillai | Kollam, Kerala | Source: wearable_sync"
R01152,P006,Meena Krishnan,Coimbatore,Tamil Nadu,2026-02-08,6.0,87.2,5.9,2.1,No,"Indian home-care observation | Meena Krishnan | Coimbatore, Tamil Nadu | Source: phone_checkin"
R01153,P009,Sanjay Kumar,Jaipur,Rajasthan,2026-01-23,,88.7,7.5,2.8,No,"Indian home-care observation | Sanjay Kumar | Jaipur, Rajasthan | Source: phone_checkin"
R01154,P033,Ganesh Iyer,Chennai,Tamil Nadu,2026-01-27,8.2,76.2,6.2,1.3,No,"Indian home-care observation | Ganesh Iyer | Chennai, Tamil Nadu | Source: wearable_sync"
R01155,P023,Mohan Raj,Salem,Tamil Nadu,2026-02-05,6.7,91.4,7.0,2.5,No,"Indian home-care observation | Mohan Raj | Salem, Tamil Nadu | Source: wearable_sync"
R01156,P029,Gopal Krishnan,Madurai,Tamil Nadu,2026-02-04,7.3,89.1,6.9,1.4,No,"Indian home-care observation | Gopal Krishnan | Madurai, Tamil Nadu | Source: tablet_kiosk"
R01157,P036,Sowmya N,Hyderabad,Telangana,2026-01-27,8.2,84.0,8.0,1.2,No,"Indian home-care observation | Sowmya N | Hyderabad, Telangana | Source: phone_checkin"
R01158,P015,Suresh Babu,Madurai,Tamil Nadu,2026-02-02,8.8,,6.6,,No,"Indian home-care observation | Suresh Babu | Madurai, Tamil Nadu | Source: tablet_kiosk"
R01159,P014,Sneha Joshi,Pune,Maharashtra,2026-01-27,7.7,72.8,6.3,1.1,No,"Indian home-care observation | Sneha Joshi | Pune, Maharashtra | Source: mobile_app"
R01160,P001,Arjun Mehta,Chennai,Tamil Nadu,2026-01-27,7.6,76.7,6.5,1.2,No,"Indian home-care observation | Arjun Mehta | Chennai, Tamil Nadu | Source: tablet_kiosk"
R01161,P030,Nandini Shetty,Mangaluru,Karnataka,2026-01-27,5.6,,1.5,0.0,No,"Indian home-care observation | Nandini Shetty | Mangaluru, Karnataka | Source: mobile_app"
R01162,P002,Priya Nair,Kochi,Kerala,2026-01-27,8.6,75.7,5.8,1.4,No,"Indian home-care observation | Priya Nair | Kochi, Kerala | Source: tablet_kiosk"
R01163,P004,Ananya Iyer,Bengaluru,Karnataka,2026-02-09,6.9,63.6,6.0,0.9,No,"Indian home-care observation | Ananya Iyer | Bengaluru, Karnataka | Source: mobile_app"
R01164,P035,Prakash Patil,Nashik,Maharashtra,2026-02-06,6.2,66.6,6.5,0.4,No,"Indian home-care observation | Prakash Patil | Nashik, Maharashtra | Source: wearable_sync"
R01165,P029,Gopal Krishnan,Madurai,Tamil Nadu,2026-02-05,7.4,74.9,6.7,2.9,No,"Indian home-care observation | Gopal Krishnan | Madurai, Tamil Nadu | Source: tablet_kiosk"
R01166,P037,Ramesh Chandran,Puducherry,Puducherry,2026-02-06,7.1,89.6,7.2,,No,"Indian home-care observation | Ramesh Chandran | Puducherry, Puducherry | Source: wearable_sync"
R01167,P032,Bhavana R,Bengaluru,Karnataka,2026-01-31,7.9,92.7,7.7,2.8,No,"Indian home-care observation | Bhavana R | Bengaluru, Karnataka | Source: phone_checkin"
R01168,P024,Neha Kapoor,New Delhi,Delhi,2026-02-08,7.8,94.0,8.3,,No,"Indian home-care observation | Neha Kapoor | New Delhi, Delhi | Source: tablet_kiosk"
R01169,P036,Sowmya N,Hyderabad,Telangana,2026-01-28,7.8,85.9,8.5,2.8,No,"Indian home-care observation | Sowmya N | Hyderabad, Telangana | Source: wearable_sync"
R01170,P034,Madhuri Naik,Panaji,Goa,2026-01-28,7.8,84.7,5.9,3.4,No,"Indian home-care observation | Madhuri Naik | Panaji, Goa | Source: phone_checkin"
R01171,P036,Sowmya N,Hyderabad,Telangana,2026-01-29,7.1,83.8,8.8,2.1,No,"Indian home-care observation | Sowmya N | Hyderabad, Telangana | Source: wearable_sync"
R01172,P021,Ajay Menon,Kozhikode,Kerala,2026-01-28,5.8,83.0,6.2,2.2,No,"Indian home-care observation | Ajay Menon | Kozhikode, Kerala | Source: tablet_kiosk"
R01173,P037,Ramesh Chandran,Puducherry,Puducherry,2026-02-07,6.7,87.9,,0.8,No,"Indian home-care observation | Ramesh Chandran | Puducherry, Puducherry | Source: wearable_sync"
R01174,P025,Ravi Prasad,Patna,Bihar,2026-01-23,5.9,75.1,8.1,2.3,No,"Indian home-care observation | Ravi Prasad | Patna, Bihar | Source: wearable_sync"
R01175,P037,Ramesh Chandran,Puducherry,Puducherry,2026-02-08,,83.3,7.2,2.7,No,"Indian home-care observation | Ramesh Chandran | Puducherry, Puducherry | Source: wearable_sync"
R01176,P023,Mohan Raj,Salem,Tamil Nadu,2026-02-06,6.9,98.1,7.9,3.4,No,"Indian home-care observation | Mohan Raj | Salem, Tamil Nadu | Source: tablet_kiosk"
R01177,P018,Harini Reddy,Warangal,Telangana,2026-01-26,8.1,71.4,6.9,2.7,No,"Indian home-care observation | Harini Reddy | Warangal, Telangana | Source: mobile_app"
R01178,P036,Sowmya N,Hyderabad,Telangana,2026-01-30,8.2,83.4,7.5,3.1,No,"Indian home-care observation | Sowmya N | Hyderabad, Telangana | Source: mobile_app"
R01179,P019,Deepak Verma,Chandigarh,Chandigarh,2026-01-30,7.8,88.1,8.5,,No,"Indian home-care observation | Deepak Verma | Chandigarh, Chandigarh | Source: phone_checkin"
R01180,P002,Priya Nair,Kochi,Kerala,2026-01-28,7.9,76.9,5.8,2.8,No,"Indian home-care observation | Priya Nair | Kochi, Kerala | Source: phone_checkin"
R01181,P037,Ramesh Chandran,Puducherry,Puducherry,2026-02-09,7.4,88.2,7.5,1.7,No,"Indian home-care observation | Ramesh Chandran | Puducherry, Puducherry | Source: tablet_kiosk"
R01182,P018,Harini Reddy,Warangal,Telangana,2026-01-27,7.1,79.3,,3.7,No,"Indian home-care observation | Harini Reddy | Warangal, Telangana | Source: tablet_kiosk"
R01183,P027,Aditya Kulkarni,Nagpur,Maharashtra,2026-02-02,7.0,79.7,10.0,2.4,No,"Indian home-care observation | Aditya Kulkarni | Nagpur, Maharashtra | Source: mobile_app"
R01184,P035,Prakash Patil,Nashik,Maharashtra,2026-02-07,6.2,68.6,6.6,2.0,No,"Indian home-care observation | Prakash Patil | Nashik, Maharashtra | Source: tablet_kiosk"
R01185,P038,Janani Murugan,Erode,Tamil Nadu,2026-01-25,6.7,67.8,,2.7,No,"Indian home-care observation | Janani Murugan | Erode, Tamil Nadu | Source: mobile_app"
R01186,P027,Aditya Kulkarni,Nagpur,Maharashtra,2026-02-03,7.1,,9.2,4.1,No,"Indian home-care observation | Aditya Kulkarni | Nagpur, Maharashtra | Source: mobile_app"
R01187,P010,Divya Patel,Ahmedabad,Gujarat,2026-02-02,6.9,63.4,7.7,1.3,No,"Indian home-care observation | Divya Patel | Ahmedabad, Gujarat | Source: tablet_kiosk"
R01188,P037,Ramesh Chandran,Puducherry,Puducherry,2026-02-10,6.8,86.2,7.5,2.7,No,"Indian home-care observation | Ramesh Chandran | Puducherry, Puducherry | Source: wearable_sync"
R01189,P040,Deepa Thomas,Thrissur,Kerala,2026-01-25,5.5,99.6,6.0,3.2,No,"Indian home-care observation | Deepa Thomas | Thrissur, Kerala | Source: tablet_kiosk"
R01190,P040,Deepa Thomas,Thrissur,Kerala,2026-01-26,6.2,85.0,4.8,0.8,No,"Indian home-care observation | Deepa Thomas | Thrissur, Kerala | Source: wearable_sync"
R01191,P034,Madhuri Naik,Panaji,Goa,2026-01-29,7.8,88.6,5.1,,No,"Indian home-care observation | Madhuri Naik | Panaji, Goa | Source: wearable_sync"
R01192,P024,Neha Kapoor,New Delhi,Delhi,2026-02-09,,91.1,,3.8,No,"Indian home-care observation | Neha Kapoor | New Delhi, Delhi | Source: phone_checkin"
R01193,P011,Rohan Das,Kolkata,West Bengal,2026-02-04,6.1,83.3,5.2,2.8,No,"Indian home-care observation | Rohan Das | Kolkata, West Bengal | Source: wearable_sync"
R01194,P020,Pooja Shah,Surat,Gujarat,2026-01-30,6.8,78.7,6.0,0.9,No,"Indian home-care observation | Pooja Shah | Surat, Gujarat | Source: tablet_kiosk"
R01195,P032,Bhavana R,Bengaluru,Karnataka,2026-02-01,7.2,96.4,8.1,1.5,No,"Indian home-care observation | Bhavana R | Bengaluru, Karnataka | Source: nan"
R01196,P001,Arjun Mehta,Chennai,Tamil Nadu,2026-01-28,10.0,72.1,7.0,1.4,No,"Indian home-care observation | Arjun Mehta | Chennai, Tamil Nadu | Source: phone_checkin"
R01197,P020,Pooja Shah,Surat,Gujarat,2026-01-31,,76.9,6.3,3.0,No,"Indian home-care observation | Pooja Shah | Surat, Gujarat | Source: phone_checkin"
R01198,P038,Janani Murugan,Erode,Tamil Nadu,2026-01-26,6.5,,6.6,1.7,No,"Indian home-care observation | Janani Murugan | Erode, Tamil Nadu | Source: wearable_sync"
R01199,P025,Ravi Prasad,Patna,Bihar,2026-01-24,6.6,73.1,9.5,1.8,No,"Indian home-care observation | Ravi Prasad | Patna, Bihar | Source: mobile_app"
R01200,P014,Sneha Joshi,Pune,Maharashtra,2026-01-28,8.2,74.7,6.2,2.8,No,"Indian home-care observation | Sneha Joshi | Pune, Maharashtra | Source: phone_checkin"
R01201,P006,Meena Krishnan,Coimbatore,Tamil Nadu,2026-02-09,,91.7,7.0,3.3,No,"Indian home-care observation | Meena Krishnan | Coimbatore, Tamil Nadu | Source: mobile_app | Missing mobility test case"
R01202,P020,Pooja Shah,Surat,Gujarat,2026-02-01,6.6,84.4,5.4,1.3,No,"Indian home-care observation | Pooja Shah | Surat, Gujarat | Source: phone_checkin"
R01203,P011,Rohan Das,Kolkata,West Bengal,2026-02-05,6.0,73.8,,1.7,No,"Indian home-care observation | Rohan Das | Kolkata, West Bengal | Source: tablet_kiosk"
R01204,P038,Janani Murugan,Erode,Tamil Nadu,2026-01-27,7.3,69.9,,,No,"Indian home-care observation | Janani Murugan | Erode, Tamil Nadu | Source: wearable_sync"
R01205,P035,Prakash Patil,Nashik,Maharashtra,2026-02-08,7.0,74.4,6.8,1.7,No,"Indian home-care observation | Prakash Patil | Nashik, Maharashtra | Source: wearable_sync"
R01206,P006,Meena Krishnan,Coimbatore,Tamil Nadu,2026-02-10,6.5,91.0,6.6,3.0,No,"Indian home-care observation | Meena Krishnan | Coimbatore, Tamil Nadu | Source: wearable_sync"
R01207,P030,Nandini Shetty,Mangaluru,Karnataka,2026-01-28,7.4,69.3,,1.3,No,"Indian home-care observation | Nandini Shetty | Mangaluru, Karnataka | Source: mobile_app"
R01208,P035,Prakash Patil,Nashik,Maharashtra,2026-02-09,7.2,69.1,6.8,1.1,No,"Indian home-care observation | Prakash Patil | Nashik, Maharashtra | Source: phone_checkin"
R01209,P006,Meena Krishnan,Coimbatore,Tamil Nadu,2026-02-11,6.1,82.3,5.9,2.6,No,"Indian home-care observation | Meena Krishnan | Coimbatore, Tamil Nadu | Source: mobile_app"
R01210,P015,Suresh Babu,Madurai,Tamil Nadu,2026-02-03,9.7,71.0,6.4,1.2,No,"Indian home-care observation | Suresh Babu | Madurai, Tamil Nadu | Source: wearable_sync"
R01211,P015,Suresh Babu,Madurai,Tamil Nadu,2026-02-04,9.8,73.4,6.0,0.8,No,"Indian home-care observation | Suresh Babu | Madurai, Tamil Nadu | Source: tablet_kiosk"
R01212,P008,Lakshmi Rao,Vijayawada,Andhra Pradesh,2026-01-23,6.1,80.6,6.8,1.9,No,"Indian home-care observation | Lakshmi Rao | Vijayawada, Andhra Pradesh | Source: phone_checkin"
R01213,P028,Swathi Rao,Visakhapatnam,Andhra Pradesh,2026-02-08,8.2,84.1,,2.1,No,"Indian home-care observation | Swathi Rao | Visakhapatnam, Andhra Pradesh | Source: tablet_kiosk"
R01214,P030,Nandini Shetty,Mangaluru,Karnataka,2026-01-29,8.6,77.0,5.3,1.9,No,"Indian home-care observation | Nandini Shetty | Mangaluru, Karnataka | Source: wearable_sync"
R01215,P023,Mohan Raj,Salem,Tamil Nadu,2026-02-07,7.1,94.6,6.8,3.2,No,"Indian home-care observation | Mohan Raj | Salem, Tamil Nadu | Source: WEARABLE_SYNC"
R01216,P002,Priya Nair,Kochi,Kerala,2026-01-29,9.1,78.0,6.2,1.6,No,"Indian home-care observation | Priya Nair | Kochi, Kerala | Source: phone_checkin"
R01217,P001,Arjun Mehta,Chennai,Tamil Nadu,2026-01-29,7.2,,8.1,3.0,No,"Indian home-care observation | Arjun Mehta | Chennai, Tamil Nadu | Source: tablet_kiosk"
R01218,P026,Keerthana S,Tiruchirappalli,Tamil Nadu,2026-02-01,5.8,85.8,6.4,2.9,No,"Indian home-care observation | Keerthana S | Tiruchirappalli, Tamil Nadu | Source: mobile_app"
R01219,P011,Rohan Das,Kolkata,West Bengal,2026-02-06,6.2,72.7,5.6,1.1,No,"Indian home-care observation | Rohan Das | Kolkata, West Bengal | Source: wearable_sync"
R01220,P031,Ashok Yadav,Kanpur,Uttar Pradesh,2026-01-31,8.6,74.1,8.2,1.9,No,"Indian home-care observation | Ashok Yadav | Kanpur, Uttar Pradesh | Source: tablet_kiosk"
R01221,P005,Vikram Singh,Mumbai,Maharashtra,2026-01-26,9.8,76.2,7.4,2.6,No,"Indian home-care observation | Vikram Singh | Mumbai, Maharashtra | Source: tablet_kiosk"
R01222,P014,Sneha Joshi,Pune,Maharashtra,2026-01-29,8.9,68.4,4.7,2.2,Yes,"Indian home-care observation | Sneha Joshi | Pune, Maharashtra | Source: mobile_app"
R01223,P025,Ravi Prasad,Patna,Bihar,2026-01-25,6.4,76.5,7.5,3.1,No,"Indian home-care observation | Ravi Prasad | Patna, Bihar | Source: phone_checkin"
R01224,P019,Deepak Verma,Chandigarh,Chandigarh,2026-01-31,8.6,85.8,8.4,4.1,No,"Indian home-care observation | Deepak Verma | Chandigarh, Chandigarh | Source: mobile_app"
R01225,P039,Imran Khan,Bhopal,Madhya Pradesh,2026-01-30,7.7,78.3,7.8,1.2,No,"Indian home-care observation | Imran Khan | Bhopal, Madhya Pradesh | Source: wearable_sync"
R01226,P022,Shreya Das,Bhubaneswar,Odisha,2026-01-28,8.6,73.5,5.5,1.9,No,"Indian home-care observation | Shreya Das | Bhubaneswar, Odisha | Source: mobile_app"
R01227,P017,Naveen Kumar,Mysuru,Karnataka,2026-01-27,8.3,79.2,6.7,0.3,No,"Indian home-care observation | Naveen Kumar | Mysuru, Karnataka | Source: nan"
R01228,P001,Arjun Mehta,Chennai,Tamil Nadu,2026-01-30,7.7,,,2.4,No,"Indian home-care observation | Arjun Mehta | Chennai, Tamil Nadu | Source: phone_checkin"
R01229,P020,Pooja Shah,Surat,Gujarat,2026-02-02,6.7,71.3,5.3,0.9,No,"Indian home-care observation | Pooja Shah | Surat, Gujarat | Source: phone_checkin"
R01230,P017,Naveen Kumar,Mysuru,Karnataka,2026-01-28,7.2,73.0,5.4,,No,"Indian home-care observation | Naveen Kumar | Mysuru, Karnataka | Source: phone_checkin"
R01231,P034,Madhuri Naik,Panaji,Goa,2026-01-30,7.7,89.3,4.7,3.3,No,"Indian home-care observation | Madhuri Naik | Panaji, Goa | Source: phone_checkin"
R01232,P023,Mohan Raj,Salem,Tamil Nadu,2026-02-08,6.1,94.5,5.3,2.9,No,"Indian home-care observation | Mohan Raj | Salem, Tamil Nadu | Source: tablet_kiosk"
R01233,P039,Imran Khan,Bhopal,Madhya Pradesh,2026-01-31,8.3,74.6,8.1,1.8,No,"Indian home-care observation | Imran Khan | Bhopal, Madhya Pradesh | Source: mobile_app"
R01234,P021,Ajay Menon,Kozhikode,Kerala,2026-01-29,,81.6,5.6,2.4,No,"Indian home-care observation | Ajay Menon | Kozhikode, Kerala | Source: wearable_sync"
R01235,P018,Harini Reddy,Warangal,Telangana,2026-01-28,8.2,82.2,8.4,2.9,No,"Indian home-care observation | Harini Reddy | Warangal, Telangana | Source: tablet_kiosk"
R01236,P015,Suresh Babu,Madurai,Tamil Nadu,2026-02-05,9.7,71.2,7.3,1.3,No,"Indian home-care observation | Suresh Babu | Madurai, Tamil Nadu | Source: phone_checkin"
R01237,P012,Kavya Menon,Thiruvananthapuram,Kerala,2026-01-17,8.4,87.6,8.1,4.5,No,"Indian home-care observation | Kavya Menon | Thiruvananthapuram, Kerala | Source: phone_checkin"
R01238,P033,Ganesh Iyer,Chennai,Tamil Nadu,2026-01-28,8.3,84.6,7.1,2.4,No,"Indian home-care observation | Ganesh Iyer | Chennai, Tamil Nadu | Source: mobile_app"
R01239,P004,Ananya Iyer,Bengaluru,Karnataka,2026-02-10,7.1,69.4,4.3,,No,"Indian home-care observation | Ananya Iyer | Bengaluru, Karnataka | Source: mobile_app"
R01240,P012,Kavya Menon,Thiruvananthapuram,Kerala,2026-01-18,7.0,92.0,8.6,2.1,No,"Indian home-care observation | Kavya Menon | Thiruvananthapuram, Kerala | Source: mobile_app"
R01241,P012,Kavya Menon,Thiruvananthapuram,Kerala,2026-01-19,6.6,81.3,7.9,0.0,No,"Indian home-care observation | Kavya Menon | Thiruvananthapuram, Kerala | Source: tablet_kiosk"
R01242,P034,Madhuri Naik,Panaji,Goa,2026-01-31,8.0,87.9,6.0,3.2,Yes,"Indian home-care observation | Madhuri Naik | Panaji, Goa | Source: PHONE_CHECKIN"
R01243,P015,Suresh Babu,Madurai,Tamil Nadu,2026-02-06,9.6,66.6,7.9,2.2,No,"Indian home-care observation | Suresh Babu | Madurai, Tamil Nadu | Source: wearable_sync"
R01244,P010,Divya Patel,Ahmedabad,Gujarat,2026-02-03,5.6,62.8,6.9,2.3,No,"Indian home-care observation | Divya Patel | Ahmedabad, Gujarat | Source: phone_checkin"
R01245,P003,Rahul Sharma,Delhi,Delhi,2026-01-20,5.8,89.5,6.1,0.0,No,"Indian home-care observation | Rahul Sharma | Delhi, Delhi | Source: phone_checkin"
R01246,P025,Ravi Prasad,Patna,Bihar,2026-01-26,6.6,92.9,8.2,2.5,No,"Indian home-care observation | Ravi Prasad | Patna, Bihar | Source: wearable_sync"
R01247,P007,Karthik Reddy,Hyderabad,Telangana,2026-02-02,8.3,69.5,8.7,0.4,No,"Indian home-care observation | Karthik Reddy | Hyderabad, Telangana | Source: mobile_app"
R01248,P032,Bhavana R,Bengaluru,Karnataka,2026-02-02,8.0,93.9,8.4,3.1,No,"Indian home-care observation | Bhavana R | Bengaluru, Karnataka | Source: mobile_app"
R01249,P004,Ananya Iyer,Bengaluru,Karnataka,2026-02-11,,65.4,6.4,0.3,No,"Indian home-care observation | Ananya Iyer | Bengaluru, Karnataka | Source: mobile_app"
R01250,P008,Lakshmi Rao,Vijayawada,Andhra Pradesh,2026-01-24,7.1,78.3,5.8,2.6,No,"Indian home-care observation | Lakshmi Rao | Vijayawada, Andhra Pradesh | Source: phone_checkin"
R01251,P024,Neha Kapoor,New Delhi,Delhi,2026-02-10,7.0,77.1,5.5,3.4,No,"Indian home-care observation | Neha Kapoor | New Delhi, Delhi | Source: tablet_kiosk"
R01252,P003,Rahul Sharma,Delhi,Delhi,2026-01-21,7.5,,5.4,2.7,No,"Indian home-care observation | Rahul Sharma | Delhi, Delhi | Source: tablet_kiosk"
R01253,P025,Ravi Prasad,Patna,Bihar,2026-01-27,7.8,,8.3,3.7,No,"Indian home-care observation | Ravi Prasad | Patna, Bihar | Source: mobile_app"
R01254,P012,Kavya Menon,Thiruvananthapuram,Kerala,2026-01-20,6.6,93.0,8.8,1.9,No,"Indian home-care observation | Kavya Menon | Thiruvananthapuram, Kerala | Source: tablet_kiosk"
R01255,P010,Divya Patel,Ahmedabad,Gujarat,2026-02-04,6.6,61.1,6.9,2.3,No,"Indian home-care observation | Divya Patel | Ahmedabad, Gujarat | Source: phone_checkin"
R01256,P010,Divya Patel,Ahmedabad,Gujarat,2026-02-05,7.0,,8.0,2.2,No,"Indian home-care observation | Divya Patel | Ahmedabad, Gujarat | Source: wearable_sync"
R01257,P037,Ramesh Chandran,Puducherry,Puducherry,2026-02-11,,80.6,7.3,2.2,No,"Indian home-care observation | Ramesh Chandran | Puducherry, Puducherry | Source: nan"
R01258,P012,Kavya Menon,Thiruvananthapuram,Kerala,2026-01-21,7.1,,,4.4,No,"Indian home-care observation | Kavya Menon | Thiruvananthapuram, Kerala | Source: wearable_sync"
R01259,P033,Ganesh Iyer,Chennai,Tamil Nadu,2026-01-29,8.8,78.2,6.7,1.8,No,"Indian home-care observation | Ganesh Iyer | Chennai, Tamil Nadu | Source: tablet_kiosk"
R01260,P006,Meena Krishnan,Coimbatore,Tamil Nadu,2026-02-12,7.2,100.0,7.5,2.7,No,"Indian home-care observation | Meena Krishnan | Coimbatore, Tamil Nadu | Source: tablet_kiosk"
R01261,P034,Madhuri Naik,Panaji,Goa,2026-02-01,7.8,88.9,,3.0,No,"Indian home-care observation | Madhuri Naik | Panaji, Goa | Source: phone_checkin"
R01262,P013,Manoj Gupta,Lucknow,Uttar Pradesh,2026-01-30,7.1,,6.1,,No,"Indian home-care observation | Manoj Gupta | Lucknow, Uttar Pradesh | Source: tablet_kiosk"
R01263,P035,Prakash Patil,Nashik,Maharashtra,2026-02-10,7.2,65.6,5.8,2.4,No,"Indian home-care observation | Prakash Patil | Nashik, Maharashtra | Source: phone_checkin"
R01264,P010,Divya Patel,Ahmedabad,Gujarat,2026-02-06,5.6,62.8,6.9,2.3,No,"Indian home-care observation | Divya Patel | Ahmedabad, Gujarat | Source: phone_checkin"
R01265,P002,Priya Nair,Kochi,Kerala,2026-01-30,8.3,75.9,6.4,3.2,No,"Indian home-care observation | Priya Nair | Kochi, Kerala | Source: wearable_sync"
R01266,P034,Madhuri Naik,Panaji,Goa,2026-02-02,7.9,85.0,5.9,2.2,No,"Indian home-care observation | Madhuri Naik | Panaji, Goa | Source: mobile_app"
R01267,P015,Suresh Babu,Madurai,Tamil Nadu,2026-02-07,10.0,77.1,8.2,1.5,No,"Indian home-care observation | Suresh Babu | Madurai, Tamil Nadu | Source: phone_checkin"
R01268,P033,Ganesh Iyer,Chennai,Tamil Nadu,2026-01-30,7.7,77.6,6.5,2.9,No,"Indian home-care observation | Ganesh Iyer | Chennai, Tamil Nadu | Source: wearable_sync"
R01269,P013,Manoj Gupta,Lucknow,Uttar Pradesh,2026-01-31,8.2,80.6,6.7,1.1,No,"Indian home-care observation | Manoj Gupta | Lucknow, Uttar Pradesh | Source: wearable_sync"
R01270,P007,Karthik Reddy,Hyderabad,Telangana,2026-02-03,7.9,77.3,6.1,3.4,No,"Indian home-care observation | Karthik Reddy | Hyderabad, Telangana | Source: tablet_kiosk"
R01271,P028,Swathi Rao,Visakhapatnam,Andhra Pradesh,2026-02-09,7.2,92.0,6.4,2.5,Yes,"Indian home-care observation | Swathi Rao | Visakhapatnam, Andhra Pradesh | Source: tablet_kiosk"
R01272,P035,Prakash Patil,Nashik,Maharashtra,2026-02-11,6.7,74.5,6.9,2.2,No,"Indian home-care observation | Prakash Patil | Nashik, Maharashtra | Source: tablet_kiosk"
R01273,P008,Lakshmi Rao,Vijayawada,Andhra Pradesh,2026-01-25,5.6,79.7,4.9,2.6,No,"Indian home-care observation | Lakshmi Rao | Vijayawada, Andhra Pradesh | Source: phone_checkin"
R01274,P005,Vikram Singh,Mumbai,Maharashtra,2026-01-27,9.0,86.7,7.8,3.1,No,"Indian home-care observation | Vikram Singh | Mumbai, Maharashtra | Source: wearable_sync"
R01275,P039,Imran Khan,Bhopal,Madhya Pradesh,2026-02-01,6.8,74.7,7.5,,No,"Indian home-care observation | Imran Khan | Bhopal, Madhya Pradesh | Source: wearable_sync"
R01276,P031,Ashok Yadav,Kanpur,Uttar Pradesh,2026-02-01,8.5,65.3,7.7,3.2,No,"Indian home-care observation | Ashok Yadav | Kanpur, Uttar Pradesh | Source: phone_checkin"
R01277,P018,Harini Reddy,Warangal,Telangana,2026-01-29,8.4,81.9,6.5,1.0,No,"Indian home-care observation | Harini Reddy | Warangal, Telangana | Source: phone_checkin"
R01278,P031,Ashok Yadav,Kanpur,Uttar Pradesh,2026-02-02,7.4,58.8,6.2,1.4,No,"Indian home-care observation | Ashok Yadav | Kanpur, Uttar Pradesh | Source: tablet_kiosk"
R01279,P009,Sanjay Kumar,Jaipur,Rajasthan,2026-01-24,7.0,73.8,6.3,2.2,No,"Indian home-care observation | Sanjay Kumar | Jaipur, Rajasthan | Source: mobile_app"
R01280,P018,Harini Reddy,Warangal,Telangana,2026-01-30,7.8,77.5,7.0,1.8,No,"Indian home-care observation | Harini Reddy | Warangal, Telangana | Source: wearable_sync"
R01281,P038,Janani Murugan,Erode,Tamil Nadu,2026-01-28,7.4,75.7,7.5,1.5,No,"Indian home-care observation | Janani Murugan | Erode, Tamil Nadu | Source: tablet_kiosk"
R01282,P006,Meena Krishnan,Coimbatore,Tamil Nadu,2026-02-13,5.5,85.3,6.1,1.8,No,"Indian home-care observation | Meena Krishnan | Coimbatore, Tamil Nadu | Source: wearable_sync"
R01283,P005,Vikram Singh,Mumbai,Maharashtra,2026-01-28,8.6,81.4,7.5,1.1,No,"Indian home-care observation | Vikram Singh | Mumbai, Maharashtra | Source: phone_checkin"
R01284,P028,Swathi Rao,Visakhapatnam,Andhra Pradesh,2026-02-10,6.8,89.7,6.0,0.6,No,"Indian home-care observation | Swathi Rao | Visakhapatnam, Andhra Pradesh | Source: phone_checkin"
R01285,P030,Nandini Shetty,Mangaluru,Karnataka,2026-01-30,7.0,65.4,3.0,1.9,No,"Indian home-care observation | Nandini Shetty | Mangaluru, Karnataka | Source: tablet_kiosk"
R01286,P015,Suresh Babu,Madurai,Tamil Nadu,2026-02-08,9.7,74.0,6.8,1.7,No,"Indian home-care observation | Suresh Babu | Madurai, Tamil Nadu | Source: nan"
R01287,P024,Neha Kapoor,New Delhi,Delhi,2026-02-11,7.4,83.0,,2.5,No,"Indian home-care observation | Neha Kapoor | New Delhi, Delhi | Source: tablet_kiosk"
R01288,P031,Ashok Yadav,Kanpur,Uttar Pradesh,2026-02-03,7.5,51.1,6.2,1.6,No,"Indian home-care observation | Ashok Yadav | Kanpur, Uttar Pradesh | Source: wearable_sync"
R01289,P001,Arjun Mehta,Chennai,Tamil Nadu,2026-01-31,6.2,78.8,6.1,0.0,No,"Indian home-care observation | Arjun Mehta | Chennai, Tamil Nadu | Source: tablet_kiosk"
R01290,P035,Prakash Patil,Nashik,Maharashtra,2026-02-12,6.5,73.0,6.9,2.4,No,"Indian home-care observation | Prakash Patil | Nashik, Maharashtra | Source: phone_checkin"
R01291,P038,Janani Murugan,Erode,Tamil Nadu,2026-01-29,7.1,69.5,6.3,2.3,No,"Indian home-care observation | Janani Murugan | Erode, Tamil Nadu | Source: tablet_kiosk"
R01292,P021,Ajay Menon,Kozhikode,Kerala,2026-01-30,5.6,85.7,6.3,2.7,No,"Indian home-care observation | Ajay Menon | Kozhikode, Kerala | Source: mobile_app"
R01293,P007,Karthik Reddy,Hyderabad,Telangana,2026-02-04,7.6,92.7,7.7,2.7,No,"Indian home-care observation | Karthik Reddy | Hyderabad, Telangana | Source: tablet_kiosk"
R01294,P024,Neha Kapoor,New Delhi,Delhi,2026-02-12,7.7,94.9,6.6,2.4,No,"Indian home-care observation | Neha Kapoor | New Delhi, Delhi | Source: wearable_sync"
R01295,P022,Shreya Das,Bhubaneswar,Odisha,2026-01-29,7.7,72.6,4.6,3.3,No,"Indian home-care observation | Shreya Das | Bhubaneswar, Odisha | Source: tablet_kiosk"
R01296,P029,Gopal Krishnan,Madurai,Tamil Nadu,2026-02-06,6.5,82.7,7.5,1.4,No,"Indian home-care observation | Gopal Krishnan | Madurai, Tamil Nadu | Source: mobile_app"
R01297,P008,Lakshmi Rao,Vijayawada,Andhra Pradesh,2026-01-26,5.3,75.0,6.2,2.9,No,"Indian home-care observation | Lakshmi Rao | Vijayawada, Andhra Pradesh | Source: mobile_app"
R01298,P003,Rahul Sharma,Delhi,Delhi,2026-01-22,8.6,82.6,6.8,3.4,No,"Indian home-care observation | Rahul Sharma | Delhi, Delhi | Source: wearable_sync"
R01299,P016,Aishwarya Pillai,Kollam,Kerala,2026-01-27,7.3,91.8,9.0,1.5,No,"Indian home-care observation | Aishwarya Pillai | Kollam, Kerala | Source: wearable_sync"
R01300,P010,Divya Patel,Ahmedabad,Gujarat,2026-02-07,6.4,59.2,7.4,,No,"Indian home-care observation | Divya Patel | Ahmedabad, Gujarat | Source: phone_checkin"
R01301,P016,Aishwarya Pillai,Kollam,Kerala,2026-01-28,7.8,81.6,8.1,1.1,No,"Indian home-care observation | Aishwarya Pillai | Kollam, Kerala | Source: phone_checkin"
R01302,P026,Keerthana S,Tiruchirappalli,Tamil Nadu,2026-02-02,6.7,81.2,6.2,1.9,No,"Indian home-care observation | Keerthana S | Tiruchirappalli, Tamil Nadu | Source: mobile_app"
R01303,P039,Imran Khan,Bhopal,Madhya Pradesh,2026-02-02,7.9,69.0,,2.3,No,"Indian home-care observation | Imran Khan | Bhopal, Madhya Pradesh | Source: tablet_kiosk"
R01304,P020,Pooja Shah,Surat,Gujarat,2026-02-03,7.0,75.8,,2.1,No,"Indian home-care observation | Pooja Shah | Surat, Gujarat | Source: tablet_kiosk"
R01305,P035,Prakash Patil,Nashik,Maharashtra,2026-02-13,6.8,63.4,6.6,2.4,No,"Indian home-care observation | Prakash Patil | Nashik, Maharashtra | Source: wearable_sync"
R01306,P015,Suresh Babu,Madurai,Tamil Nadu,2026-02-09,9.7,71.2,7.3,1.3,No,"Indian home-care observation | Suresh Babu | Madurai, Tamil Nadu | Source: phone_checkin"
R01307,P014,Sneha Joshi,Pune,Maharashtra,2026-01-30,8.3,66.3,4.3,3.5,No,"Indian home-care observation | Sneha Joshi | Pune, Maharashtra | Source: phone_checkin"
R01308,P020,Pooja Shah,Surat,Gujarat,2026-02-04,6.5,81.5,6.0,2.9,No,"Indian home-care observation | Pooja Shah | Surat, Gujarat | Source: mobile_app"
R01309,P013,Manoj Gupta,Lucknow,Uttar Pradesh,2026-02-01,8.7,85.4,7.4,3.1,No,"Indian home-care observation | Manoj Gupta | Lucknow, Uttar Pradesh | Source: tablet_kiosk"
R01310,P002,Priya Nair,Kochi,Kerala,2026-01-31,,77.0,6.0,1.0,Yes,"Indian home-care observation | Priya Nair | Kochi, Kerala | Source: wearable_sync"
R01311,P007,Karthik Reddy,Hyderabad,Telangana,2026-02-05,9.5,88.1,8.5,,No,"Indian home-care observation | Karthik Reddy | Hyderabad, Telangana | Source: wearable_sync"
R01312,P002,Priya Nair,Kochi,Kerala,2026-02-01,7.6,72.8,,3.1,No,"Indian home-care observation | Priya Nair | Kochi, Kerala | Source: wearable_sync"
R01313,P026,Keerthana S,Tiruchirappalli,Tamil Nadu,2026-02-03,7.0,86.9,5.7,2.6,Yes,"Indian home-care observation | Keerthana S | Tiruchirappalli, Tamil Nadu | Source: mobile_app"
R01314,P037,Ramesh Chandran,Puducherry,Puducherry,2026-02-12,7.1,83.6,,2.4,No,"Indian home-care observation | Ramesh Chandran | Puducherry, Puducherry | Source: MOBILE_APP"
R01315,P032,Bhavana R,Bengaluru,Karnataka,2026-02-03,8.3,90.2,8.2,1.7,No,"Indian home-care observation | Bhavana R | Bengaluru, Karnataka | Source: mobile_app"
R01316,P036,Sowmya N,Hyderabad,Telangana,2026-01-31,8.3,83.8,7.6,2.1,No,"Indian home-care observation | Sowmya N | Hyderabad, Telangana | Source: mobile_app"
R01317,P032,Bhavana R,Bengaluru,Karnataka,2026-02-04,7.4,88.6,8.0,,No,"Indian home-care observation | Bhavana R | Bengaluru, Karnataka | Source: wearable_sync"
R01318,P009,Sanjay Kumar,Jaipur,Rajasthan,2026-01-25,7.2,78.9,6.1,1.1,No,"Indian home-care observation | Sanjay Kumar | Jaipur, Rajasthan | Source: tablet_kiosk"
R01319,P001,Arjun Mehta,Chennai,Tamil Nadu,2026-02-01,7.0,69.3,,1.8,No,"Indian home-care observation | Arjun Mehta | Chennai, Tamil Nadu | Source: tablet_kiosk"
R01320,P009,Sanjay Kumar,Jaipur,Rajasthan,2026-01-26,7.1,71.9,6.8,2.3,No,"Indian home-care observation | Sanjay Kumar | Jaipur, Rajasthan | Source: WEARABLE_SYNC"
R01321,P012,Kavya Menon,Thiruvananthapuram,Kerala,2026-01-22,7.8,100.0,9.2,4.4,No,"Indian home-care observation | Kavya Menon | Thiruvananthapuram, Kerala | Source: nan"
R01322,P020,Pooja Shah,Surat,Gujarat,2026-02-05,7.3,78.5,5.5,2.4,No,"Indian home-care observation | Pooja Shah | Surat, Gujarat | Source: nan"
R01323,P028,Swathi Rao,Visakhapatnam,Andhra Pradesh,2026-02-11,7.9,83.9,,2.0,No,"Indian home-care observation | Swathi Rao | Visakhapatnam, Andhra Pradesh | Source: tablet_kiosk"
R01324,P007,Karthik Reddy,Hyderabad,Telangana,2026-02-06,7.9,93.0,6.7,3.3,No,"Indian home-care observation | Karthik Reddy | Hyderabad, Telangana | Source: mobile_app"
R01325,P017,Naveen Kumar,Mysuru,Karnataka,2026-01-29,7.2,76.1,6.2,1.9,No,"Indian home-care observation | Naveen Kumar | Mysuru, Karnataka | Source: tablet_kiosk"
R01326,P033,Ganesh Iyer,Chennai,Tamil Nadu,2026-01-31,7.3,76.6,5.6,1.3,No,"Indian home-care observation | Ganesh Iyer | Chennai, Tamil Nadu | Source: wearable_sync"
R01327,P026,Keerthana S,Tiruchirappalli,Tamil Nadu,2026-02-04,6.9,75.5,6.7,2.7,No,"Indian home-care observation | Keerthana S | Tiruchirappalli, Tamil Nadu | Source: wearable_sync"
R01328,P016,Aishwarya Pillai,Kollam,Kerala,2026-01-29,7.5,83.9,8.6,4.1,No,"Indian home-care observation | Aishwarya Pillai | Kollam, Kerala | Source: nan"
R01329,P032,Bhavana R,Bengaluru,Karnataka,2026-02-05,7.5,90.1,8.0,2.6,No,"Indian home-care observation | Bhavana R | Bengaluru, Karnataka | Source: phone_checkin"
R01330,P032,Bhavana R,Bengaluru,Karnataka,2026-02-06,8.2,97.7,9.7,2.2,No,"Indian home-care observation | Bhavana R | Bengaluru, Karnataka | Source: phone_checkin"
R01331,P002,Priya Nair,Kochi,Kerala,2026-02-02,7.6,81.6,4.9,1.1,No,"Indian home-care observation | Priya Nair | Kochi, Kerala | Source: mobile_app"
R01332,P031,Ashok Yadav,Kanpur,Uttar Pradesh,2026-02-04,5.7,49.9,5.3,0.2,No,"Indian home-care observation | Ashok Yadav | Kanpur, Uttar Pradesh | Source: mobile_app"
R01333,P026,Keerthana S,Tiruchirappalli,Tamil Nadu,2026-02-05,,79.1,6.3,2.7,No,"Indian home-care observation | Keerthana S | Tiruchirappalli, Tamil Nadu | Source: mobile_app"
R01334,P005,Vikram Singh,Mumbai,Maharashtra,2026-01-29,8.9,,6.7,1.9,No,"Indian home-care observation | Vikram Singh | Mumbai, Maharashtra | Source: wearable_sync"
R01335,P001,Arjun Mehta,Chennai,Tamil Nadu,2026-02-02,9.2,74.1,,3.3,No,"Indian home-care observation | Arjun Mehta | Chennai, Tamil Nadu | Source: wearable_sync"
R01336,P017,Naveen Kumar,Mysuru,Karnataka,2026-01-30,8.3,75.1,7.1,1.9,No,"Indian home-care observation | Naveen Kumar | Mysuru, Karnataka | Source: mobile_app"
R01337,P014,Sneha Joshi,Pune,Maharashtra,2026-01-31,8.5,71.2,4.1,2.3,No,"Indian home-care observation | Sneha Joshi | Pune, Maharashtra | Source: wearable_sync"
R01338,P005,Vikram Singh,Mumbai,Maharashtra,2026-01-30,9.5,,8.5,1.6,No,"Indian home-care observation | Vikram Singh | Mumbai, Maharashtra | Source: tablet_kiosk"
R01339,P040,Deepa Thomas,Thrissur,Kerala,2026-01-27,4.9,80.8,4.9,0.1,No,"Indian home-care observation | Deepa Thomas | Thrissur, Kerala | Source: phone_checkin"
R01340,P006,Meena Krishnan,Coimbatore,Tamil Nadu,2026-02-14,7.2,91.1,7.9,3.1,Yes,"Indian home-care observation | Meena Krishnan | Coimbatore, Tamil Nadu | Source: wearable_sync"
R01341,P013,Manoj Gupta,Lucknow,Uttar Pradesh,2026-02-02,8.2,84.2,6.5,1.6,No,"Indian home-care observation | Manoj Gupta | Lucknow, Uttar Pradesh | Source: mobile_app"
R01342,P027,Aditya Kulkarni,Nagpur,Maharashtra,2026-02-04,6.1,72.6,8.6,2.1,No,"Indian home-care observation | Aditya Kulkarni | Nagpur, Maharashtra | Source: tablet_kiosk"
R01343,P013,Manoj Gupta,Lucknow,Uttar Pradesh,2026-02-03,7.8,84.9,6.4,2.1,No,"Indian home-care observation | Manoj Gupta | Lucknow, Uttar Pradesh | Source: tablet_kiosk"
R01344,P016,Aishwarya Pillai,Kollam,Kerala,2026-01-30,7.6,,8.7,1.5,Yes,"Indian home-care observation | Aishwarya Pillai | Kollam, Kerala | Source: wearable_sync"
R01345,P010,Divya Patel,Ahmedabad,Gujarat,2026-02-08,6.1,56.9,7.1,1.7,No,"Indian home-care observation | Divya Patel | Ahmedabad, Gujarat | Source: mobile_app"
R01346,P007,Karthik Reddy,Hyderabad,Telangana,2026-02-07,9.5,92.8,7.9,1.8,No,"Indian home-care observation | Karthik Reddy | Hyderabad, Telangana | Source: wearable_sync"
R01347,P033,Ganesh Iyer,Chennai,Tamil Nadu,2026-02-01,8.0,84.2,6.6,2.6,No,"Indian home-care observation | Ganesh Iyer | Chennai, Tamil Nadu | Source: phone_checkin"
R01348,P036,Sowmya N,Hyderabad,Telangana,2026-02-01,7.6,85.7,7.8,2.9,No,"Indian home-care observation | Sowmya N | Hyderabad, Telangana | Source: mobile_app"
R01349,P019,Deepak Verma,Chandigarh,Chandigarh,2026-02-01,7.8,88.6,,2.9,No,"Indian home-care observation | Deepak Verma | Chandigarh, Chandigarh | Source: phone_checkin"
R01350,P030,Nandini Shetty,Mangaluru,Karnataka,2026-01-31,6.4,58.8,2.8,0.3,No,"Indian home-care observation | Nandini Shetty | Mangaluru, Karnataka | Source: mobile_app"
R01351,P025,Ravi Prasad,Patna,Bihar,2026-01-28,6.7,72.4,8.9,2.4,No,"Indian home-care observation | Ravi Prasad | Patna, Bihar | Source: mobile_app"
R01352,P006,Meena Krishnan,Coimbatore,Tamil Nadu,2026-02-15,6.9,94.7,6.7,2.9,No,"Indian home-care observation | Meena Krishnan | Coimbatore, Tamil Nadu | Source: tablet_kiosk"
R01353,P006,Meena Krishnan,Coimbatore,Tamil Nadu,2026-02-16,7.2,87.9,,1.5,No,"Indian home-care observation | Meena Krishnan | Coimbatore, Tamil Nadu | Source: phone_checkin"
R01354,P012,Kavya Menon,Thiruvananthapuram,Kerala,2026-01-23,6.8,,8.5,2.6,No,"Indian home-care observation | Kavya Menon | Thiruvananthapuram, Kerala | Source: tablet_kiosk"
R01355,P039,Imran Khan,Bhopal,Madhya Pradesh,2026-02-03,7.4,73.9,7.8,2.3,No,"Indian home-care observation | Imran Khan | Bhopal, Madhya Pradesh | Source: wearable_sync"
R01356,P004,Ananya Iyer,Bengaluru,Karnataka,2026-02-12,7.3,76.5,6.9,2.5,No,"Indian home-care observation | Ananya Iyer | Bengaluru, Karnataka | Source: wearable_sync"
R01357,P012,Kavya Menon,Thiruvananthapuram,Kerala,2026-01-24,7.5,88.8,8.4,3.2,No,"Indian home-care observation | Kavya Menon | Thiruvananthapuram, Kerala | Source: wearable_sync"
R01358,P022,Shreya Das,Bhubaneswar,Odisha,2026-01-30,,71.2,4.5,1.9,No,"Indian home-care observation | Shreya Das | Bhubaneswar, Odisha | Source: mobile_app"
R01359,P010,Divya Patel,Ahmedabad,Gujarat,2026-02-09,6.4,66.4,7.0,2.6,No,"Indian home-care observation | Divya Patel | Ahmedabad, Gujarat | Source: tablet_kiosk"
R01360,P015,Suresh Babu,Madurai,Tamil Nadu,2026-02-10,10.0,70.7,6.5,3.9,No,"Indian home-care observation | Suresh Babu | Madurai, Tamil Nadu | Source: phone_checkin"
R01361,P020,Pooja Shah,Surat,Gujarat,2026-02-06,6.2,76.2,5.4,1.3,No,"Indian home-care observation | Pooja Shah | Surat, Gujarat | Source: phone_checkin"
R01362,P028,Swathi Rao,Visakhapatnam,Andhra Pradesh,2026-02-12,7.8,89.0,6.5,0.8,No,"Indian home-care observation | Swathi Rao | Visakhapatnam, Andhra Pradesh | Source: PHONE_CHECKIN"
R01363,P028,Swathi Rao,Visakhapatnam,Andhra Pradesh,2026-02-13,7.1,83.0,6.8,2.7,No,"Indian home-care observation | Swathi Rao | Visakhapatnam, Andhra Pradesh | Source: mobile_app"
R01364,P009,Sanjay Kumar,Jaipur,Rajasthan,2026-01-27,7.6,73.1,,2.4,No,"Indian home-care observation | Sanjay Kumar | Jaipur, Rajasthan | Source: wearable_sync"
R01365,P019,Deepak Verma,Chandigarh,Chandigarh,2026-02-02,,80.2,6.4,1.5,No,"Indian home-care observation | Deepak Verma | Chandigarh, Chandigarh | Source: wearable_sync"
R01366,P018,Harini Reddy,Warangal,Telangana,2026-01-31,7.9,76.4,,2.9,No,"Indian home-care observation | Harini Reddy | Warangal, Telangana | Source: nan"
R01367,P004,Ananya Iyer,Bengaluru,Karnataka,2026-02-13,6.7,66.4,5.2,0.7,No,"Indian home-care observation | Ananya Iyer | Bengaluru, Karnataka | Source: phone_checkin"
R01368,P014,Sneha Joshi,Pune,Maharashtra,2026-02-01,8.6,75.2,5.5,3.4,No,"Indian home-care observation | Sneha Joshi | Pune, Maharashtra | Source: phone_checkin"
R01369,P031,Ashok Yadav,Kanpur,Uttar Pradesh,2026-02-05,6.2,52.4,6.2,0.8,No,"Indian home-care observation | Ashok Yadav | Kanpur, Uttar Pradesh | Source: wearable_sync"
R01370,P021,Ajay Menon,Kozhikode,Kerala,2026-01-31,4.8,85.9,6.4,1.1,No,"Indian home-care observation | Ajay Menon | Kozhikode, Kerala | Source: mobile_app"
R01371,P027,Aditya Kulkarni,Nagpur,Maharashtra,2026-02-05,6.8,83.9,9.0,2.1,No,"Indian home-care observation | Aditya Kulkarni | Nagpur, Maharashtra | Source: wearable_sync"
R01372,P007,Karthik Reddy,Hyderabad,Telangana,2026-02-08,,81.7,7.5,3.0,No,"Indian home-care observation | Karthik Reddy | Hyderabad, Telangana | Source: tablet_kiosk"
R01373,P035,Prakash Patil,Nashik,Maharashtra,2026-02-14,7.0,72.9,6.8,2.4,No,"Indian home-care observation | Prakash Patil | Nashik, Maharashtra | Source: wearable_sync"
R01374,P021,Ajay Menon,Kozhikode,Kerala,2026-02-01,6.1,73.1,8.1,2.4,No,"Indian home-care observation | Ajay Menon | Kozhikode, Kerala | Source: wearable_sync"
R01375,P008,Lakshmi Rao,Vijayawada,Andhra Pradesh,2026-01-27,,71.5,5.7,3.4,No,"Indian home-care observation | Lakshmi Rao | Vijayawada, Andhra Pradesh | Source: tablet_kiosk"
R01376,P007,Karthik Reddy,Hyderabad,Telangana,2026-02-09,7.7,86.7,6.2,3.3,No,"Indian home-care observation | Karthik Reddy | Hyderabad, Telangana | Source: mobile_app"
R01377,P036,Sowmya N,Hyderabad,Telangana,2026-02-02,8.5,84.8,8.0,2.1,No,"Indian home-care observation | Sowmya N | Hyderabad, Telangana | Source: tablet_kiosk"
R01378,P037,Ramesh Chandran,Puducherry,Puducherry,2026-02-13,6.2,88.1,7.1,1.5,No,"Indian home-care observation | Ramesh Chandran | Puducherry, Puducherry | Source: phone_checkin"
R01379,P002,Priya Nair,Kochi,Kerala,2026-02-03,7.5,76.6,5.9,1.7,No,"Indian home-care observation | Priya Nair | Kochi, Kerala | Source: wearable_sync"
R01380,P037,Ramesh Chandran,Puducherry,Puducherry,2026-02-14,7.1,83.2,7.6,0.0,No,"Indian home-care observation | Ramesh Chandran | Puducherry, Puducherry | Source: phone_checkin"
R01381,P023,Mohan Raj,Salem,Tamil Nadu,2026-02-09,7.0,93.2,5.9,2.6,No,"Indian home-care observation | Mohan Raj | Salem, Tamil Nadu | Source: phone_checkin"
R01382,P026,Keerthana S,Tiruchirappalli,Tamil Nadu,2026-02-06,7.1,,6.2,1.4,No,"Indian home-care observation | Keerthana S | Tiruchirappalli, Tamil Nadu | Source: mobile_app"
R01383,P033,Ganesh Iyer,Chennai,Tamil Nadu,2026-02-02,8.2,78.8,6.8,2.0,Yes,"Indian home-care observation | Ganesh Iyer | Chennai, Tamil Nadu | Source: tablet_kiosk"
R01384,P015,Suresh Babu,Madurai,Tamil Nadu,2026-02-11,9.8,70.8,7.3,1.6,No,"Indian home-care observation | Suresh Babu | Madurai, Tamil Nadu | Source: phone_checkin"
R01385,P027,Aditya Kulkarni,Nagpur,Maharashtra,2026-02-06,7.1,87.0,9.0,,No,"Indian home-care observation | Aditya Kulkarni | Nagpur, Maharashtra | Source: tablet_kiosk"
R01386,P038,Janani Murugan,Erode,Tamil Nadu,2026-01-30,6.5,77.7,6.7,1.1,No,"Indian home-care observation | Janani Murugan | Erode, Tamil Nadu | Source: mobile_app"
R01387,P001,Arjun Mehta,Chennai,Tamil Nadu,2026-02-03,8.9,74.3,6.6,,No,"Indian home-care observation | Arjun Mehta | Chennai, Tamil Nadu | Source: tablet_kiosk"
R01388,P007,Karthik Reddy,Hyderabad,Telangana,2026-02-10,,72.5,6.7,3.5,No,"Indian home-care observation | Karthik Reddy | Hyderabad, Telangana | Source: mobile_app"
R01389,P029,Gopal Krishnan,Madurai,Tamil Nadu,2026-02-07,6.6,79.0,7.0,1.8,No,"Indian home-care observation | Gopal Krishnan | Madurai, Tamil Nadu | Source: tablet_kiosk"
R01390,P029,Gopal Krishnan,Madurai,Tamil Nadu,2026-02-08,7.2,88.2,7.2,1.8,No,"Indian home-care observation | Gopal Krishnan | Madurai, Tamil Nadu | Source: wearable_sync"
R01391,P012,Kavya Menon,Thiruvananthapuram,Kerala,2026-01-25,8.0,99.8,9.5,1.9,No,"Indian home-care observation | Kavya Menon | Thiruvananthapuram, Kerala | Source: nan"
R01392,P037,Ramesh Chandran,Puducherry,Puducherry,2026-02-15,7.2,86.5,7.8,2.0,No,"Indian home-care observation | Ramesh Chandran | Puducherry, Puducherry | Source: mobile_app"
R01393,P030,Nandini Shetty,Mangaluru,Karnataka,2026-02-01,8.0,78.7,,1.6,No,"Indian home-care observation | Nandini Shetty | Mangaluru, Karnataka | Source: wearable_sync"
R01394,P031,Ashok Yadav,Kanpur,Uttar Pradesh,2026-02-06,7.8,57.0,7.1,0.7,No,"Indian home-care observation | Ashok Yadav | Kanpur, Uttar Pradesh | Source: wearable_sync"
R01395,P035,Prakash Patil,Nashik,Maharashtra,2026-02-15,5.2,65.6,6.2,1.2,No,"Indian home-care observation | Prakash Patil | Nashik, Maharashtra | Source: phone_checkin"
R01396,P006,Meena Krishnan,Coimbatore,Tamil Nadu,2026-02-17,5.9,84.8,7.1,4.4,No,"Indian home-care observation | Meena Krishnan | Coimbatore, Tamil Nadu | Source: mobile_app"
R01397,P004,Ananya Iyer,Bengaluru,Karnataka,2026-02-14,6.3,71.1,5.7,0.1,No,"Indian home-care observation | Ananya Iyer | Bengaluru, Karnataka | Source: tablet_kiosk"
R01398,P007,Karthik Reddy,Hyderabad,Telangana,2026-02-11,8.8,,6.8,1.9,No,"Indian home-care observation | Karthik Reddy | Hyderabad, Telangana | Source: mobile_app"
R01399,P007,Karthik Reddy,Hyderabad,Telangana,2026-02-12,9.1,70.3,,3.6,No,"Indian home-care observation | Karthik Reddy | Hyderabad, Telangana | Source: mobile_app"
R01400,P030,Nandini Shetty,Mangaluru,Karnataka,2026-02-02,5.5,61.1,3.2,1.5,No,"Indian home-care observation | Nandini Shetty | Mangaluru, Karnataka | Source: wearable_sync"
R01401,P039,Imran Khan,Bhopal,Madhya Pradesh,2026-02-04,7.5,74.6,,2.1,No,"Indian home-care observation | Imran Khan | Bhopal, Madhya Pradesh | Source: tablet_kiosk"
R01402,P016,Aishwarya Pillai,Kollam,Kerala,2026-01-31,8.1,89.4,8.9,3.2,No,"Indian home-care observation | Aishwarya Pillai | Kollam, Kerala | Source: tablet_kiosk"
R01403,P003,Rahul Sharma,Delhi,Delhi,2026-01-23,7.0,86.2,7.1,1.9,No,"Indian home-care observation | Rahul Sharma | Delhi, Delhi | Source: mobile_app"
R01404,P032,Bhavana R,Bengaluru,Karnataka,2026-02-07,7.0,82.3,8.6,,No,"Indian home-care observation | Bhavana R | Bengaluru, Karnataka | Source: phone_checkin"
R01405,P020,Pooja Shah,Surat,Gujarat,2026-02-07,6.6,75.3,5.5,2.5,No,"Indian home-care observation | Pooja Shah | Surat, Gujarat | Source: tablet_kiosk"
R01406,P020,Pooja Shah,Surat,Gujarat,2026-02-08,6.5,82.8,6.2,1.6,No,"Indian home-care observation | Pooja Shah | Surat, Gujarat | Source: phone_checkin"
R01407,P035,Prakash Patil,Nashik,Maharashtra,2026-02-16,6.4,76.2,7.0,3.2,No,"Indian home-care observation | Prakash Patil | Nashik, Maharashtra | Source: phone_checkin"
R01408,P011,Rohan Das,Kolkata,West Bengal,2026-02-07,6.7,74.2,6.6,2.0,No,"Indian home-care observation | Rohan Das | Kolkata, West Bengal | Source: mobile_app"
R01409,P001,Arjun Mehta,Chennai,Tamil Nadu,2026-02-04,8.7,67.7,6.9,2.5,No,"Indian home-care observation | Arjun Mehta | Chennai, Tamil Nadu | Source: mobile_app"
R01410,P020,Pooja Shah,Surat,Gujarat,2026-02-09,5.7,70.1,4.2,1.3,No,"Indian home-care observation | Pooja Shah | Surat, Gujarat | Source: tablet_kiosk"
R01411,P035,Prakash Patil,Nashik,Maharashtra,2026-02-17,7.1,69.6,7.8,1.3,No,"Indian home-care observation | Prakash Patil | Nashik, Maharashtra | Source: mobile_app"
R01412,P003,Rahul Sharma,Delhi,Delhi,2026-01-24,7.6,73.3,5.7,4.1,No,"Indian home-care observation | Rahul Sharma | Delhi, Delhi | Source: wearable_sync"
R01413,P006,Meena Krishnan,Coimbatore,Tamil Nadu,2026-02-18,5.7,86.3,5.2,2.7,No,"Indian home-care observation | Meena Krishnan | Coimbatore, Tamil Nadu | Source: tablet_kiosk"
R01414,P033,Ganesh Iyer,Chennai,Tamil Nadu,2026-02-03,7.5,75.1,5.9,2.6,No,"Indian home-care observation | Ganesh Iyer | Chennai, Tamil Nadu | Source: wearable_sync"
R01415,P029,Gopal Krishnan,Madurai,Tamil Nadu,2026-02-09,7.8,83.1,5.8,2.6,No,"Indian home-care observation | Gopal Krishnan | Madurai, Tamil Nadu | Source: tablet_kiosk"
R01416,P005,Vikram Singh,Mumbai,Maharashtra,2026-01-31,8.5,88.2,7.1,3.7,No,"Indian home-care observation | Vikram Singh | Mumbai, Maharashtra | Source: tablet_kiosk"
R01417,P012,Kavya Menon,Thiruvananthapuram,Kerala,2026-01-26,6.7,91.9,,2.0,No,"Indian home-care observation | Kavya Menon | Thiruvananthapuram, Kerala | Source: mobile_app"
R01418,P024,Neha Kapoor,New Delhi,Delhi,2026-02-13,6.6,100.0,7.0,3.4,Yes,"Indian home-care observation | Neha Kapoor | New Delhi, Delhi | Source: phone_checkin"
R01419,P009,Sanjay Kumar,Jaipur,Rajasthan,2026-01-28,7.5,76.1,6.8,4.5,No,"Indian home-care observation | Sanjay Kumar | Jaipur, Rajasthan | Source: tablet_kiosk"
R01420,P035,Prakash Patil,Nashik,Maharashtra,2026-02-18,7.8,73.5,8.3,4.1,No,"Indian home-care observation | Prakash Patil | Nashik, Maharashtra | Source: phone_checkin"
R01421,P015,Suresh Babu,Madurai,Tamil Nadu,2026-02-12,9.2,68.7,6.8,2.6,No,"Indian home-care observation | Suresh Babu | Madurai, Tamil Nadu | Source: wearable_sync"
R01422,P019,Deepak Verma,Chandigarh,Chandigarh,2026-02-03,8.0,78.1,9.9,2.7,No,"Indian home-care observation | Deepak Verma | Chandigarh, Chandigarh | Source: tablet_kiosk"
R01423,P036,Sowmya N,Hyderabad,Telangana,2026-02-03,8.9,,7.8,2.3,No,"Indian home-care observation | Sowmya N | Hyderabad, Telangana | Source: phone_checkin"
R01424,P023,Mohan Raj,Salem,Tamil Nadu,2026-02-10,6.6,93.9,6.9,2.4,No,"Indian home-care observation | Mohan Raj | Salem, Tamil Nadu | Source: wearable_sync"
R01425,P009,Sanjay Kumar,Jaipur,Rajasthan,2026-01-29,7.1,73.6,6.9,3.7,No,"Indian home-care observation | Sanjay Kumar | Jaipur, Rajasthan | Source: phone_checkin"
R01426,P033,Ganesh Iyer,Chennai,Tamil Nadu,2026-02-04,8.1,90.1,7.0,2.3,No,"Indian home-care observation | Ganesh Iyer | Chennai, Tamil Nadu | Source: phone_checkin"
R01427,P004,Ananya Iyer,Bengaluru,Karnataka,2026-02-15,6.1,64.7,,0.4,No,"Indian home-care observation | Ananya Iyer | Bengaluru, Karnataka | Source: mobile_app"
R01428,P028,Swathi Rao,Visakhapatnam,Andhra Pradesh,2026-02-14,6.8,78.7,6.8,,No,"Indian home-care observation | Swathi Rao | Visakhapatnam, Andhra Pradesh | Source: mobile_app"
R01429,P033,Ganesh Iyer,Chennai,Tamil Nadu,2026-02-05,8.0,82.5,7.0,1.9,No,"Indian home-care observation | Ganesh Iyer | Chennai, Tamil Nadu | Source: nan"
R01430,P022,Shreya Das,Bhubaneswar,Odisha,2026-01-31,8.6,73.6,3.0,1.9,No,"Indian home-care observation | Shreya Das | Bhubaneswar, Odisha | Source: tablet_kiosk"
R01431,P039,Imran Khan,Bhopal,Madhya Pradesh,2026-02-05,7.8,71.8,7.3,1.8,No,"Indian home-care observation | Imran Khan | Bhopal, Madhya Pradesh | Source: mobile_app"
R01432,P007,Karthik Reddy,Hyderabad,Telangana,2026-02-13,8.2,78.2,,1.8,No,"Indian home-care observation | Karthik Reddy | Hyderabad, Telangana | Source: TABLET_KIOSK"
R01433,P019,Deepak Verma,Chandigarh,Chandigarh,2026-02-04,7.6,87.6,7.0,3.2,No,"Indian home-care observation | Deepak Verma | Chandigarh, Chandigarh | Source: wearable_sync"
R01434,P033,Ganesh Iyer,Chennai,Tamil Nadu,2026-02-06,8.0,,6.4,2.7,No,"Indian home-care observation | Ganesh Iyer | Chennai, Tamil Nadu | Source: tablet_kiosk"
R01435,P012,Kavya Menon,Thiruvananthapuram,Kerala,2026-01-27,8.2,87.7,9.7,3.6,No,"Indian home-care observation | Kavya Menon | Thiruvananthapuram, Kerala | Source: tablet_kiosk"
R01436,P023,Mohan Raj,Salem,Tamil Nadu,2026-02-11,7.4,100.0,6.1,3.2,No,"Indian home-care observation | Mohan Raj | Salem, Tamil Nadu | Source: wearable_sync"
R01437,P004,Ananya Iyer,Bengaluru,Karnataka,2026-02-16,8.3,84.5,6.7,2.3,No,"Indian home-care observation | Ananya Iyer | Bengaluru, Karnataka | Source: wearable_sync"
R01438,P028,Swathi Rao,Visakhapatnam,Andhra Pradesh,2026-02-15,7.3,83.5,6.7,2.0,No,"Indian home-care observation | Swathi Rao | Visakhapatnam, Andhra Pradesh | Source: mobile_app"
R01439,P008,Lakshmi Rao,Vijayawada,Andhra Pradesh,2026-01-28,6.4,71.1,6.4,1.3,No,"Indian home-care observation | Lakshmi Rao | Vijayawada, Andhra Pradesh | Source: phone_checkin"
R01440,P024,Neha Kapoor,New Delhi,Delhi,2026-02-14,7.8,82.3,,2.6,No,"Indian home-care observation | Neha Kapoor | New Delhi, Delhi | Source: phone_checkin"
R01441,P008,Lakshmi Rao,Vijayawada,Andhra Pradesh,2026-01-29,6.1,70.5,,0.9,No,"Indian home-care observation | Lakshmi Rao | Vijayawada, Andhra Pradesh | Source: wearable_sync"
R01442,P030,Nandini Shetty,Mangaluru,Karnataka,2026-02-03,8.9,72.2,4.2,0.0,No,"Indian home-care observation | Nandini Shetty | Mangaluru, Karnataka | Source: wearable_sync"
R01443,P015,Suresh Babu,Madurai,Tamil Nadu,2026-02-13,10.0,76.0,,2.4,No,"Indian home-care observation | Suresh Babu | Madurai, Tamil Nadu | Source: phone_checkin"
R01444,P012,Kavya Menon,Thiruvananthapuram,Kerala,2026-01-28,6.4,78.9,7.4,2.0,No,"Indian home-care observation | Kavya Menon | Thiruvananthapuram, Kerala | Source: tablet_kiosk"
R01445,P005,Vikram Singh,Mumbai,Maharashtra,2026-02-01,9.0,83.4,8.4,3.7,No,"Indian home-care observation | Vikram Singh | Mumbai, Maharashtra | Source: mobile_app"
R01446,P013,Manoj Gupta,Lucknow,Uttar Pradesh,2026-02-04,8.0,82.3,6.8,2.6,No,"Indian home-care observation | Manoj Gupta | Lucknow, Uttar Pradesh | Source: phone_checkin"
R01447,P038,Janani Murugan,Erode,Tamil Nadu,2026-01-31,7.1,,,2.4,No,"Indian home-care observation | Janani Murugan | Erode, Tamil Nadu | Source: wearable_sync"
R01448,P014,Sneha Joshi,Pune,Maharashtra,2026-02-02,,79.1,6.1,3.7,No,"Indian home-care observation | Sneha Joshi | Pune, Maharashtra | Source: tablet_kiosk"
R01449,P040,Deepa Thomas,Thrissur,Kerala,2026-01-28,6.1,93.7,6.2,3.0,No,"Indian home-care observation | Deepa Thomas | Thrissur, Kerala | Source: mobile_app"
R01450,P016,Aishwarya Pillai,Kollam,Kerala,2026-02-01,7.5,84.8,9.1,1.8,Yes,"Indian home-care observation | Aishwarya Pillai | Kollam, Kerala | Source: mobile_app"
R01451,P002,Priya Nair,Kochi,Kerala,2026-02-04,8.8,78.0,5.8,,No,"Indian home-care observation | Priya Nair | Kochi, Kerala | Source: mobile_app"
R01452,P031,Ashok Yadav,Kanpur,Uttar Pradesh,2026-02-07,7.2,51.8,5.9,0.6,No,"Indian home-care observation | Ashok Yadav | Kanpur, Uttar Pradesh | Source: phone_checkin"
R01453,P025,Ravi Prasad,Patna,Bihar,2026-01-29,7.1,73.2,7.7,3.1,Yes,"Indian home-care observation | Ravi Prasad | Patna, Bihar | Source: mobile_app"
R01454,P030,Nandini Shetty,Mangaluru,Karnataka,2026-02-04,6.8,72.4,,0.6,No,"Indian home-care observation | Nandini Shetty | Mangaluru, Karnataka | Source: wearable_sync"
R01455,P036,Sowmya N,Hyderabad,Telangana,2026-02-04,7.5,83.6,7.5,2.3,No,"Indian home-care observation | Sowmya N | Hyderabad, Telangana | Source: wearable_sync"
R01456,P018,Harini Reddy,Warangal,Telangana,2026-02-01,7.2,78.2,7.4,2.6,No,"Indian home-care observation | Harini Reddy | Warangal, Telangana | Source: mobile_app"
R01457,P005,Vikram Singh,Mumbai,Maharashtra,2026-02-02,8.4,79.2,8.2,2.4,No,"Indian home-care observation | Vikram Singh | Mumbai, Maharashtra | Source: wearable_sync"
R01458,P035,Prakash Patil,Nashik,Maharashtra,2026-02-19,6.5,71.3,7.4,,No,"Indian home-care observation | Prakash Patil | Nashik, Maharashtra | Source: mobile_app"
R01459,P008,Lakshmi Rao,Vijayawada,Andhra Pradesh,2026-01-30,6.9,80.0,7.2,3.9,No,"Indian home-care observation | Lakshmi Rao | Vijayawada, Andhra Pradesh | Source: phone_checkin"
R01460,P027,Aditya Kulkarni,Nagpur,Maharashtra,2026-02-07,6.0,81.4,9.7,1.2,No,"Indian home-care observation | Aditya Kulkarni | Nagpur, Maharashtra | Source: tablet_kiosk"
R01461,P005,Vikram Singh,Mumbai,Maharashtra,2026-02-03,8.9,81.4,7.5,1.7,No,"Indian home-care observation | Vikram Singh | Mumbai, Maharashtra | Source: mobile_app"
R01462,P036,Sowmya N,Hyderabad,Telangana,2026-02-05,7.7,78.2,7.5,2.5,No,"Indian home-care observation | Sowmya N | Hyderabad, Telangana | Source: tablet_kiosk"
R01463,P002,Priya Nair,Kochi,Kerala,2026-02-05,9.0,,6.3,1.2,No,"Indian home-care observation | Priya Nair | Kochi, Kerala | Source: mobile_app"
R01464,P009,Sanjay Kumar,Jaipur,Rajasthan,2026-01-30,7.5,82.0,6.5,1.3,No,"Indian home-care observation | Sanjay Kumar | Jaipur, Rajasthan | Source: tablet_kiosk"
R01465,P012,Kavya Menon,Thiruvananthapuram,Kerala,2026-01-29,,81.6,7.8,2.5,No,"Indian home-care observation | Kavya Menon | Thiruvananthapuram, Kerala | Source: mobile_app"
R01466,P022,Shreya Das,Bhubaneswar,Odisha,2026-02-01,8.0,73.3,4.5,3.3,No,"Indian home-care observation | Shreya Das | Bhubaneswar, Odisha | Source: phone_checkin"
R01467,P020,Pooja Shah,Surat,Gujarat,2026-02-10,7.0,70.7,,3.1,No,"Indian home-care observation | Pooja Shah | Surat, Gujarat | Source: phone_checkin"
R01468,P036,Sowmya N,Hyderabad,Telangana,2026-02-06,7.5,82.9,8.1,2.1,No,"Indian home-care observation | Sowmya N | Hyderabad, Telangana | Source: mobile_app"
R01469,P010,Divya Patel,Ahmedabad,Gujarat,2026-02-10,5.9,69.4,7.5,3.9,No,"Indian home-care observation | Divya Patel | Ahmedabad, Gujarat | Source: wearable_sync"
R01470,P018,Harini Reddy,Warangal,Telangana,2026-02-02,7.3,81.4,7.6,2.2,No,"Indian home-care observation | Harini Reddy | Warangal, Telangana | Source: wearable_sync"
R01471,P011,Rohan Das,Kolkata,West Bengal,2026-02-08,6.3,82.2,6.0,1.0,No,"Indian home-care observation | Rohan Das | Kolkata, West Bengal | Source: tablet_kiosk"
R01472,P002,Priya Nair,Kochi,Kerala,2026-02-06,7.0,75.6,4.5,0.5,No,"Indian home-care observation | Priya Nair | Kochi, Kerala | Source: mobile_app"
R01473,P019,Deepak Verma,Chandigarh,Chandigarh,2026-02-05,9.6,77.5,6.6,5.0,No,"Indian home-care observation | Deepak Verma | Chandigarh, Chandigarh | Source: phone_checkin"
R01474,P034,Madhuri Naik,Panaji,Goa,2026-02-03,,92.6,5.8,2.9,No,"Indian home-care observation | Madhuri Naik | Panaji, Goa | Source: phone_checkin"
R01475,P032,Bhavana R,Bengaluru,Karnataka,2026-02-08,7.8,98.9,9.6,2.9,No,"Indian home-care observation | Bhavana R | Bengaluru, Karnataka | Source: mobile_app"
R01476,P025,Ravi Prasad,Patna,Bihar,2026-01-30,7.4,82.3,,1.9,No,"Indian home-care observation | Ravi Prasad | Patna, Bihar | Source: phone_checkin"
R01477,P026,Keerthana S,Tiruchirappalli,Tamil Nadu,2026-02-07,7.0,78.9,6.1,,No,"Indian home-care observation | Keerthana S | Tiruchirappalli, Tamil Nadu | Source: tablet_kiosk"
R01478,P012,Kavya Menon,Thiruvananthapuram,Kerala,2026-01-30,,92.0,9.4,3.5,No,"Indian home-care observation | Kavya Menon | Thiruvananthapuram, Kerala | Source: tablet_kiosk"
R01479,P022,Shreya Das,Bhubaneswar,Odisha,2026-02-02,8.4,77.7,3.3,2.0,No,"Indian home-care observation | Shreya Das | Bhubaneswar, Odisha | Source: tablet_kiosk"
R01480,P006,Meena Krishnan,Coimbatore,Tamil Nadu,2026-02-19,6.6,89.7,7.0,4.6,No,"Indian home-care observation | Meena Krishnan | Coimbatore, Tamil Nadu | Source: tablet_kiosk"
R01481,P016,Aishwarya Pillai,Kollam,Kerala,2026-02-02,7.4,89.9,8.8,2.8,No,"Indian home-care observation | Aishwarya Pillai | Kollam, Kerala | Source: tablet_kiosk"
R01482,P008,Lakshmi Rao,Vijayawada,Andhra Pradesh,2026-01-31,7.8,74.6,6.3,3.6,No,"Indian home-care observation | Lakshmi Rao | Vijayawada, Andhra Pradesh | Source: phone_checkin"
R01483,P011,Rohan Das,Kolkata,West Bengal,2026-02-09,6.6,,6.7,1.1,No,"Indian home-care observation | Rohan Das | Kolkata, West Bengal | Source: tablet_kiosk"
R01484,P029,Gopal Krishnan,Madurai,Tamil Nadu,2026-02-10,7.4,,6.5,3.3,No,"Indian home-care observation | Gopal Krishnan | Madurai, Tamil Nadu | Source: phone_checkin"
R01485,P023,Mohan Raj,Salem,Tamil Nadu,2026-02-12,6.9,,7.1,3.4,No,"Indian home-care observation | Mohan Raj | Salem, Tamil Nadu | Source: wearable_sync"
R01486,P006,Meena Krishnan,Coimbatore,Tamil Nadu,2026-02-20,,,6.1,2.4,No,"Indian home-care observation | Meena Krishnan | Coimbatore, Tamil Nadu | Source: tablet_kiosk"
R01487,P032,Bhavana R,Bengaluru,Karnataka,2026-02-09,7.4,93.1,9.2,3.3,No,"Indian home-care observation | Bhavana R | Bengaluru, Karnataka | Source: wearable_sync"
R01488,P012,Kavya Menon,Thiruvananthapuram,Kerala,2026-01-31,,88.4,7.9,2.8,No,"Indian home-care observation | Kavya Menon | Thiruvananthapuram, Kerala | Source: phone_checkin"
R01489,P036,Sowmya N,Hyderabad,Telangana,2026-02-07,8.4,89.4,,1.8,No,"Indian home-care observation | Sowmya N | Hyderabad, Telangana | Source: wearable_sync"
R01490,P011,Rohan Das,Kolkata,West Bengal,2026-02-10,6.3,73.2,6.0,,Yes,"Indian home-care observation | Rohan Das | Kolkata, West Bengal | Source: phone_checkin"
R01491,P027,Aditya Kulkarni,Nagpur,Maharashtra,2026-02-08,6.8,,9.4,1.3,No,"Indian home-care observation | Aditya Kulkarni | Nagpur, Maharashtra | Source: mobile_app"
R01492,P013,Manoj Gupta,Lucknow,Uttar Pradesh,2026-02-05,8.1,89.0,6.5,2.7,No,"Indian home-care observation | Manoj Gupta | Lucknow, Uttar Pradesh | Source: tablet_kiosk"
R01493,P013,Manoj Gupta,Lucknow,Uttar Pradesh,2026-02-06,8.8,90.9,6.7,3.9,No,"Indian home-care observation | Manoj Gupta | Lucknow, Uttar Pradesh | Source: phone_checkin"
R01494,P009,Sanjay Kumar,Jaipur,Rajasthan,2026-01-31,,75.8,6.0,1.6,No,"Indian home-care observation | Sanjay Kumar | Jaipur, Rajasthan | Source: wearable_sync"
R01495,P036,Sowmya N,Hyderabad,Telangana,2026-02-08,8.3,82.9,,1.8,No,"Indian home-care observation | Sowmya N | Hyderabad, Telangana | Source: tablet_kiosk"
R01496,P011,Rohan Das,Kolkata,West Bengal,2026-02-11,6.4,72.0,,2.6,No,"Indian home-care observation | Rohan Das | Kolkata, West Bengal | Source: tablet_kiosk"
R01497,P016,Aishwarya Pillai,Kollam,Kerala,2026-02-03,7.0,92.1,10.0,3.6,No,"Indian home-care observation | Aishwarya Pillai | Kollam, Kerala | Source: phone_checkin"
R01498,P007,Karthik Reddy,Hyderabad,Telangana,2026-02-14,7.5,72.5,5.1,3.3,No,"Indian home-care observation | Karthik Reddy | Hyderabad, Telangana | Source: tablet_kiosk"
R01499,P018,Harini Reddy,Warangal,Telangana,2026-02-03,7.9,,6.5,2.2,No,"Indian home-care observation | Harini Reddy | Warangal, Telangana | Source: wearable_sync"
R01500,P028,Swathi Rao,Visakhapatnam,Andhra Pradesh,2026-02-16,7.7,83.0,6.6,1.9,No,"Indian home-care observation | Swathi Rao | Visakhapatnam, Andhra Pradesh | Source: tablet_kiosk"
R01501,P002,Priya Nair,Kochi,Kerala,2026-02-07,7.7,78.7,5.9,1.2,No,"Indian home-care observation | Priya Nair | Kochi, Kerala | Source: nan"
R01502,P002,Priya Nair,Kochi,Kerala,2026-02-08,8.0,75.7,,4.6,No,"Indian home-care observation | Priya Nair | Kochi, Kerala | Source: mobile_app"
R01503,P010,Divya Patel,Ahmedabad,Gujarat,2026-02-11,5.5,57.1,7.0,1.6,No,"Indian home-care observation | Divya Patel | Ahmedabad, Gujarat | Source: mobile_app"
R01504,P007,Karthik Reddy,Hyderabad,Telangana,2026-02-15,8.9,75.1,6.2,3.1,No,"Indian home-care observation | Karthik Reddy | Hyderabad, Telangana | Source: mobile_app"
R01505,P026,Keerthana S,Tiruchirappalli,Tamil Nadu,2026-02-08,7.7,86.6,5.7,2.6,No,"Indian home-care observation | Keerthana S | Tiruchirappalli, Tamil Nadu | Source: tablet_kiosk"
R01506,P005,Vikram Singh,Mumbai,Maharashtra,2026-02-04,9.4,82.2,8.0,3.7,No,"Indian home-care observation | Vikram Singh | Mumbai, Maharashtra | Source: mobile_app"
R01507,P031,Ashok Yadav,Kanpur,Uttar Pradesh,2026-02-08,8.5,68.0,7.2,2.7,No,"Indian home-care observation | Ashok Yadav | Kanpur, Uttar Pradesh | Source: tablet_kiosk"
R01508,P002,Priya Nair,Kochi,Kerala,2026-02-09,8.1,74.4,5.6,2.2,No,"Indian home-care observation | Priya Nair | Kochi, Kerala | Source: tablet_kiosk"
R01509,P004,Ananya Iyer,Bengaluru,Karnataka,2026-02-17,6.2,63.1,5.9,0.1,No,"Indian home-care observation | Ananya Iyer | Bengaluru, Karnataka | Source: mobile_app"
R01510,P006,Meena Krishnan,Coimbatore,Tamil Nadu,2026-02-21,7.5,84.4,6.4,1.8,No,"Indian home-care observation | Meena Krishnan | Coimbatore, Tamil Nadu | Source: tablet_kiosk"
R01511,P015,Suresh Babu,Madurai,Tamil Nadu,2026-02-14,9.6,74.5,7.2,1.6,No,"Indian home-care observation | Suresh Babu | Madurai, Tamil Nadu | Source: mobile_app"
R01512,P032,Bhavana R,Bengaluru,Karnataka,2026-02-10,7.6,86.4,8.6,2.3,No,"Indian home-care observation | Bhavana R | Bengaluru, Karnataka | Source: mobile_app"
R01513,P019,Deepak Verma,Chandigarh,Chandigarh,2026-02-06,7.6,81.6,7.5,2.2,No,"Indian home-care observation | Deepak Verma | Chandigarh, Chandigarh | Source: tablet_kiosk"
R01514,P004,Ananya Iyer,Bengaluru,Karnataka,2026-02-18,6.6,73.2,,0.0,No,"Indian home-care observation | Ananya Iyer | Bengaluru, Karnataka | Source: wearable_sync"
R01515,P028,Swathi Rao,Visakhapatnam,Andhra Pradesh,2026-02-17,6.2,82.7,7.9,3.1,No,"Indian home-care observation | Swathi Rao | Visakhapatnam, Andhra Pradesh | Source: wearable_sync"
R01516,P026,Keerthana S,Tiruchirappalli,Tamil Nadu,2026-02-09,7.3,93.0,6.1,3.4,No,"Indian home-care observation | Keerthana S | Tiruchirappalli, Tamil Nadu | Source: phone_checkin"
R01517,P004,Ananya Iyer,Bengaluru,Karnataka,2026-02-19,7.1,73.8,5.8,0.6,No,"Indian home-care observation | Ananya Iyer | Bengaluru, Karnataka | Source: phone_checkin"
R01518,P014,Sneha Joshi,Pune,Maharashtra,2026-02-03,8.0,79.0,,2.0,No,"Indian home-care observation | Sneha Joshi | Pune, Maharashtra | Source: tablet_kiosk"
R01519,P026,Keerthana S,Tiruchirappalli,Tamil Nadu,2026-02-10,7.2,,5.4,1.7,No,"Indian home-care observation | Keerthana S | Tiruchirappalli, Tamil Nadu | Source: wearable_sync"
R01520,P018,Harini Reddy,Warangal,Telangana,2026-02-04,7.4,80.4,6.5,1.2,No,"Indian home-care observation | Harini Reddy | Warangal, Telangana | Source: phone_checkin"
R01521,P023,Mohan Raj,Salem,Tamil Nadu,2026-02-13,6.2,94.0,6.2,2.1,No,"Indian home-care observation | Mohan Raj | Salem, Tamil Nadu | Source: mobile_app"
R01522,P036,Sowmya N,Hyderabad,Telangana,2026-02-09,8.0,83.7,7.3,1.7,No,"Indian home-care observation | Sowmya N | Hyderabad, Telangana | Source: phone_checkin"
R01523,P032,Bhavana R,Bengaluru,Karnataka,2026-02-11,7.3,,8.6,2.8,No,"Indian home-care observation | Bhavana R | Bengaluru, Karnataka | Source: mobile_app"
R01524,P023,Mohan Raj,Salem,Tamil Nadu,2026-02-14,6.0,89.8,,3.4,No,"Indian home-care observation | Mohan Raj | Salem, Tamil Nadu | Source: phone_checkin"
R01525,P032,Bhavana R,Bengaluru,Karnataka,2026-02-12,8.6,93.4,8.2,3.9,No,"Indian home-care observation | Bhavana R | Bengaluru, Karnataka | Source: wearable_sync"
R01526,P035,Prakash Patil,Nashik,Maharashtra,2026-02-20,6.5,63.9,6.3,1.6,No,"Indian home-care observation | Prakash Patil | Nashik, Maharashtra | Source: mobile_app"
R01527,P009,Sanjay Kumar,Jaipur,Rajasthan,2026-02-01,7.2,78.4,6.6,3.4,No,"Indian home-care observation | Sanjay Kumar | Jaipur, Rajasthan | Source: tablet_kiosk"
R01528,P025,Ravi Prasad,Patna,Bihar,2026-01-31,7.4,85.2,6.8,3.2,No,"Indian home-care observation | Ravi Prasad | Patna, Bihar | Source: mobile_app"
R01529,P020,Pooja Shah,Surat,Gujarat,2026-02-11,5.5,72.2,,1.7,No,"Indian home-care observation | Pooja Shah | Surat, Gujarat | Source: tablet_kiosk"
R01530,P023,Mohan Raj,Salem,Tamil Nadu,2026-02-15,7.8,100.0,7.3,2.2,No,"Indian home-care observation | Mohan Raj | Salem, Tamil Nadu | Source: tablet_kiosk"
R01531,P015,Suresh Babu,Madurai,Tamil Nadu,2026-02-15,10.0,80.1,6.9,2.4,No,"Indian home-care observation | Suresh Babu | Madurai, Tamil Nadu | Source: wearable_sync"
R01532,P024,Neha Kapoor,New Delhi,Delhi,2026-02-15,7.1,85.1,,2.6,No,"Indian home-care observation | Neha Kapoor | New Delhi, Delhi | Source: mobile_app"
R01533,P007,Karthik Reddy,Hyderabad,Telangana,2026-02-16,7.4,70.1,8.4,3.1,No,"Indian home-care observation | Karthik Reddy | Hyderabad, Telangana | Source: wearable_sync"
R01534,P017,Naveen Kumar,Mysuru,Karnataka,2026-01-31,8.2,90.7,6.1,2.3,No,"Indian home-care observation | Naveen Kumar | Mysuru, Karnataka | Source: wearable_sync"
R01535,P040,Deepa Thomas,Thrissur,Kerala,2026-01-29,5.4,78.7,4.1,1.0,No,"Indian home-care observation | Deepa Thomas | Thrissur, Kerala | Source: phone_checkin"
R01536,P010,Divya Patel,Ahmedabad,Gujarat,2026-02-12,7.1,61.7,8.2,1.1,No,"Indian home-care observation | Divya Patel | Ahmedabad, Gujarat | Source: tablet_kiosk"
R01537,P028,Swathi Rao,Visakhapatnam,Andhra Pradesh,2026-02-18,6.8,78.8,7.5,0.3,No,"Indian home-care observation | Swathi Rao | Visakhapatnam, Andhra Pradesh | Source: phone_checkin"
R01538,P004,Ananya Iyer,Bengaluru,Karnataka,2026-02-20,8.3,75.8,,2.3,No,"Indian home-care observation | Ananya Iyer | Bengaluru, Karnataka | Source: mobile_app"
R01539,P006,Meena Krishnan,Coimbatore,Tamil Nadu,2026-02-22,6.0,84.0,5.4,1.8,No,"Indian home-care observation | Meena Krishnan | Coimbatore, Tamil Nadu | Source: phone_checkin"
R01540,P032,Bhavana R,Bengaluru,Karnataka,2026-02-13,,87.5,8.5,2.6,No,"Indian home-care observation | Bhavana R | Bengaluru, Karnataka | Source: phone_checkin"
R01541,P033,Ganesh Iyer,Chennai,Tamil Nadu,2026-02-07,7.8,82.1,6.9,3.2,No,"Indian home-care observation | Ganesh Iyer | Chennai, Tamil Nadu | Source: phone_checkin"
R01542,P021,Ajay Menon,Kozhikode,Kerala,2026-02-02,7.3,91.5,7.2,2.4,No,"Indian home-care observation | Ajay Menon | Kozhikode, Kerala | Source: mobile_app"
R01543,P002,Priya Nair,Kochi,Kerala,2026-02-10,7.6,70.8,6.3,,No,"Indian home-care observation | Priya Nair | Kochi, Kerala | Source: mobile_app"
R01544,P013,Manoj Gupta,Lucknow,Uttar Pradesh,2026-02-07,8.6,84.1,6.4,2.5,No,"Indian home-care observation | Manoj Gupta | Lucknow, Uttar Pradesh | Source: phone_checkin"
R01545,P035,Prakash Patil,Nashik,Maharashtra,2026-02-21,6.2,68.3,6.8,3.6,No,"Indian home-care observation | Prakash Patil | Nashik, Maharashtra | Source: tablet_kiosk"
R01546,P012,Kavya Menon,Thiruvananthapuram,Kerala,2026-02-01,8.2,99.4,9.0,4.3,No,"Indian home-care observation | Kavya Menon | Thiruvananthapuram, Kerala | Source: mobile_app"
R01547,P009,Sanjay Kumar,Jaipur,Rajasthan,2026-02-02,7.2,82.8,6.6,2.2,No,"Indian home-care observation | Sanjay Kumar | Jaipur, Rajasthan | Source: mobile_app"
R01548,P021,Ajay Menon,Kozhikode,Kerala,2026-02-03,6.6,81.7,5.3,3.8,No,"Indian home-care observation | Ajay Menon | Kozhikode, Kerala | Source: tablet_kiosk"
R01549,P006,Meena Krishnan,Coimbatore,Tamil Nadu,2026-02-23,6.1,79.6,,2.3,No,"Indian home-care observation | Meena Krishnan | Coimbatore, Tamil Nadu | Source: phone_checkin"
R01550,P012,Kavya Menon,Thiruvananthapuram,Kerala,2026-02-02,7.3,90.0,8.6,2.7,No,"Indian home-care observation | Kavya Menon | Thiruvananthapuram, Kerala | Source: WEARABLE_SYNC"
R01551,P025,Ravi Prasad,Patna,Bihar,2026-02-01,7.3,86.9,8.0,2.3,No,"Indian home-care observation | Ravi Prasad | Patna, Bihar | Source: phone_checkin"
R01552,P004,Ananya Iyer,Bengaluru,Karnataka,2026-02-21,8.2,80.7,6.3,1.4,No,"Indian home-care observation | Ananya Iyer | Bengaluru, Karnataka | Source: wearable_sync"
R01553,P019,Deepak Verma,Chandigarh,Chandigarh,2026-02-07,9.0,77.6,7.0,3.1,No,"Indian home-care observation | Deepak Verma | Chandigarh, Chandigarh | Source: mobile_app"
R01554,P004,Ananya Iyer,Bengaluru,Karnataka,2026-02-22,7.2,73.0,5.2,2.4,No,"Indian home-care observation | Ananya Iyer | Bengaluru, Karnataka | Source: wearable_sync"
R01555,P003,Rahul Sharma,Delhi,Delhi,2026-01-25,7.9,89.1,,2.2,No,"Indian home-care observation | Rahul Sharma | Delhi, Delhi | Source: phone_checkin"
R01556,P032,Bhavana R,Bengaluru,Karnataka,2026-02-14,7.5,88.3,8.8,2.2,No,"Indian home-care observation | Bhavana R | Bengaluru, Karnataka | Source: phone_checkin"
R01557,P008,Lakshmi Rao,Vijayawada,Andhra Pradesh,2026-02-01,7.7,78.0,4.9,4.6,No,"Indian home-care observation | Lakshmi Rao | Vijayawada, Andhra Pradesh | Source: mobile_app"
R01558,P028,Swathi Rao,Visakhapatnam,Andhra Pradesh,2026-02-19,7.0,87.7,5.6,2.9,No,"Indian home-care observation | Swathi Rao | Visakhapatnam, Andhra Pradesh | Source: phone_checkin"
R01559,P004,Ananya Iyer,Bengaluru,Karnataka,2026-02-23,8.6,77.4,,0.9,No,"Indian home-care observation | Ananya Iyer | Bengaluru, Karnataka | Source: wearable_sync"
R01560,P022,Shreya Das,Bhubaneswar,Odisha,2026-02-03,8.5,73.3,4.1,4.4,No,"Indian home-care observation | Shreya Das | Bhubaneswar, Odisha | Source: phone_checkin"
R01561,P022,Shreya Das,Bhubaneswar,Odisha,2026-02-04,8.2,69.7,4.0,,No,"Indian home-care observation | Shreya Das | Bhubaneswar, Odisha | Source: tablet_kiosk"
R01562,P003,Rahul Sharma,Delhi,Delhi,2026-01-26,7.6,85.7,,1.1,Yes,"Indian home-care observation | Rahul Sharma | Delhi, Delhi | Source: mobile_app"
R01563,P024,Neha Kapoor,New Delhi,Delhi,2026-02-16,7.3,96.0,6.5,3.1,No,"Indian home-care observation | Neha Kapoor | New Delhi, Delhi | Source: tablet_kiosk"
R01564,P011,Rohan Das,Kolkata,West Bengal,2026-02-12,6.9,82.1,7.2,3.2,No,"Indian home-care observation | Rohan Das | Kolkata, West Bengal | Source: wearable_sync"
R01565,P037,Ramesh Chandran,Puducherry,Puducherry,2026-02-16,7.0,85.2,8.2,2.1,No,"Indian home-care observation | Ramesh Chandran | Puducherry, Puducherry | Source: mobile_app"
R01566,P027,Aditya Kulkarni,Nagpur,Maharashtra,2026-02-09,6.2,75.4,8.9,1.0,No,"Indian home-care observation | Aditya Kulkarni | Nagpur, Maharashtra | Source: mobile_app"
R01567,P019,Deepak Verma,Chandigarh,Chandigarh,2026-02-08,8.4,80.7,5.5,3.3,No,"Indian home-care observation | Deepak Verma | Chandigarh, Chandigarh | Source: tablet_kiosk"
R01568,P015,Suresh Babu,Madurai,Tamil Nadu,2026-02-16,9.1,72.7,7.2,3.9,No,"Indian home-care observation | Suresh Babu | Madurai, Tamil Nadu | Source: tablet_kiosk"
R01569,P013,Manoj Gupta,Lucknow,Uttar Pradesh,2026-02-08,8.4,86.2,6.7,2.2,No,"Indian home-care observation | Manoj Gupta | Lucknow, Uttar Pradesh | Source: phone_checkin"
R01570,P032,Bhavana R,Bengaluru,Karnataka,2026-02-15,7.2,91.4,8.7,,No,"Indian home-care observation | Bhavana R | Bengaluru, Karnataka | Source: mobile_app"
R01571,P040,Deepa Thomas,Thrissur,Kerala,2026-01-30,7.0,97.5,6.3,1.9,No,"Indian home-care observation | Deepa Thomas | Thrissur, Kerala | Source: tablet_kiosk"
R01572,P035,Prakash Patil,Nashik,Maharashtra,2026-02-22,6.3,70.8,5.9,3.2,Yes,"Indian home-care observation | Prakash Patil | Nashik, Maharashtra | Source: tablet_kiosk"
R01573,P032,Bhavana R,Bengaluru,Karnataka,2026-02-16,7.9,92.7,7.7,2.8,No,"Indian home-care observation | Bhavana R | Bengaluru, Karnataka | Source: phone_checkin"
R01574,P004,Ananya Iyer,Bengaluru,Karnataka,2026-02-24,5.7,54.9,5.1,0.0,No,"Indian home-care observation | Ananya Iyer | Bengaluru, Karnataka | Source: tablet_kiosk"
R01575,P016,Aishwarya Pillai,Kollam,Kerala,2026-02-04,7.5,84.7,9.6,2.0,No,"Indian home-care observation | Aishwarya Pillai | Kollam, Kerala | Source: mobile_app"
R01576,P016,Aishwarya Pillai,Kollam,Kerala,2026-02-05,,82.1,8.3,2.0,No,"Indian home-care observation | Aishwarya Pillai | Kollam, Kerala | Source: tablet_kiosk"
R01577,P004,Ananya Iyer,Bengaluru,Karnataka,2026-02-25,7.7,75.6,7.3,1.4,No,"Indian home-care observation | Ananya Iyer | Bengaluru, Karnataka | Source: phone_checkin"
R01578,P033,Ganesh Iyer,Chennai,Tamil Nadu,2026-02-08,,81.7,6.2,1.7,No,"Indian home-care observation | Ganesh Iyer | Chennai, Tamil Nadu | Source: tablet_kiosk"
R01579,P008,Lakshmi Rao,Vijayawada,Andhra Pradesh,2026-02-02,7.1,65.3,6.0,3.1,No,"Indian home-care observation | Lakshmi Rao | Vijayawada, Andhra Pradesh | Source: mobile_app"
R01580,P006,Meena Krishnan,Coimbatore,Tamil Nadu,2026-02-24,,96.8,7.0,3.3,No,"Indian home-care observation | Meena Krishnan | Coimbatore, Tamil Nadu | Source: phone_checkin"
R01581,P001,Arjun Mehta,Chennai,Tamil Nadu,2026-02-05,7.6,72.9,7.7,1.1,No,"Indian home-care observation | Arjun Mehta | Chennai, Tamil Nadu | Source: tablet_kiosk"
R01582,P017,Naveen Kumar,Mysuru,Karnataka,2026-02-01,8.0,82.3,6.2,1.2,No,"Indian home-care observation | Naveen Kumar | Mysuru, Karnataka | Source: mobile_app"
R01583,P022,Shreya Das,Bhubaneswar,Odisha,2026-02-05,8.8,,3.8,3.4,No,"Indian home-care observation | Shreya Das | Bhubaneswar, Odisha | Source: phone_checkin"
R01584,P008,Lakshmi Rao,Vijayawada,Andhra Pradesh,2026-02-03,,72.6,6.4,2.4,No,"Indian home-care observation | Lakshmi Rao | Vijayawada, Andhra Pradesh | Source: phone_checkin"
R01585,P003,Rahul Sharma,Delhi,Delhi,2026-01-27,7.6,71.0,,3.0,No,"Indian home-care observation | Rahul Sharma | Delhi, Delhi | Source: phone_checkin"
R01586,P033,Ganesh Iyer,Chennai,Tamil Nadu,2026-02-09,7.4,74.1,6.4,2.7,No,"Indian home-care observation | Ganesh Iyer | Chennai, Tamil Nadu | Source: wearable_sync"
R01587,P014,Sneha Joshi,Pune,Maharashtra,2026-02-04,8.1,93.5,,1.8,No,"Indian home-care observation | Sneha Joshi | Pune, Maharashtra | Source: phone_checkin"
R01588,P026,Keerthana S,Tiruchirappalli,Tamil Nadu,2026-02-11,6.9,87.9,6.0,2.1,No,"Indian home-care observation | Keerthana S | Tiruchirappalli, Tamil Nadu | Source: mobile_app"
R01589,P031,Ashok Yadav,Kanpur,Uttar Pradesh,2026-02-09,7.9,55.3,7.7,1.9,No,"Indian home-care observation | Ashok Yadav | Kanpur, Uttar Pradesh | Source: phone_checkin"
R01590,P035,Prakash Patil,Nashik,Maharashtra,2026-02-23,7.3,70.6,6.8,2.4,No,"Indian home-care observation | Prakash Patil | Nashik, Maharashtra | Source: wearable_sync"
R01591,P006,Meena Krishnan,Coimbatore,Tamil Nadu,2026-02-25,6.7,89.6,7.4,4.9,No,"Indian home-care observation | Meena Krishnan | Coimbatore, Tamil Nadu | Source: tablet_kiosk"
R01592,P036,Sowmya N,Hyderabad,Telangana,2026-02-10,8.0,85.7,8.2,1.5,No,"Indian home-care observation | Sowmya N | Hyderabad, Telangana | Source: phone_checkin"
R01593,P034,Madhuri Naik,Panaji,Goa,2026-02-04,8.0,87.9,6.0,3.2,Yes,"Indian home-care observation | Madhuri Naik | Panaji, Goa | Source: PHONE_CHECKIN"
R01594,P005,Vikram Singh,Mumbai,Maharashtra,2026-02-05,8.7,83.6,7.1,1.6,Yes,"Indian home-care observation | Vikram Singh | Mumbai, Maharashtra | Source: WEARABLE_SYNC"
R01595,P024,Neha Kapoor,New Delhi,Delhi,2026-02-17,7.6,83.2,8.5,3.8,No,"Indian home-care observation | Neha Kapoor | New Delhi, Delhi | Source: mobile_app"
R01596,P037,Ramesh Chandran,Puducherry,Puducherry,2026-02-17,6.4,81.9,6.4,3.3,No,"Indian home-care observation | Ramesh Chandran | Puducherry, Puducherry | Source: PHONE_CHECKIN"
R01597,P026,Keerthana S,Tiruchirappalli,Tamil Nadu,2026-02-12,6.8,80.7,5.8,3.8,No,"Indian home-care observation | Keerthana S | Tiruchirappalli, Tamil Nadu | Source: mobile_app"
R01598,P023,Mohan Raj,Salem,Tamil Nadu,2026-02-16,6.4,95.2,6.9,3.6,No,"Indian home-care observation | Mohan Raj | Salem, Tamil Nadu | Source: mobile_app"
R01599,P015,Suresh Babu,Madurai,Tamil Nadu,2026-02-17,,76.5,,,No,"Indian home-care observation | Suresh Babu | Madurai, Tamil Nadu | Source: nan"
R01600,P030,Nandini Shetty,Mangaluru,Karnataka,2026-02-05,6.3,63.2,2.2,1.2,No,"Indian home-care observation | Nandini Shetty | Mangaluru, Karnataka | Source: wearable_sync"
R01601,P040,Deepa Thomas,Thrissur,Kerala,2026-01-31,4.5,68.1,,1.9,No,"Indian home-care observation | Deepa Thomas | Thrissur, Kerala | Source: tablet_kiosk"
R01602,P015,Suresh Babu,Madurai,Tamil Nadu,2026-02-18,9.5,71.2,6.2,1.3,No,"Indian home-care observation | Suresh Babu | Madurai, Tamil Nadu | Source: phone_checkin"
R01603,P037,Ramesh Chandran,Puducherry,Puducherry,2026-02-18,7.0,90.8,6.8,1.8,No,"Indian home-care observation | Ramesh Chandran | Puducherry, Puducherry | Source: phone_checkin"
R01604,P014,Sneha Joshi,Pune,Maharashtra,2026-02-05,8.4,85.2,5.8,2.6,No,"Indian home-care observation | Sneha Joshi | Pune, Maharashtra | Source: mobile_app"
R01605,P035,Prakash Patil,Nashik,Maharashtra,2026-02-24,6.4,67.0,6.2,0.7,No,"Indian home-care observation | Prakash Patil | Nashik, Maharashtra | Source: tablet_kiosk"
R01606,P002,Priya Nair,Kochi,Kerala,2026-02-11,8.2,78.9,6.3,,No,"Indian home-care observation | Priya Nair | Kochi, Kerala | Source: tablet_kiosk"
R01607,P015,Suresh Babu,Madurai,Tamil Nadu,2026-02-19,10.0,,6.7,2.6,No,"Indian home-care observation | Suresh Babu | Madurai, Tamil Nadu | Source: wearable_sync"
R01608,P032,Bhavana R,Bengaluru,Karnataka,2026-02-17,7.8,95.4,8.0,2.6,No,"Indian home-care observation | Bhavana R | Bengaluru, Karnataka | Source: phone_checkin"
R01609,P027,Aditya Kulkarni,Nagpur,Maharashtra,2026-02-10,6.3,,8.9,1.3,No,"Indian home-care observation | Aditya Kulkarni | Nagpur, Maharashtra | Source: tablet_kiosk"
R01610,P034,Madhuri Naik,Panaji,Goa,2026-02-05,7.9,82.2,4.7,2.6,No,"Indian home-care observation | Madhuri Naik | Panaji, Goa | Source: tablet_kiosk"
R01611,P014,Sneha Joshi,Pune,Maharashtra,2026-02-06,8.8,81.0,6.1,2.3,No,"Indian home-care observation | Sneha Joshi | Pune, Maharashtra | Source: wearable_sync"
R01612,P019,Deepak Verma,Chandigarh,Chandigarh,2026-02-09,8.7,71.9,,,No,"Indian home-care observation | Deepak Verma | Chandigarh, Chandigarh | Source: tablet_kiosk"
R01613,P028,Swathi Rao,Visakhapatnam,Andhra Pradesh,2026-02-20,7.6,91.2,6.9,2.6,No,"Indian home-care observation | Swathi Rao | Visakhapatnam, Andhra Pradesh | Source: wearable_sync"
R01614,P018,Harini Reddy,Warangal,Telangana,2026-02-05,8.1,82.9,7.3,1.7,No,"Indian home-care observation | Harini Reddy | Warangal, Telangana | Source: tablet_kiosk"
R01615,P010,Divya Patel,Ahmedabad,Gujarat,2026-02-13,5.6,57.9,5.8,2.1,No,"Indian home-care observation | Divya Patel | Ahmedabad, Gujarat | Source: mobile_app"
R01616,P019,Deepak Verma,Chandigarh,Chandigarh,2026-02-10,,75.7,7.5,2.7,No,"Indian home-care observation | Deepak Verma | Chandigarh, Chandigarh | Source: mobile_app"
R01617,P019,Deepak Verma,Chandigarh,Chandigarh,2026-02-11,,75.1,7.3,1.2,No,"Indian home-care observation | Deepak Verma | Chandigarh, Chandigarh | Source: mobile_app"
R01618,P038,Janani Murugan,Erode,Tamil Nadu,2026-02-01,6.9,70.2,7.0,1.7,No,"Indian home-care observation | Janani Murugan | Erode, Tamil Nadu | Source: tablet_kiosk"
R01619,P032,Bhavana R,Bengaluru,Karnataka,2026-02-18,8.3,,8.8,,No,"Indian home-care observation | Bhavana R | Bengaluru, Karnataka | Source: wearable_sync"
R01620,P010,Divya Patel,Ahmedabad,Gujarat,2026-02-14,5.9,56.3,6.8,3.9,No,"Indian home-care observation | Divya Patel | Ahmedabad, Gujarat | Source: wearable_sync"
R01621,P034,Madhuri Naik,Panaji,Goa,2026-02-06,7.5,86.2,6.0,2.3,No,"Indian home-care observation | Madhuri Naik | Panaji, Goa | Source: tablet_kiosk"
R01622,P013,Manoj Gupta,Lucknow,Uttar Pradesh,2026-02-09,8.6,74.8,8.4,3.1,No,"Indian home-care observation | Manoj Gupta | Lucknow, Uttar Pradesh | Source: wearable_sync"
R01623,P037,Ramesh Chandran,Puducherry,Puducherry,2026-02-19,6.7,89.7,7.2,1.9,No,"Indian home-care observation | Ramesh Chandran | Puducherry, Puducherry | Source: phone_checkin"
R01624,P039,Imran Khan,Bhopal,Madhya Pradesh,2026-02-06,7.6,80.4,8.5,1.3,No,"Indian home-care observation | Imran Khan | Bhopal, Madhya Pradesh | Source: phone_checkin"
R01625,P005,Vikram Singh,Mumbai,Maharashtra,2026-02-06,9.0,86.7,7.5,1.4,No,"Indian home-care observation | Vikram Singh | Mumbai, Maharashtra | Source: wearable_sync"
R01626,P018,Harini Reddy,Warangal,Telangana,2026-02-06,7.4,79.7,7.1,2.1,No,"Indian home-care observation | Harini Reddy | Warangal, Telangana | Source: mobile_app"
R01627,P003,Rahul Sharma,Delhi,Delhi,2026-01-28,6.5,72.5,,2.9,No,"Indian home-care observation | Rahul Sharma | Delhi, Delhi | Source: phone_checkin"
R01628,P011,Rohan Das,Kolkata,West Bengal,2026-02-13,5.5,81.2,6.6,1.4,No,"Indian home-care observation | Rohan Das | Kolkata, West Bengal | Source: nan"
R01629,P013,Manoj Gupta,Lucknow,Uttar Pradesh,2026-02-10,8.5,86.6,6.9,2.1,No,"Indian home-care observation | Manoj Gupta | Lucknow, Uttar Pradesh | Source: mobile_app"
R01630,P027,Aditya Kulkarni,Nagpur,Maharashtra,2026-02-11,6.4,91.1,9.4,1.9,No,"Indian home-care observation | Aditya Kulkarni | Nagpur, Maharashtra | Source: wearable_sync"
R01631,P039,Imran Khan,Bhopal,Madhya Pradesh,2026-02-07,7.7,75.3,8.3,2.7,No,"Indian home-care observation | Imran Khan | Bhopal, Madhya Pradesh | Source: tablet_kiosk"
R01632,P029,Gopal Krishnan,Madurai,Tamil Nadu,2026-02-11,7.3,75.9,7.3,2.5,No,"Indian home-care observation | Gopal Krishnan | Madurai, Tamil Nadu | Source: nan"
R01633,P038,Janani Murugan,Erode,Tamil Nadu,2026-02-02,7.5,80.1,7.5,1.8,No,"Indian home-care observation | Janani Murugan | Erode, Tamil Nadu | Source: wearable_sync"
R01634,P003,Rahul Sharma,Delhi,Delhi,2026-01-29,8.3,63.2,,3.2,No,"Indian home-care observation | Rahul Sharma | Delhi, Delhi | Source: tablet_kiosk"
R01635,P016,Aishwarya Pillai,Kollam,Kerala,2026-02-06,7.0,92.6,,3.0,No,"Indian home-care observation | Aishwarya Pillai | Kollam, Kerala | Source: nan"
R01636,P026,Keerthana S,Tiruchirappalli,Tamil Nadu,2026-02-13,6.3,81.9,6.3,1.4,No,"Indian home-care observation | Keerthana S | Tiruchirappalli, Tamil Nadu | Source: phone_checkin"
R01637,P040,Deepa Thomas,Thrissur,Kerala,2026-02-01,4.6,86.1,4.2,0.4,No,"Indian home-care observation | Deepa Thomas | Thrissur, Kerala | Source: tablet_kiosk"
R01638,P022,Shreya Das,Bhubaneswar,Odisha,2026-02-06,7.9,77.5,4.8,2.7,No,"Indian home-care observation | Shreya Das | Bhubaneswar, Odisha | Source: phone_checkin"
R01639,P024,Neha Kapoor,New Delhi,Delhi,2026-02-18,7.9,97.3,7.1,3.0,No,"Indian home-care observation | Neha Kapoor | New Delhi, Delhi | Source: wearable_sync"
R01640,P030,Nandini Shetty,Mangaluru,Karnataka,2026-02-06,7.4,72.6,3.2,1.9,No,"Indian home-care observation | Nandini Shetty | Mangaluru, Karnataka | Source: tablet_kiosk"
R01641,P008,Lakshmi Rao,Vijayawada,Andhra Pradesh,2026-02-04,6.9,81.4,5.3,,No,"Indian home-care observation | Lakshmi Rao | Vijayawada, Andhra Pradesh | Source: tablet_kiosk"
R01642,P028,Swathi Rao,Visakhapatnam,Andhra Pradesh,2026-02-21,7.2,88.8,6.6,2.6,No,"Indian home-care observation | Swathi Rao | Visakhapatnam, Andhra Pradesh | Source: wearable_sync"
R01643,P010,Divya Patel,Ahmedabad,Gujarat,2026-02-15,6.2,58.2,6.7,0.8,No,"Indian home-care observation | Divya Patel | Ahmedabad, Gujarat | Source: phone_checkin"
R01644,P039,Imran Khan,Bhopal,Madhya Pradesh,2026-02-08,7.7,71.0,8.0,1.7,No,"Indian home-care observation | Imran Khan | Bhopal, Madhya Pradesh | Source: phone_checkin"
R01645,P018,Harini Reddy,Warangal,Telangana,2026-02-07,7.5,76.5,,2.6,Yes,"Indian home-care observation | Harini Reddy | Warangal, Telangana | Source: tablet_kiosk"
R01646,P037,Ramesh Chandran,Puducherry,Puducherry,2026-02-20,7.3,86.0,7.0,2.0,No,"Indian home-care observation | Ramesh Chandran | Puducherry, Puducherry | Source: wearable_sync"
R01647,P018,Harini Reddy,Warangal,Telangana,2026-02-08,7.4,73.3,7.1,3.3,No,"Indian home-care observation | Harini Reddy | Warangal, Telangana | Source: phone_checkin"
R01648,P019,Deepak Verma,Chandigarh,Chandigarh,2026-02-12,7.8,69.4,6.5,2.4,No,"Indian home-care observation | Deepak Verma | Chandigarh, Chandigarh | Source: wearable_sync"
R01649,P024,Neha Kapoor,New Delhi,Delhi,2026-02-19,6.0,88.9,7.9,1.6,Yes,"Indian home-care observation | Neha Kapoor | New Delhi, Delhi | Source: wearable_sync"
R01650,P030,Nandini Shetty,Mangaluru,Karnataka,2026-02-07,8.5,85.4,4.1,1.7,No,"Indian home-care observation | Nandini Shetty | Mangaluru, Karnataka | Source: phone_checkin"
R01651,P035,Prakash Patil,Nashik,Maharashtra,2026-02-25,7.1,76.0,6.7,1.8,No,"Indian home-care observation | Prakash Patil | Nashik, Maharashtra | Source: tablet_kiosk"
R01652,P027,Aditya Kulkarni,Nagpur,Maharashtra,2026-02-12,7.4,86.6,8.4,2.6,No,"Indian home-care observation | Aditya Kulkarni | Nagpur, Maharashtra | Source: tablet_kiosk"
R01653,P040,Deepa Thomas,Thrissur,Kerala,2026-02-02,3.9,72.9,3.4,0.9,Yes,"Indian home-care observation | Deepa Thomas | Thrissur, Kerala | Source: wearable_sync"
R01654,P016,Aishwarya Pillai,Kollam,Kerala,2026-02-07,7.7,84.4,8.2,1.2,No,"Indian home-care observation | Aishwarya Pillai | Kollam, Kerala | Source: phone_checkin"
R01655,P004,Ananya Iyer,Bengaluru,Karnataka,2026-02-26,7.6,,7.0,0.9,No,"Indian home-care observation | Ananya Iyer | Bengaluru, Karnataka | Source: mobile_app"
R01656,P008,Lakshmi Rao,Vijayawada,Andhra Pradesh,2026-02-05,6.5,65.9,6.0,1.6,No,"Indian home-care observation | Lakshmi Rao | Vijayawada, Andhra Pradesh | Source: phone_checkin"
R01657,P024,Neha Kapoor,New Delhi,Delhi,2026-02-20,7.9,92.4,7.1,3.5,No,"Indian home-care observation | Neha Kapoor | New Delhi, Delhi | Source: mobile_app"
R01658,P003,Rahul Sharma,Delhi,Delhi,2026-01-30,6.6,68.8,6.7,2.5,Yes,"Indian home-care observation | Rahul Sharma | Delhi, Delhi | Source: mobile_app"
R01659,P035,Prakash Patil,Nashik,Maharashtra,2026-02-26,6.0,,,1.8,No,"Indian home-care observation | Prakash Patil | Nashik, Maharashtra | Source: mobile_app"
R01660,P007,Karthik Reddy,Hyderabad,Telangana,2026-02-17,8.8,93.9,7.0,2.8,No,"Indian home-care observation | Karthik Reddy | Hyderabad, Telangana | Source: phone_checkin"
R01661,P033,Ganesh Iyer,Chennai,Tamil Nadu,2026-02-10,7.5,78.7,6.5,1.4,No,"Indian home-care observation | Ganesh Iyer | Chennai, Tamil Nadu | Source: mobile_app"
R01662,P014,Sneha Joshi,Pune,Maharashtra,2026-02-07,9.2,91.3,5.2,2.1,No,"Indian home-care observation | Sneha Joshi | Pune, Maharashtra | Source: phone_checkin"
R01663,P003,Rahul Sharma,Delhi,Delhi,2026-01-31,8.0,82.0,7.2,2.6,No,"Indian home-care observation | Rahul Sharma | Delhi, Delhi | Source: wearable_sync"
R01664,P023,Mohan Raj,Salem,Tamil Nadu,2026-02-17,7.7,97.8,7.9,2.5,No,"Indian home-care observation | Mohan Raj | Salem, Tamil Nadu | Source: phone_checkin"
R01665,P004,Ananya Iyer,Bengaluru,Karnataka,2026-02-27,4.8,72.7,5.3,1.8,Yes,"Indian home-care observation | Ananya Iyer | Bengaluru, Karnataka | Source: mobile_app"
R01666,P008,Lakshmi Rao,Vijayawada,Andhra Pradesh,2026-02-06,,72.8,6.2,2.7,No,"Indian home-care observation | Lakshmi Rao | Vijayawada, Andhra Pradesh | Source: mobile_app"
R01667,P022,Shreya Das,Bhubaneswar,Odisha,2026-02-07,7.9,71.6,4.0,1.4,No,"Indian home-care observation | Shreya Das | Bhubaneswar, Odisha | Source: wearable_sync"
R01668,P002,Priya Nair,Kochi,Kerala,2026-02-12,8.1,73.7,5.6,0.6,No,"Indian home-care observation | Priya Nair | Kochi, Kerala | Source: mobile_app"
R01669,P030,Nandini Shetty,Mangaluru,Karnataka,2026-02-08,7.0,65.6,,,No,"Indian home-care observation | Nandini Shetty | Mangaluru, Karnataka | Source: phone_checkin"
R01670,P037,Ramesh Chandran,Puducherry,Puducherry,2026-02-21,7.0,85.4,8.1,1.8,No,"Indian home-care observation | Ramesh Chandran | Puducherry, Puducherry | Source: phone_checkin"
R01671,P032,Bhavana R,Bengaluru,Karnataka,2026-02-19,,82.6,,2.4,Yes,"Indian home-care observation | Bhavana R | Bengaluru, Karnataka | Source: wearable_sync"
R01672,P010,Divya Patel,Ahmedabad,Gujarat,2026-02-16,6.9,67.8,8.1,3.2,No,"Indian home-care observation | Divya Patel | Ahmedabad, Gujarat | Source: phone_checkin"
R01673,P007,Karthik Reddy,Hyderabad,Telangana,2026-02-18,7.2,73.1,6.9,1.8,No,"Indian home-care observation | Karthik Reddy | Hyderabad, Telangana | Source: phone_checkin"
R01674,P007,Karthik Reddy,Hyderabad,Telangana,2026-02-19,8.3,87.4,6.6,,No,"Indian home-care observation | Karthik Reddy | Hyderabad, Telangana | Source: nan"
R01675,P021,Ajay Menon,Kozhikode,Kerala,2026-02-04,5.9,98.4,5.7,1.6,No,"Indian home-care observation | Ajay Menon | Kozhikode, Kerala | Source: mobile_app"
R01676,P024,Neha Kapoor,New Delhi,Delhi,2026-02-21,,88.9,8.2,3.7,No,"Indian home-care observation | Neha Kapoor | New Delhi, Delhi | Source: wearable_sync"
R01677,P002,Priya Nair,Kochi,Kerala,2026-02-13,7.5,,,2.3,No,"Indian home-care observation | Priya Nair | Kochi, Kerala | Source: phone_checkin"
R01678,P010,Divya Patel,Ahmedabad,Gujarat,2026-02-17,6.3,65.2,7.4,3.4,No,"Indian home-care observation | Divya Patel | Ahmedabad, Gujarat | Source: mobile_app"
R01679,P004,Ananya Iyer,Bengaluru,Karnataka,2026-02-28,6.2,64.7,5.3,,No,"Indian home-care observation | Ananya Iyer | Bengaluru, Karnataka | Source: mobile_app"
R01680,P012,Kavya Menon,Thiruvananthapuram,Kerala,2026-02-03,7.3,91.7,8.6,,No,"Indian home-care observation | Kavya Menon | Thiruvananthapuram, Kerala | Source: tablet_kiosk"
R01681,P020,Pooja Shah,Surat,Gujarat,2026-02-12,6.3,81.0,6.6,2.8,No,"Indian home-care observation | Pooja Shah | Surat, Gujarat | Source: wearable_sync"
R01682,P009,Sanjay Kumar,Jaipur,Rajasthan,2026-02-03,7.3,70.5,6.8,2.4,No,"Indian home-care observation | Sanjay Kumar | Jaipur, Rajasthan | Source: tablet_kiosk"
R01683,P001,Arjun Mehta,Chennai,Tamil Nadu,2026-02-06,7.2,79.2,7.1,2.9,No,"Indian home-care observation | Arjun Mehta | Chennai, Tamil Nadu | Source: wearable_sync"
R01684,P018,Harini Reddy,Warangal,Telangana,2026-02-09,7.8,76.8,,2.9,No,"Indian home-care observation | Harini Reddy | Warangal, Telangana | Source: phone_checkin"
R01685,P015,Suresh Babu,Madurai,Tamil Nadu,2026-02-20,9.2,,5.5,2.9,Yes,"Indian home-care observation | Suresh Babu | Madurai, Tamil Nadu | Source: tablet_kiosk"
R01686,P037,Ramesh Chandran,Puducherry,Puducherry,2026-02-22,7.0,90.4,,2.7,No,"Indian home-care observation | Ramesh Chandran | Puducherry, Puducherry | Source: phone_checkin"
R01687,P026,Keerthana S,Tiruchirappalli,Tamil Nadu,2026-02-14,6.9,83.1,6.5,2.3,No,"Indian home-care observation | Keerthana S | Tiruchirappalli, Tamil Nadu | Source: wearable_sync"
R01688,P011,Rohan Das,Kolkata,West Bengal,2026-02-14,6.1,80.2,6.3,2.7,No,"Indian home-care observation | Rohan Das | Kolkata, West Bengal | Source: MOBILE_APP"
R01689,P012,Kavya Menon,Thiruvananthapuram,Kerala,2026-02-04,6.7,84.9,8.3,2.7,No,"Indian home-care observation | Kavya Menon | Thiruvananthapuram, Kerala | Source: phone_checkin"
R01690,P031,Ashok Yadav,Kanpur,Uttar Pradesh,2026-02-10,8.5,62.1,7.7,2.2,No,"Indian home-care observation | Ashok Yadav | Kanpur, Uttar Pradesh | Source: mobile_app"
R01691,P005,Vikram Singh,Mumbai,Maharashtra,2026-02-07,9.0,79.3,6.9,2.7,No,"Indian home-care observation | Vikram Singh | Mumbai, Maharashtra | Source: mobile_app"
R01692,P001,Arjun Mehta,Chennai,Tamil Nadu,2026-02-07,8.4,79.4,6.9,3.4,No,"Indian home-care observation | Arjun Mehta | Chennai, Tamil Nadu | Source: mobile_app"
R01693,P036,Sowmya N,Hyderabad,Telangana,2026-02-11,8.4,84.5,7.1,1.3,No,"Indian home-care observation | Sowmya N | Hyderabad, Telangana | Source: wearable_sync"
R01694,P029,Gopal Krishnan,Madurai,Tamil Nadu,2026-02-12,7.7,90.2,7.2,,No,"Indian home-care observation | Gopal Krishnan | Madurai, Tamil Nadu | Source: phone_checkin"
R01695,P040,Deepa Thomas,Thrissur,Kerala,2026-02-03,4.2,77.1,5.0,,No,"Indian home-care observation | Deepa Thomas | Thrissur, Kerala | Source: mobile_app"
R01696,P021,Ajay Menon,Kozhikode,Kerala,2026-02-05,6.7,87.2,,1.9,No,"Indian home-care observation | Ajay Menon | Kozhikode, Kerala | Source: mobile_app"
R01697,P008,Lakshmi Rao,Vijayawada,Andhra Pradesh,2026-02-07,7.5,81.1,6.8,3.8,No,"Indian home-care observation | Lakshmi Rao | Vijayawada, Andhra Pradesh | Source: tablet_kiosk"
R01698,P025,Ravi Prasad,Patna,Bihar,2026-02-02,7.7,77.0,,2.3,No,"Indian home-care observation | Ravi Prasad | Patna, Bihar | Source: phone_checkin"
R01699,P016,Aishwarya Pillai,Kollam,Kerala,2026-02-08,7.5,92.3,9.1,2.5,No,"Indian home-care observation | Aishwarya Pillai | Kollam, Kerala | Source: phone_checkin"
R01700,P003,Rahul Sharma,Delhi,Delhi,2026-02-01,6.9,57.5,,2.3,No,"Indian home-care observation | Rahul Sharma | Delhi, Delhi | Source: phone_checkin"
R01701,P018,Harini Reddy,Warangal,Telangana,2026-02-10,7.1,79.9,7.1,2.6,No,"Indian home-care observation | Harini Reddy | Warangal, Telangana | Source: phone_checkin"
R01702,P003,Rahul Sharma,Delhi,Delhi,2026-02-02,7.8,84.4,6.3,0.9,No,"Indian home-care observation | Rahul Sharma | Delhi, Delhi | Source: phone_checkin"
R01703,P012,Kavya Menon,Thiruvananthapuram,Kerala,2026-02-05,8.1,93.5,8.9,3.4,No,"Indian home-care observation | Kavya Menon | Thiruvananthapuram, Kerala | Source: tablet_kiosk"
R01704,P020,Pooja Shah,Surat,Gujarat,2026-02-13,5.9,,5.6,1.2,No,"Indian home-care observation | Pooja Shah | Surat, Gujarat | Source: tablet_kiosk"
R01705,P032,Bhavana R,Bengaluru,Karnataka,2026-02-20,7.9,88.3,7.9,1.3,No,"Indian home-care observation | Bhavana R | Bengaluru, Karnataka | Source: wearable_sync"
R01706,P009,Sanjay Kumar,Jaipur,Rajasthan,2026-02-04,7.4,79.3,7.3,2.2,No,"Indian home-care observation | Sanjay Kumar | Jaipur, Rajasthan | Source: tablet_kiosk"
R01707,P016,Aishwarya Pillai,Kollam,Kerala,2026-02-09,7.2,91.5,9.0,1.5,No,"Indian home-care observation | Aishwarya Pillai | Kollam, Kerala | Source: phone_checkin"
R01708,P015,Suresh Babu,Madurai,Tamil Nadu,2026-02-21,9.6,76.2,6.3,0.3,No,"Indian home-care observation | Suresh Babu | Madurai, Tamil Nadu | Source: wearable_sync"
R01709,P026,Keerthana S,Tiruchirappalli,Tamil Nadu,2026-02-15,7.3,79.6,6.2,2.2,No,"Indian home-care observation | Keerthana S | Tiruchirappalli, Tamil Nadu | Source: phone_checkin"
R01710,P020,Pooja Shah,Surat,Gujarat,2026-02-14,6.4,69.8,5.0,1.1,No,"Indian home-care observation | Pooja Shah | Surat, Gujarat | Source: mobile_app"
R01711,P011,Rohan Das,Kolkata,West Bengal,2026-02-15,6.2,76.0,5.7,2.8,Yes,"Indian home-care observation | Rohan Das | Kolkata, West Bengal | Source: wearable_sync"
R01712,P001,Arjun Mehta,Chennai,Tamil Nadu,2026-02-08,7.3,68.9,6.0,2.2,No,"Indian home-care observation | Arjun Mehta | Chennai, Tamil Nadu | Source: phone_checkin"
R01713,P002,Priya Nair,Kochi,Kerala,2026-02-14,8.0,74.6,6.1,1.1,No,"Indian home-care observation | Priya Nair | Kochi, Kerala | Source: tablet_kiosk"
R01714,P030,Nandini Shetty,Mangaluru,Karnataka,2026-02-09,5.6,64.0,,0.4,No,"Indian home-care observation | Nandini Shetty | Mangaluru, Karnataka | Source: wearable_sync"
R01715,P005,Vikram Singh,Mumbai,Maharashtra,2026-02-08,9.1,80.5,7.8,1.6,Yes,"Indian home-care observation | Vikram Singh | Mumbai, Maharashtra | Source: mobile_app"
R01716,P015,Suresh Babu,Madurai,Tamil Nadu,2026-02-22,10.0,71.2,7.0,1.0,No,"Indian home-care observation | Suresh Babu | Madurai, Tamil Nadu | Source: nan"
R01717,P029,Gopal Krishnan,Madurai,Tamil Nadu,2026-02-13,7.1,79.8,,3.3,No,"Indian home-care observation | Gopal Krishnan | Madurai, Tamil Nadu | Source: wearable_sync"
R01718,P033,Ganesh Iyer,Chennai,Tamil Nadu,2026-02-11,7.9,83.2,,1.6,No,"Indian home-care observation | Ganesh Iyer | Chennai, Tamil Nadu | Source: phone_checkin"
R01719,P015,Suresh Babu,Madurai,Tamil Nadu,2026-02-23,9.1,68.2,6.6,1.0,No,"Indian home-care observation | Suresh Babu | Madurai, Tamil Nadu | Source: phone_checkin"
R01720,P011,Rohan Das,Kolkata,West Bengal,2026-02-16,6.8,76.7,5.9,2.4,No,"Indian home-care observation | Rohan Das | Kolkata, West Bengal | Source: tablet_kiosk"
R01721,P011,Rohan Das,Kolkata,West Bengal,2026-02-17,,69.2,5.6,1.6,No,"Indian home-care observation | Rohan Das | Kolkata, West Bengal | Source: wearable_sync"
R01722,P037,Ramesh Chandran,Puducherry,Puducherry,2026-02-23,6.6,87.0,7.6,3.6,No,"Indian home-care observation | Ramesh Chandran | Puducherry, Puducherry | Source: mobile_app"
R01723,P023,Mohan Raj,Salem,Tamil Nadu,2026-02-18,6.5,99.0,7.0,,No,"Indian home-care observation | Mohan Raj | Salem, Tamil Nadu | Source: phone_checkin"
R01724,P012,Kavya Menon,Thiruvananthapuram,Kerala,2026-02-06,6.4,91.3,8.1,2.3,Yes,"Indian home-care observation | Kavya Menon | Thiruvananthapuram, Kerala | Source: wearable_sync"
R01725,P020,Pooja Shah,Surat,Gujarat,2026-02-15,6.7,76.5,6.3,1.1,No,"Indian home-care observation | Pooja Shah | Surat, Gujarat | Source: mobile_app"
R01726,P026,Keerthana S,Tiruchirappalli,Tamil Nadu,2026-02-16,6.9,80.5,6.0,2.6,No,"Indian home-care observation | Keerthana S | Tiruchirappalli, Tamil Nadu | Source: mobile_app"
R01727,P030,Nandini Shetty,Mangaluru,Karnataka,2026-02-10,7.2,68.1,3.9,1.3,No,"Indian home-care observation | Nandini Shetty | Mangaluru, Karnataka | Source: wearable_sync"
R01728,P033,Ganesh Iyer,Chennai,Tamil Nadu,2026-02-12,8.0,80.8,6.9,3.1,No,"Indian home-care observation | Ganesh Iyer | Chennai, Tamil Nadu | Source: phone_checkin"
R01729,P002,Priya Nair,Kochi,Kerala,2026-02-15,7.7,80.0,6.5,2.9,No,"Indian home-care observation | Priya Nair | Kochi, Kerala | Source: wearable_sync"
R01730,P009,Sanjay Kumar,Jaipur,Rajasthan,2026-02-05,,79.2,7.5,2.5,No,"Indian home-care observation | Sanjay Kumar | Jaipur, Rajasthan | Source: tablet_kiosk"
R01731,P023,Mohan Raj,Salem,Tamil Nadu,2026-02-19,6.0,98.6,7.3,2.4,No,"Indian home-care observation | Mohan Raj | Salem, Tamil Nadu | Source: mobile_app"
R01732,P031,Ashok Yadav,Kanpur,Uttar Pradesh,2026-02-11,,70.3,8.0,2.5,No,"Indian home-care observation | Ashok Yadav | Kanpur, Uttar Pradesh | Source: phone_checkin"
R01733,P024,Neha Kapoor,New Delhi,Delhi,2026-02-22,6.6,86.7,7.2,1.2,No,"Indian home-care observation | Neha Kapoor | New Delhi, Delhi | Source: mobile_app"
R01734,P026,Keerthana S,Tiruchirappalli,Tamil Nadu,2026-02-17,7.1,81.2,4.9,1.8,No,"Indian home-care observation | Keerthana S | Tiruchirappalli, Tamil Nadu | Source: mobile_app"
R01735,P031,Ashok Yadav,Kanpur,Uttar Pradesh,2026-02-12,6.4,,6.4,,No,"Indian home-care observation | Ashok Yadav | Kanpur, Uttar Pradesh | Source: phone_checkin"
R01736,P022,Shreya Das,Bhubaneswar,Odisha,2026-02-08,8.0,74.5,4.7,2.7,No,"Indian home-care observation | Shreya Das | Bhubaneswar, Odisha | Source: phone_checkin"
R01737,P031,Ashok Yadav,Kanpur,Uttar Pradesh,2026-02-13,7.3,63.3,7.3,0.5,No,"Indian home-care observation | Ashok Yadav | Kanpur, Uttar Pradesh | Source: phone_checkin"
R01738,P024,Neha Kapoor,New Delhi,Delhi,2026-02-23,7.2,94.2,,2.2,No,"Indian home-care observation | Neha Kapoor | New Delhi, Delhi | Source: tablet_kiosk"
R01739,P018,Harini Reddy,Warangal,Telangana,2026-02-11,8.1,72.7,7.4,2.8,No,"Indian home-care observation | Harini Reddy | Warangal, Telangana | Source: phone_checkin"
R01740,P019,Deepak Verma,Chandigarh,Chandigarh,2026-02-13,10.0,78.2,,3.7,No,"Indian home-care observation | Deepak Verma | Chandigarh, Chandigarh | Source: mobile_app"
R01741,P007,Karthik Reddy,Hyderabad,Telangana,2026-02-20,8.5,91.7,7.2,2.7,No,"Indian home-care observation | Karthik Reddy | Hyderabad, Telangana | Source: tablet_kiosk"
R01742,P037,Ramesh Chandran,Puducherry,Puducherry,2026-02-24,6.3,86.8,8.2,2.2,No,"Indian home-care observation | Ramesh Chandran | Puducherry, Puducherry | Source: mobile_app"
R01743,P028,Swathi Rao,Visakhapatnam,Andhra Pradesh,2026-02-22,7.8,,6.1,0.8,No,"Indian home-care observation | Swathi Rao | Visakhapatnam, Andhra Pradesh | Source: mobile_app"
R01744,P008,Lakshmi Rao,Vijayawada,Andhra Pradesh,2026-02-08,6.3,92.3,,3.3,No,"Indian home-care observation | Lakshmi Rao | Vijayawada, Andhra Pradesh | Source: wearable_sync"
R01745,P021,Ajay Menon,Kozhikode,Kerala,2026-02-06,7.4,82.3,6.2,3.9,No,"Indian home-care observation | Ajay Menon | Kozhikode, Kerala | Source: wearable_sync"
R01746,P030,Nandini Shetty,Mangaluru,Karnataka,2026-02-11,7.5,75.2,2.8,2.7,No,"Indian home-care observation | Nandini Shetty | Mangaluru, Karnataka | Source: tablet_kiosk"
R01747,P009,Sanjay Kumar,Jaipur,Rajasthan,2026-02-06,7.4,74.3,6.8,,No,"Indian home-care observation | Sanjay Kumar | Jaipur, Rajasthan | Source: phone_checkin"
R01748,P012,Kavya Menon,Thiruvananthapuram,Kerala,2026-02-07,8.1,94.4,9.2,4.0,No,"Indian home-care observation | Kavya Menon | Thiruvananthapuram, Kerala | Source: mobile_app"
R01749,P005,Vikram Singh,Mumbai,Maharashtra,2026-02-09,,84.1,8.0,2.0,No,"Indian home-care observation | Vikram Singh | Mumbai, Maharashtra | Source: wearable_sync"
R01750,P005,Vikram Singh,Mumbai,Maharashtra,2026-02-10,9.0,,7.1,4.6,No,"Indian home-care observation | Vikram Singh | Mumbai, Maharashtra | Source: phone_checkin"
R01751,P004,Ananya Iyer,Bengaluru,Karnataka,2026-03-01,7.6,78.1,,2.2,Yes,"Indian home-care observation | Ananya Iyer | Bengaluru, Karnataka | Source: phone_checkin"
R01752,P026,Keerthana S,Tiruchirappalli,Tamil Nadu,2026-02-18,6.7,,5.5,1.5,No,"Indian home-care observation | Keerthana S | Tiruchirappalli, Tamil Nadu | Source: mobile_app"
R01753,P024,Neha Kapoor,New Delhi,Delhi,2026-02-24,7.2,84.4,7.7,2.9,No,"Indian home-care observation | Neha Kapoor | New Delhi, Delhi | Source: wearable_sync"
R01754,P035,Prakash Patil,Nashik,Maharashtra,2026-02-27,6.9,70.4,6.6,2.1,No,"Indian home-care observation | Prakash Patil | Nashik, Maharashtra | Source: wearable_sync"
R01755,P020,Pooja Shah,Surat,Gujarat,2026-02-16,6.2,75.8,5.8,2.1,No,"Indian home-care observation | Pooja Shah | Surat, Gujarat | Source: tablet_kiosk"
R01756,P040,Deepa Thomas,Thrissur,Kerala,2026-02-04,4.7,74.7,4.4,0.1,No,"Indian home-care observation | Deepa Thomas | Thrissur, Kerala | Source: tablet_kiosk"
R01757,P012,Kavya Menon,Thiruvananthapuram,Kerala,2026-02-08,6.5,89.0,7.7,2.4,No,"Indian home-care observation | Kavya Menon | Thiruvananthapuram, Kerala | Source: phone_checkin"
R01758,P028,Swathi Rao,Visakhapatnam,Andhra Pradesh,2026-02-23,8.0,,7.2,1.6,No,"Indian home-care observation | Swathi Rao | Visakhapatnam, Andhra Pradesh | Source: tablet_kiosk"
R01759,P039,Imran Khan,Bhopal,Madhya Pradesh,2026-02-09,7.0,73.0,8.3,0.7,No,"Indian home-care observation | Imran Khan | Bhopal, Madhya Pradesh | Source: tablet_kiosk"
R01760,P022,Shreya Das,Bhubaneswar,Odisha,2026-02-09,7.2,67.5,3.9,2.7,No,"Indian home-care observation | Shreya Das | Bhubaneswar, Odisha | Source: mobile_app"
R01761,P017,Naveen Kumar,Mysuru,Karnataka,2026-02-02,8.0,74.5,6.6,1.2,No,"Indian home-care observation | Naveen Kumar | Mysuru, Karnataka | Source: mobile_app"
R01762,P003,Rahul Sharma,Delhi,Delhi,2026-02-03,,76.2,5.5,3.1,No,"Indian home-care observation | Rahul Sharma | Delhi, Delhi | Source: mobile_app"
R01763,P002,Priya Nair,Kochi,Kerala,2026-02-16,7.7,69.2,5.3,1.6,No,"Indian home-care observation | Priya Nair | Kochi, Kerala | Source: phone_checkin"
R01764,P001,Arjun Mehta,Chennai,Tamil Nadu,2026-02-09,8.6,,7.2,,No,"Indian home-care observation | Arjun Mehta | Chennai, Tamil Nadu | Source: phone_checkin"
R01765,P033,Ganesh Iyer,Chennai,Tamil Nadu,2026-02-13,8.1,73.3,,2.6,No,"Indian home-care observation | Ganesh Iyer | Chennai, Tamil Nadu | Source: tablet_kiosk"
R01766,P010,Divya Patel,Ahmedabad,Gujarat,2026-02-18,6.0,56.5,7.6,0.9,No,"Indian home-care observation | Divya Patel | Ahmedabad, Gujarat | Source: tablet_kiosk"
R01767,P024,Neha Kapoor,New Delhi,Delhi,2026-02-25,6.5,94.7,7.8,2.6,No,"Indian home-care observation | Neha Kapoor | New Delhi, Delhi | Source: mobile_app"
R01768,P007,Karthik Reddy,Hyderabad,Telangana,2026-02-21,8.2,76.9,,,Yes,"Indian home-care observation | Karthik Reddy | Hyderabad, Telangana | Source: wearable_sync"
R01769,P039,Imran Khan,Bhopal,Madhya Pradesh,2026-02-10,8.0,79.0,7.8,2.1,No,"Indian home-care observation | Imran Khan | Bhopal, Madhya Pradesh | Source: phone_checkin"
R01770,P003,Rahul Sharma,Delhi,Delhi,2026-02-04,7.1,79.2,6.5,,No,"Indian home-care observation | Rahul Sharma | Delhi, Delhi | Source: nan"
R01771,P003,Rahul Sharma,Delhi,Delhi,2026-02-05,7.8,79.8,7.5,1.8,No,"Indian home-care observation | Rahul Sharma | Delhi, Delhi | Source: wearable_sync"
R01772,P006,Meena Krishnan,Coimbatore,Tamil Nadu,2026-02-26,6.0,83.7,7.4,2.3,Yes,"Indian home-care observation | Meena Krishnan | Coimbatore, Tamil Nadu | Source: wearable_sync"
R01773,P013,Manoj Gupta,Lucknow,Uttar Pradesh,2026-02-11,7.1,75.6,,2.5,No,"Indian home-care observation | Manoj Gupta | Lucknow, Uttar Pradesh | Source: nan"
R01774,P018,Harini Reddy,Warangal,Telangana,2026-02-12,8.1,73.8,8.3,2.5,No,"Indian home-care observation | Harini Reddy | Warangal, Telangana | Source: tablet_kiosk"
R01775,P019,Deepak Verma,Chandigarh,Chandigarh,2026-02-14,9.7,93.4,7.2,,No,"Indian home-care observation | Deepak Verma | Chandigarh, Chandigarh | Source: phone_checkin"
R01776,P025,Ravi Prasad,Patna,Bihar,2026-02-03,6.9,63.9,9.2,3.2,No,"Indian home-care observation | Ravi Prasad | Patna, Bihar | Source: phone_checkin"
R01777,P037,Ramesh Chandran,Puducherry,Puducherry,2026-02-25,6.9,95.8,7.5,3.3,No,"Indian home-care observation | Ramesh Chandran | Puducherry, Puducherry | Source: mobile_app"
R01778,P023,Mohan Raj,Salem,Tamil Nadu,2026-02-20,6.2,85.8,6.6,1.4,No,"Indian home-care observation | Mohan Raj | Salem, Tamil Nadu | Source: mobile_app"
R01779,P039,Imran Khan,Bhopal,Madhya Pradesh,2026-02-11,7.7,78.8,7.5,1.8,No,"Indian home-care observation | Imran Khan | Bhopal, Madhya Pradesh | Source: tablet_kiosk"
R01780,P030,Nandini Shetty,Mangaluru,Karnataka,2026-02-12,8.2,76.9,,2.3,No,"Indian home-care observation | Nandini Shetty | Mangaluru, Karnataka | Source: tablet_kiosk"
R01781,P035,Prakash Patil,Nashik,Maharashtra,2026-02-28,6.4,83.0,6.3,1.5,No,"Indian home-care observation | Prakash Patil | Nashik, Maharashtra | Source: mobile_app"
R01782,P038,Janani Murugan,Erode,Tamil Nadu,2026-02-03,8.7,73.2,6.1,2.6,No,"Indian home-care observation | Janani Murugan | Erode, Tamil Nadu | Source: wearable_sync"
R01783,P031,Ashok Yadav,Kanpur,Uttar Pradesh,2026-02-14,7.3,54.6,6.7,1.0,No,"Indian home-care observation | Ashok Yadav | Kanpur, Uttar Pradesh | Source: mobile_app"
R01784,P020,Pooja Shah,Surat,Gujarat,2026-02-17,6.1,78.6,,3.9,No,"Indian home-care observation | Pooja Shah | Surat, Gujarat | Source: phone_checkin"
R01785,P014,Sneha Joshi,Pune,Maharashtra,2026-02-08,7.5,74.1,5.5,1.7,No,"Indian home-care observation | Sneha Joshi | Pune, Maharashtra | Source: phone_checkin"
R01786,P009,Sanjay Kumar,Jaipur,Rajasthan,2026-02-07,7.9,,6.4,2.6,No,"Indian home-care observation | Sanjay Kumar | Jaipur, Rajasthan | Source: phone_checkin"
R01787,P029,Gopal Krishnan,Madurai,Tamil Nadu,2026-02-14,6.8,85.4,7.0,2.2,No,"Indian home-care observation | Gopal Krishnan | Madurai, Tamil Nadu | Source: tablet_kiosk"
R01788,P019,Deepak Verma,Chandigarh,Chandigarh,2026-02-15,9.8,73.8,6.4,4.5,No,"Indian home-care observation | Deepak Verma | Chandigarh, Chandigarh | Source: mobile_app"
R01789,P021,Ajay Menon,Kozhikode,Kerala,2026-02-07,6.3,83.6,7.5,1.4,No,"Indian home-care observation | Ajay Menon | Kozhikode, Kerala | Source: phone_checkin"
R01790,P021,Ajay Menon,Kozhikode,Kerala,2026-02-08,6.1,88.7,4.8,2.1,No,"Indian home-care observation | Ajay Menon | Kozhikode, Kerala | Source: phone_checkin"
R01791,P019,Deepak Verma,Chandigarh,Chandigarh,2026-02-16,8.4,69.5,6.6,2.6,No,"Indian home-care observation | Deepak Verma | Chandigarh, Chandigarh | Source: phone_checkin"
R01792,P040,Deepa Thomas,Thrissur,Kerala,2026-02-05,,,,0.0,No,"Indian home-care observation | Deepa Thomas | Thrissur, Kerala | Source: wearable_sync"
R01793,P008,Lakshmi Rao,Vijayawada,Andhra Pradesh,2026-02-09,7.0,70.4,6.0,1.3,No,"Indian home-care observation | Lakshmi Rao | Vijayawada, Andhra Pradesh | Source: mobile_app"
R01794,P014,Sneha Joshi,Pune,Maharashtra,2026-02-09,7.9,77.9,7.0,2.1,No,"Indian home-care observation | Sneha Joshi | Pune, Maharashtra | Source: tablet_kiosk"
R01795,P030,Nandini Shetty,Mangaluru,Karnataka,2026-02-13,7.5,62.1,4.1,1.6,No,"Indian home-care observation | Nandini Shetty | Mangaluru, Karnataka | Source: mobile_app"
R01796,P032,Bhavana R,Bengaluru,Karnataka,2026-02-21,8.0,91.1,9.4,4.2,No,"Indian home-care observation | Bhavana R | Bengaluru, Karnataka | Source: mobile_app"
R01797,P023,Mohan Raj,Salem,Tamil Nadu,2026-02-21,6.8,95.1,6.5,3.1,No,"Indian home-care observation | Mohan Raj | Salem, Tamil Nadu | Source: mobile_app"
R01798,P027,Aditya Kulkarni,Nagpur,Maharashtra,2026-02-13,6.7,80.5,9.5,2.5,No,"Indian home-care observation | Aditya Kulkarni | Nagpur, Maharashtra | Source: mobile_app"
R01799,P001,Arjun Mehta,Chennai,Tamil Nadu,2026-02-10,8.2,75.0,7.5,2.8,No,"Indian home-care observation | Arjun Mehta | Chennai, Tamil Nadu | Source: wearable_sync"
R01800,P013,Manoj Gupta,Lucknow,Uttar Pradesh,2026-02-12,8.5,83.6,7.4,2.6,No,"Indian home-care observation | Manoj Gupta | Lucknow, Uttar Pradesh | Source: mobile_app"
R01801,P039,Imran Khan,Bhopal,Madhya Pradesh,2026-02-12,7.4,78.0,7.2,1.9,No,"Indian home-care observation | Imran Khan | Bhopal, Madhya Pradesh | Source: tablet_kiosk"
R01802,P026,Keerthana S,Tiruchirappalli,Tamil Nadu,2026-02-19,7.3,88.1,6.0,2.4,No,"Indian home-care observation | Keerthana S | Tiruchirappalli, Tamil Nadu | Source: wearable_sync"
R01803,P010,Divya Patel,Ahmedabad,Gujarat,2026-02-19,5.9,54.6,5.7,2.2,No,"Indian home-care observation | Divya Patel | Ahmedabad, Gujarat | Source: phone_checkin"
R01804,P008,Lakshmi Rao,Vijayawada,Andhra Pradesh,2026-02-10,6.8,67.8,6.0,2.6,No,"Indian home-care observation | Lakshmi Rao | Vijayawada, Andhra Pradesh | Source: phone_checkin"
R01805,P019,Deepak Verma,Chandigarh,Chandigarh,2026-02-17,9.0,77.1,6.4,3.2,No,"Indian home-care observation | Deepak Verma | Chandigarh, Chandigarh | Source: wearable_sync"
R01806,P036,Sowmya N,Hyderabad,Telangana,2026-02-12,7.8,86.9,7.4,1.0,No,"Indian home-care observation | Sowmya N | Hyderabad, Telangana | Source: wearable_sync"
R01807,P002,Priya Nair,Kochi,Kerala,2026-02-17,7.4,77.7,3.9,1.7,No,"Indian home-care observation | Priya Nair | Kochi, Kerala | Source: tablet_kiosk"
R01808,P037,Ramesh Chandran,Puducherry,Puducherry,2026-02-26,6.5,86.2,6.0,1.4,No,"Indian home-care observation | Ramesh Chandran | Puducherry, Puducherry | Source: phone_checkin"
R01809,P034,Madhuri Naik,Panaji,Goa,2026-02-07,,93.9,,1.8,No,"Indian home-care observation | Madhuri Naik | Panaji, Goa | Source: tablet_kiosk"
R01810,P038,Janani Murugan,Erode,Tamil Nadu,2026-02-04,8.1,79.7,7.3,2.5,No,"Indian home-care observation | Janani Murugan | Erode, Tamil Nadu | Source: phone_checkin"
R01811,P024,Neha Kapoor,New Delhi,Delhi,2026-02-26,6.4,89.1,,1.5,No,"Indian home-care observation | Neha Kapoor | New Delhi, Delhi | Source: wearable_sync"
R01812,P013,Manoj Gupta,Lucknow,Uttar Pradesh,2026-02-13,7.2,80.6,7.0,3.2,No,"Indian home-care observation | Manoj Gupta | Lucknow, Uttar Pradesh | Source: PHONE_CHECKIN"
R01813,P023,Mohan Raj,Salem,Tamil Nadu,2026-02-22,6.4,94.3,7.2,1.1,No,"Indian home-care observation | Mohan Raj | Salem, Tamil Nadu | Source: phone_checkin"
R01814,P004,Ananya Iyer,Bengaluru,Karnataka,2026-03-02,6.8,60.9,5.0,0.5,No,"Indian home-care observation | Ananya Iyer | Bengaluru, Karnataka | Source: mobile_app"
R01815,P016,Aishwarya Pillai,Kollam,Kerala,2026-02-10,7.3,85.5,8.7,2.1,No,"Indian home-care observation | Aishwarya Pillai | Kollam, Kerala | Source: tablet_kiosk"
R01816,P009,Sanjay Kumar,Jaipur,Rajasthan,2026-02-08,,76.9,7.4,2.2,No,"Indian home-care observation | Sanjay Kumar | Jaipur, Rajasthan | Source: mobile_app"
R01817,P022,Shreya Das,Bhubaneswar,Odisha,2026-02-10,8.1,73.1,5.2,2.2,No,"Indian home-care observation | Shreya Das | Bhubaneswar, Odisha | Source: tablet_kiosk"
R01818,P030,Nandini Shetty,Mangaluru,Karnataka,2026-02-14,7.2,71.4,3.4,0.8,No,"Indian home-care observation | Nandini Shetty | Mangaluru, Karnataka | Source: phone_checkin"
R01819,P011,Rohan Das,Kolkata,West Bengal,2026-02-18,6.0,78.1,6.4,2.7,No,"Indian home-care observation | Rohan Das | Kolkata, West Bengal | Source: phone_checkin"
R01820,P029,Gopal Krishnan,Madurai,Tamil Nadu,2026-02-15,,84.2,7.0,3.8,No,"Indian home-care observation | Gopal Krishnan | Madurai, Tamil Nadu | Source: wearable_sync"
R01821,P026,Keerthana S,Tiruchirappalli,Tamil Nadu,2026-02-20,7.3,84.5,6.2,2.0,No,"Indian home-care observation | Keerthana S | Tiruchirappalli, Tamil Nadu | Source: mobile_app"
R01822,P037,Ramesh Chandran,Puducherry,Puducherry,2026-02-27,6.8,92.9,6.9,2.2,No,"Indian home-care observation | Ramesh Chandran | Puducherry, Puducherry | Source: tablet_kiosk"
R01823,P008,Lakshmi Rao,Vijayawada,Andhra Pradesh,2026-02-11,5.6,66.3,,2.2,No,"Indian home-care observation | Lakshmi Rao | Vijayawada, Andhra Pradesh | Source: wearable_sync"
R01824,P016,Aishwarya Pillai,Kollam,Kerala,2026-02-11,7.1,93.9,8.7,2.7,No,"Indian home-care observation | Aishwarya Pillai | Kollam, Kerala | Source: mobile_app"
R01825,P031,Ashok Yadav,Kanpur,Uttar Pradesh,2026-02-15,7.2,46.8,6.4,0.7,No,"Indian home-care observation | Ashok Yadav | Kanpur, Uttar Pradesh | Source: phone_checkin"
R01826,P003,Rahul Sharma,Delhi,Delhi,2026-02-06,6.8,68.0,,3.0,No,"Indian home-care observation | Rahul Sharma | Delhi, Delhi | Source: mobile_app"
R01827,P002,Priya Nair,Kochi,Kerala,2026-02-18,8.8,77.6,6.1,,No,"Indian home-care observation | Priya Nair | Kochi, Kerala | Source: mobile_app"
R01828,P019,Deepak Verma,Chandigarh,Chandigarh,2026-02-18,8.3,79.2,,2.1,No,"Indian home-care observation | Deepak Verma | Chandigarh, Chandigarh | Source: nan"
R01829,P002,Priya Nair,Kochi,Kerala,2026-02-19,,79.8,5.1,0.4,No,"Indian home-care observation | Priya Nair | Kochi, Kerala | Source: tablet_kiosk"
R01830,P022,Shreya Das,Bhubaneswar,Odisha,2026-02-11,7.6,72.8,4.6,,No,"Indian home-care observation | Shreya Das | Bhubaneswar, Odisha | Source: phone_checkin"
R01831,P020,Pooja Shah,Surat,Gujarat,2026-02-18,5.8,86.8,5.9,2.2,No,"Indian home-care observation | Pooja Shah | Surat, Gujarat | Source: nan"
R01832,P016,Aishwarya Pillai,Kollam,Kerala,2026-02-12,7.2,83.7,8.5,3.6,No,"Indian home-care observation | Aishwarya Pillai | Kollam, Kerala | Source: wearable_sync"
R01833,P003,Rahul Sharma,Delhi,Delhi,2026-02-07,8.2,81.3,8.3,,No,"Indian home-care observation | Rahul Sharma | Delhi, Delhi | Source: phone_checkin"
R01834,P020,Pooja Shah,Surat,Gujarat,2026-02-19,6.6,76.5,5.2,1.3,No,"Indian home-care observation | Pooja Shah | Surat, Gujarat | Source: mobile_app"
R01835,P009,Sanjay Kumar,Jaipur,Rajasthan,2026-02-09,7.7,83.1,6.7,0.7,No,"Indian home-care observation | Sanjay Kumar | Jaipur, Rajasthan | Source: wearable_sync"
R01836,P025,Ravi Prasad,Patna,Bihar,2026-02-04,7.1,79.9,,2.4,No,"Indian home-care observation | Ravi Prasad | Patna, Bihar | Source: tablet_kiosk"
R01837,P019,Deepak Verma,Chandigarh,Chandigarh,2026-02-19,9.0,75.5,5.8,2.9,No,"Indian home-care observation | Deepak Verma | Chandigarh, Chandigarh | Source: MOBILE_APP"
R01838,P001,Arjun Mehta,Chennai,Tamil Nadu,2026-02-11,8.4,78.3,7.5,2.5,No,"Indian home-care observation | Arjun Mehta | Chennai, Tamil Nadu | Source: wearable_sync"
R01839,P040,Deepa Thomas,Thrissur,Kerala,2026-02-06,7.1,97.2,6.2,2.1,Yes,"Indian home-care observation | Deepa Thomas | Thrissur, Kerala | Source: mobile_app"
R01840,P005,Vikram Singh,Mumbai,Maharashtra,2026-02-11,9.2,86.2,7.7,3.9,No,"Indian home-care observation | Vikram Singh | Mumbai, Maharashtra | Source: mobile_app"
R01841,P001,Arjun Mehta,Chennai,Tamil Nadu,2026-02-12,8.5,71.3,6.0,2.3,No,"Indian home-care observation | Arjun Mehta | Chennai, Tamil Nadu | Source: mobile_app"
R01842,P015,Suresh Babu,Madurai,Tamil Nadu,2026-02-24,9.6,67.6,6.0,2.1,No,"Indian home-care observation | Suresh Babu | Madurai, Tamil Nadu | Source: wearable_sync"
R01843,P030,Nandini Shetty,Mangaluru,Karnataka,2026-02-15,5.8,62.9,2.7,0.5,No,"Indian home-care observation | Nandini Shetty | Mangaluru, Karnataka | Source: phone_checkin"
R01844,P017,Naveen Kumar,Mysuru,Karnataka,2026-02-03,7.9,88.4,7.5,2.2,No,"Indian home-care observation | Naveen Kumar | Mysuru, Karnataka | Source: tablet_kiosk"
R01845,P013,Manoj Gupta,Lucknow,Uttar Pradesh,2026-02-14,8.2,80.0,6.0,3.2,No,"Indian home-care observation | Manoj Gupta | Lucknow, Uttar Pradesh | Source: mobile_app"
R01846,P013,Manoj Gupta,Lucknow,Uttar Pradesh,2026-02-15,8.0,91.3,7.0,1.7,No,"Indian home-care observation | Manoj Gupta | Lucknow, Uttar Pradesh | Source: mobile_app"
R01847,P021,Ajay Menon,Kozhikode,Kerala,2026-02-09,8.5,77.8,5.2,2.8,No,"Indian home-care observation | Ajay Menon | Kozhikode, Kerala | Source: phone_checkin"
R01848,P033,Ganesh Iyer,Chennai,Tamil Nadu,2026-02-14,7.0,81.0,7.1,4.1,No,"Indian home-care observation | Ganesh Iyer | Chennai, Tamil Nadu | Source: phone_checkin"
R01849,P030,Nandini Shetty,Mangaluru,Karnataka,2026-02-16,7.1,69.8,4.2,0.7,No,"Indian home-care observation | Nandini Shetty | Mangaluru, Karnataka | Source: mobile_app"
R01850,P024,Neha Kapoor,New Delhi,Delhi,2026-02-27,6.5,100.0,,0.0,No,"Indian home-care observation | Neha Kapoor | New Delhi, Delhi | Source: mobile_app"
R01851,P023,Mohan Raj,Salem,Tamil Nadu,2026-02-23,6.5,89.9,7.7,2.8,No,"Indian home-care observation | Mohan Raj | Salem, Tamil Nadu | Source: wearable_sync"
R01852,P005,Vikram Singh,Mumbai,Maharashtra,2026-02-12,8.7,83.8,7.5,1.8,No,"Indian home-care observation | Vikram Singh | Mumbai, Maharashtra | Source: tablet_kiosk"
R01853,P001,Arjun Mehta,Chennai,Tamil Nadu,2026-02-13,7.6,69.4,7.6,1.4,No,"Indian home-care observation | Arjun Mehta | Chennai, Tamil Nadu | Source: phone_checkin"
R01854,P015,Suresh Babu,Madurai,Tamil Nadu,2026-02-25,9.1,73.1,,1.6,No,"Indian home-care observation | Suresh Babu | Madurai, Tamil Nadu | Source: phone_checkin"
R01855,P029,Gopal Krishnan,Madurai,Tamil Nadu,2026-02-16,7.3,82.5,6.8,2.5,No,"Indian home-care observation | Gopal Krishnan | Madurai, Tamil Nadu | Source: wearable_sync"
R01856,P034,Madhuri Naik,Panaji,Goa,2026-02-08,8.0,90.3,5.8,3.5,No,"Indian home-care observation | Madhuri Naik | Panaji, Goa | Source: mobile_app"
R01857,P031,Ashok Yadav,Kanpur,Uttar Pradesh,2026-02-16,8.0,58.9,6.7,1.6,No,"Indian home-care observation | Ashok Yadav | Kanpur, Uttar Pradesh | Source: phone_checkin"
R01858,P025,Ravi Prasad,Patna,Bihar,2026-02-05,7.4,79.0,9.4,4.3,No,"Indian home-care observation | Ravi Prasad | Patna, Bihar | Source: wearable_sync"
R01859,P028,Swathi Rao,Visakhapatnam,Andhra Pradesh,2026-02-24,7.1,90.2,7.2,2.7,No,"Indian home-care observation | Swathi Rao | Visakhapatnam, Andhra Pradesh | Source: wearable_sync"
R01860,P036,Sowmya N,Hyderabad,Telangana,2026-02-13,7.8,87.7,7.4,3.1,No,"Indian home-care observation | Sowmya N | Hyderabad, Telangana | Source: mobile_app"
R01861,P013,Manoj Gupta,Lucknow,Uttar Pradesh,2026-02-16,7.8,88.9,7.0,2.1,No,"Indian home-care observation | Manoj Gupta | Lucknow, Uttar Pradesh | Source: phone_checkin"
R01862,P032,Bhavana R,Bengaluru,Karnataka,2026-02-22,7.9,95.6,8.0,3.9,No,"Indian home-care observation | Bhavana R | Bengaluru, Karnataka | Source: phone_checkin"
R01863,P007,Karthik Reddy,Hyderabad,Telangana,2026-02-22,7.9,,6.2,3.3,No,"Indian home-care observation | Karthik Reddy | Hyderabad, Telangana | Source: phone_checkin"
R01864,P036,Sowmya N,Hyderabad,Telangana,2026-02-14,8.2,91.7,7.9,3.2,No,"Indian home-care observation | Sowmya N | Hyderabad, Telangana | Source: phone_checkin"
R01865,P013,Manoj Gupta,Lucknow,Uttar Pradesh,2026-02-17,8.1,85.0,6.7,0.4,No,"Indian home-care observation | Manoj Gupta | Lucknow, Uttar Pradesh | Source: mobile_app"
R01866,P014,Sneha Joshi,Pune,Maharashtra,2026-02-10,6.3,60.9,4.8,1.4,No,"Indian home-care observation | Sneha Joshi | Pune, Maharashtra | Source: phone_checkin"
R01867,P022,Shreya Das,Bhubaneswar,Odisha,2026-02-12,7.5,,,2.0,No,"Indian home-care observation | Shreya Das | Bhubaneswar, Odisha | Source: phone_checkin"
R01868,P025,Ravi Prasad,Patna,Bihar,2026-02-06,7.5,71.7,9.2,1.1,No,"Indian home-care observation | Ravi Prasad | Patna, Bihar | Source: wearable_sync"
R01869,P009,Sanjay Kumar,Jaipur,Rajasthan,2026-02-10,7.5,76.5,7.7,2.8,No,"Indian home-care observation | Sanjay Kumar | Jaipur, Rajasthan | Source: phone_checkin"
R01870,P014,Sneha Joshi,Pune,Maharashtra,2026-02-11,7.7,73.8,6.3,1.2,Yes,"Indian home-care observation | Sneha Joshi | Pune, Maharashtra | Source: wearable_sync"
R01871,P039,Imran Khan,Bhopal,Madhya Pradesh,2026-02-13,,73.0,8.8,4.2,No,"Indian home-care observation | Imran Khan | Bhopal, Madhya Pradesh | Source: mobile_app"
R01872,P017,Naveen Kumar,Mysuru,Karnataka,2026-02-04,8.2,80.5,6.7,1.5,No,"Indian home-care observation | Naveen Kumar | Mysuru, Karnataka | Source: tablet_kiosk"
R01873,P022,Shreya Das,Bhubaneswar,Odisha,2026-02-13,7.8,,4.7,2.9,No,"Indian home-care observation | Shreya Das | Bhubaneswar, Odisha | Source: mobile_app"
R01874,P014,Sneha Joshi,Pune,Maharashtra,2026-02-12,7.7,93.3,7.4,1.2,No,"Indian home-care observation | Sneha Joshi | Pune, Maharashtra | Source: phone_checkin"
R01875,P031,Ashok Yadav,Kanpur,Uttar Pradesh,2026-02-17,6.6,57.0,4.8,0.2,No,"Indian home-care observation | Ashok Yadav | Kanpur, Uttar Pradesh | Source: wearable_sync"
R01876,P018,Harini Reddy,Warangal,Telangana,2026-02-13,7.4,90.0,6.1,2.5,No,"Indian home-care observation | Harini Reddy | Warangal, Telangana | Source: wearable_sync"
R01877,P037,Ramesh Chandran,Puducherry,Puducherry,2026-02-28,7.4,86.5,7.8,2.7,No,"Indian home-care observation | Ramesh Chandran | Puducherry, Puducherry | Source: wearable_sync"
R01878,P004,Ananya Iyer,Bengaluru,Karnataka,2026-03-03,7.8,80.3,7.8,2.2,No,"Indian home-care observation | Ananya Iyer | Bengaluru, Karnataka | Source: tablet_kiosk"
R01879,P005,Vikram Singh,Mumbai,Maharashtra,2026-02-13,9.0,86.6,6.6,2.3,No,"Indian home-care observation | Vikram Singh | Mumbai, Maharashtra | Source: wearable_sync"
R01880,P011,Rohan Das,Kolkata,West Bengal,2026-02-19,6.4,76.4,6.4,1.6,No,"Indian home-care observation | Rohan Das | Kolkata, West Bengal | Source: mobile_app"
R01881,P017,Naveen Kumar,Mysuru,Karnataka,2026-02-05,7.5,,6.5,2.9,No,"Indian home-care observation | Naveen Kumar | Mysuru, Karnataka | Source: mobile_app"
R01882,P040,Deepa Thomas,Thrissur,Kerala,2026-02-07,5.8,79.0,4.2,1.6,No,"Indian home-care observation | Deepa Thomas | Thrissur, Kerala | Source: nan"
R01883,P008,Lakshmi Rao,Vijayawada,Andhra Pradesh,2026-02-12,,79.0,6.4,3.8,No,"Indian home-care observation | Lakshmi Rao | Vijayawada, Andhra Pradesh | Source: wearable_sync"
R01884,P014,Sneha Joshi,Pune,Maharashtra,2026-02-13,8.7,91.9,,2.7,No,"Indian home-care observation | Sneha Joshi | Pune, Maharashtra | Source: nan"
R01885,P040,Deepa Thomas,Thrissur,Kerala,2026-02-08,7.7,91.5,6.0,1.1,No,"Indian home-care observation | Deepa Thomas | Thrissur, Kerala | Source: phone_checkin"
R01886,P024,Neha Kapoor,New Delhi,Delhi,2026-02-28,,81.3,6.7,1.6,No,"Indian home-care observation | Neha Kapoor | New Delhi, Delhi | Source: MOBILE_APP"
R01887,P040,Deepa Thomas,Thrissur,Kerala,2026-02-09,5.6,89.3,4.9,0.2,No,"Indian home-care observation | Deepa Thomas | Thrissur, Kerala | Source: tablet_kiosk"
R01888,P011,Rohan Das,Kolkata,West Bengal,2026-02-20,6.1,71.5,7.1,1.9,Yes,"Indian home-care observation | Rohan Das | Kolkata, West Bengal | Source: tablet_kiosk"
R01889,P017,Naveen Kumar,Mysuru,Karnataka,2026-02-06,,78.2,,1.8,No,"Indian home-care observation | Naveen Kumar | Mysuru, Karnataka | Source: mobile_app"
R01890,P035,Prakash Patil,Nashik,Maharashtra,2026-03-01,6.4,63.9,6.7,2.1,No,"Indian home-care observation | Prakash Patil | Nashik, Maharashtra | Source: wearable_sync"
R01891,P014,Sneha Joshi,Pune,Maharashtra,2026-02-14,7.9,83.2,,3.2,No,"Indian home-care observation | Sneha Joshi | Pune, Maharashtra | Source: mobile_app"
R01892,P023,Mohan Raj,Salem,Tamil Nadu,2026-02-24,7.6,100.0,6.6,,No,"Indian home-care observation | Mohan Raj | Salem, Tamil Nadu | Source: mobile_app"
R01893,P013,Manoj Gupta,Lucknow,Uttar Pradesh,2026-02-18,8.3,,6.6,1.9,No,"Indian home-care observation | Manoj Gupta | Lucknow, Uttar Pradesh | Source: tablet_kiosk"
R01894,P005,Vikram Singh,Mumbai,Maharashtra,2026-02-14,9.3,77.9,7.5,1.6,No,"Indian home-care observation | Vikram Singh | Mumbai, Maharashtra | Source: phone_checkin"
R01895,P013,Manoj Gupta,Lucknow,Uttar Pradesh,2026-02-19,,,5.0,2.4,No,"Indian home-care observation | Manoj Gupta | Lucknow, Uttar Pradesh | Source: tablet_kiosk"
R01896,P018,Harini Reddy,Warangal,Telangana,2026-02-14,,77.1,7.5,1.6,No,"Indian home-care observation | Harini Reddy | Warangal, Telangana | Source: wearable_sync"
R01897,P032,Bhavana R,Bengaluru,Karnataka,2026-02-23,7.7,,,3.2,No,"Indian home-care observation | Bhavana R | Bengaluru, Karnataka | Source: phone_checkin"
R01898,P033,Ganesh Iyer,Chennai,Tamil Nadu,2026-02-15,7.4,82.4,7.0,3.1,No,"Indian home-care observation | Ganesh Iyer | Chennai, Tamil Nadu | Source: wearable_sync"
R01899,P026,Keerthana S,Tiruchirappalli,Tamil Nadu,2026-02-21,6.9,78.0,5.1,1.8,No,"Indian home-care observation | Keerthana S | Tiruchirappalli, Tamil Nadu | Source: wearable_sync"
R01900,P009,Sanjay Kumar,Jaipur,Rajasthan,2026-02-11,7.2,81.1,7.4,,No,"Indian home-care observation | Sanjay Kumar | Jaipur, Rajasthan | Source: mobile_app"
R01901,P009,Sanjay Kumar,Jaipur,Rajasthan,2026-02-12,7.5,76.3,7.2,1.1,No,"Indian home-care observation | Sanjay Kumar | Jaipur, Rajasthan | Source: wearable_sync"
R01902,P031,Ashok Yadav,Kanpur,Uttar Pradesh,2026-02-18,7.9,83.5,7.9,1.4,No,"Indian home-care observation | Ashok Yadav | Kanpur, Uttar Pradesh | Source: mobile_app"
R01903,P022,Shreya Das,Bhubaneswar,Odisha,2026-02-14,8.2,71.6,3.9,,No,"Indian home-care observation | Shreya Das | Bhubaneswar, Odisha | Source: wearable_sync"
R01904,P005,Vikram Singh,Mumbai,Maharashtra,2026-02-15,9.0,78.1,,3.0,No,"Indian home-care observation | Vikram Singh | Mumbai, Maharashtra | Source: wearable_sync"
R01905,P003,Rahul Sharma,Delhi,Delhi,2026-02-08,8.1,82.9,6.1,1.7,No,"Indian home-care observation | Rahul Sharma | Delhi, Delhi | Source: phone_checkin"
R01906,P033,Ganesh Iyer,Chennai,Tamil Nadu,2026-02-16,7.5,86.9,7.1,2.8,No,"Indian home-care observation | Ganesh Iyer | Chennai, Tamil Nadu | Source: tablet_kiosk"
R01907,P012,Kavya Menon,Thiruvananthapuram,Kerala,2026-02-09,6.9,95.7,7.8,1.4,No,"Indian home-care observation | Kavya Menon | Thiruvananthapuram, Kerala | Source: wearable_sync"
R01908,P004,Ananya Iyer,Bengaluru,Karnataka,2026-03-04,8.1,69.7,7.1,1.3,No,"Indian home-care observation | Ananya Iyer | Bengaluru, Karnataka | Source: phone_checkin"
R01909,P032,Bhavana R,Bengaluru,Karnataka,2026-02-24,6.9,,8.0,2.1,No,"Indian home-care observation | Bhavana R | Bengaluru, Karnataka | Source: wearable_sync"
R01910,P006,Meena Krishnan,Coimbatore,Tamil Nadu,2026-02-27,5.6,96.3,6.2,3.1,No,"Indian home-care observation | Meena Krishnan | Coimbatore, Tamil Nadu | Source: wearable_sync"
R01911,P036,Sowmya N,Hyderabad,Telangana,2026-02-15,8.8,89.0,7.1,2.7,No,"Indian home-care observation | Sowmya N | Hyderabad, Telangana | Source: phone_checkin"
R01912,P025,Ravi Prasad,Patna,Bihar,2026-02-07,7.2,,9.9,1.2,No,"Indian home-care observation | Ravi Prasad | Patna, Bihar | Source: tablet_kiosk"
R01913,P024,Neha Kapoor,New Delhi,Delhi,2026-03-01,7.3,96.0,6.5,3.1,No,"Indian home-care observation | Neha Kapoor | New Delhi, Delhi | Source: tablet_kiosk"
R01914,P010,Divya Patel,Ahmedabad,Gujarat,2026-02-20,6.2,69.3,7.5,2.2,No,"Indian home-care observation | Divya Patel | Ahmedabad, Gujarat | Source: wearable_sync"
R01915,P017,Naveen Kumar,Mysuru,Karnataka,2026-02-07,7.5,78.2,6.8,2.8,No,"Indian home-care observation | Naveen Kumar | Mysuru, Karnataka | Source: wearable_sync"
R01916,P030,Nandini Shetty,Mangaluru,Karnataka,2026-02-17,5.5,62.5,3.1,0.3,No,"Indian home-care observation | Nandini Shetty | Mangaluru, Karnataka | Source: tablet_kiosk"
R01917,P024,Neha Kapoor,New Delhi,Delhi,2026-03-02,7.2,95.2,10.0,3.7,No,"Indian home-care observation | Neha Kapoor | New Delhi, Delhi | Source: wearable_sync"
R01918,P029,Gopal Krishnan,Madurai,Tamil Nadu,2026-02-17,8.1,80.7,6.7,1.7,No,"Indian home-care observation | Gopal Krishnan | Madurai, Tamil Nadu | Source: tablet_kiosk"
R01919,P030,Nandini Shetty,Mangaluru,Karnataka,2026-02-18,5.8,58.1,1.8,1.7,No,"Indian home-care observation | Nandini Shetty | Mangaluru, Karnataka | Source: phone_checkin"
R01920,P012,Kavya Menon,Thiruvananthapuram,Kerala,2026-02-10,,89.5,8.6,2.3,No,"Indian home-care observation | Kavya Menon | Thiruvananthapuram, Kerala | Source: phone_checkin"
R01921,P030,Nandini Shetty,Mangaluru,Karnataka,2026-02-19,7.3,63.8,3.8,1.8,No,"Indian home-care observation | Nandini Shetty | Mangaluru, Karnataka | Source: tablet_kiosk"
R01922,P035,Prakash Patil,Nashik,Maharashtra,2026-03-02,7.6,79.1,7.1,1.9,No,"Indian home-care observation | Prakash Patil | Nashik, Maharashtra | Source: nan"
R01923,P035,Prakash Patil,Nashik,Maharashtra,2026-03-03,6.2,65.1,6.7,2.7,No,"Indian home-care observation | Prakash Patil | Nashik, Maharashtra | Source: wearable_sync"
R01924,P012,Kavya Menon,Thiruvananthapuram,Kerala,2026-02-11,7.1,85.8,9.4,3.8,No,"Indian home-care observation | Kavya Menon | Thiruvananthapuram, Kerala | Source: phone_checkin"
R01925,P033,Ganesh Iyer,Chennai,Tamil Nadu,2026-02-17,7.8,83.3,,0.2,No,"Indian home-care observation | Ganesh Iyer | Chennai, Tamil Nadu | Source: tablet_kiosk"
R01926,P024,Neha Kapoor,New Delhi,Delhi,2026-03-03,8.2,81.0,,3.1,No,"Indian home-care observation | Neha Kapoor | New Delhi, Delhi | Source: mobile_app"
R01927,P015,Suresh Babu,Madurai,Tamil Nadu,2026-02-26,10.0,76.9,6.7,3.2,No,"Indian home-care observation | Suresh Babu | Madurai, Tamil Nadu | Source: phone_checkin"
R01928,P014,Sneha Joshi,Pune,Maharashtra,2026-02-15,7.9,88.0,5.0,3.8,No,"Indian home-care observation | Sneha Joshi | Pune, Maharashtra | Source: tablet_kiosk"
R01929,P017,Naveen Kumar,Mysuru,Karnataka,2026-02-08,7.8,74.0,7.2,2.2,No,"Indian home-care observation | Naveen Kumar | Mysuru, Karnataka | Source: phone_checkin"
R01930,P018,Harini Reddy,Warangal,Telangana,2026-02-15,8.2,85.4,7.2,1.6,No,"Indian home-care observation | Harini Reddy | Warangal, Telangana | Source: tablet_kiosk"
R01931,P002,Priya Nair,Kochi,Kerala,2026-02-20,7.5,83.5,6.6,2.1,No,"Indian home-care observation | Priya Nair | Kochi, Kerala | Source: phone_checkin"
R01932,P027,Aditya Kulkarni,Nagpur,Maharashtra,2026-02-14,6.1,80.9,8.1,3.1,No,"Indian home-care observation | Aditya Kulkarni | Nagpur, Maharashtra | Source: mobile_app"
R01933,P001,Arjun Mehta,Chennai,Tamil Nadu,2026-02-14,8.2,75.4,6.8,2.8,No,"Indian home-care observation | Arjun Mehta | Chennai, Tamil Nadu | Source: PHONE_CHECKIN"
R01934,P019,Deepak Verma,Chandigarh,Chandigarh,2026-02-20,8.5,71.7,,1.7,No,"Indian home-care observation | Deepak Verma | Chandigarh, Chandigarh | Source: wearable_sync"
R01935,P001,Arjun Mehta,Chennai,Tamil Nadu,2026-02-15,,72.2,7.7,,No,"Indian home-care observation | Arjun Mehta | Chennai, Tamil Nadu | Source: mobile_app"
R01936,P031,Ashok Yadav,Kanpur,Uttar Pradesh,2026-02-19,9.2,73.0,7.8,2.8,No,"Indian home-care observation | Ashok Yadav | Kanpur, Uttar Pradesh | Source: mobile_app"
R01937,P025,Ravi Prasad,Patna,Bihar,2026-02-08,6.9,71.2,7.2,1.1,No,"Indian home-care observation | Ravi Prasad | Patna, Bihar | Source: mobile_app"
R01938,P003,Rahul Sharma,Delhi,Delhi,2026-02-09,8.1,93.3,8.3,3.7,No,"Indian home-care observation | Rahul Sharma | Delhi, Delhi | Source: tablet_kiosk"
R01939,P007,Karthik Reddy,Hyderabad,Telangana,2026-02-23,8.0,91.3,6.3,3.8,No,"Indian home-care observation | Karthik Reddy | Hyderabad, Telangana | Source: tablet_kiosk"
R01940,P029,Gopal Krishnan,Madurai,Tamil Nadu,2026-02-18,,87.0,6.6,0.8,No,"Indian home-care observation | Gopal Krishnan | Madurai, Tamil Nadu | Source: mobile_app"
R01941,P021,Ajay Menon,Kozhikode,Kerala,2026-02-10,7.9,77.3,,2.6,No,"Indian home-care observation | Ajay Menon | Kozhikode, Kerala | Source: nan"
R01942,P040,Deepa Thomas,Thrissur,Kerala,2026-02-10,6.5,92.4,5.9,1.7,No,"Indian home-care observation | Deepa Thomas | Thrissur, Kerala | Source: phone_checkin"
R01943,P033,Ganesh Iyer,Chennai,Tamil Nadu,2026-02-18,8.7,80.5,6.1,1.4,No,"Indian home-care observation | Ganesh Iyer | Chennai, Tamil Nadu | Source: mobile_app"
R01944,P012,Kavya Menon,Thiruvananthapuram,Kerala,2026-02-12,7.1,99.5,8.5,2.3,No,"Indian home-care observation | Kavya Menon | Thiruvananthapuram, Kerala | Source: wearable_sync"
R01945,P015,Suresh Babu,Madurai,Tamil Nadu,2026-02-27,9.3,65.0,6.5,0.5,No,"Indian home-care observation | Suresh Babu | Madurai, Tamil Nadu | Source: phone_checkin"
R01946,P010,Divya Patel,Ahmedabad,Gujarat,2026-02-21,6.5,66.1,7.5,1.9,No,"Indian home-care observation | Divya Patel | Ahmedabad, Gujarat | Source: mobile_app"
R01947,P012,Kavya Menon,Thiruvananthapuram,Kerala,2026-02-13,7.9,89.0,7.2,3.6,No,"Indian home-care observation | Kavya Menon | Thiruvananthapuram, Kerala | Source: mobile_app"
R01948,P004,Ananya Iyer,Bengaluru,Karnataka,2026-03-05,7.7,73.3,6.3,0.7,No,"Indian home-care observation | Ananya Iyer | Bengaluru, Karnataka | Source: mobile_app"
R01949,P026,Keerthana S,Tiruchirappalli,Tamil Nadu,2026-02-22,7.1,76.6,6.3,4.2,No,"Indian home-care observation | Keerthana S | Tiruchirappalli, Tamil Nadu | Source: phone_checkin"
R01950,P025,Ravi Prasad,Patna,Bihar,2026-02-09,7.6,80.6,8.3,,No,"Indian home-care observation | Ravi Prasad | Patna, Bihar | Source: tablet_kiosk"
R01951,P015,Suresh Babu,Madurai,Tamil Nadu,2026-02-28,9.7,74.6,7.1,1.9,No,"Indian home-care observation | Suresh Babu | Madurai, Tamil Nadu | Source: phone_checkin"
R01952,P020,Pooja Shah,Surat,Gujarat,2026-02-20,5.7,70.1,4.2,1.3,No,"Indian home-care observation | Pooja Shah | Surat, Gujarat | Source: tablet_kiosk"
R01953,P040,Deepa Thomas,Thrissur,Kerala,2026-02-11,5.7,89.0,4.6,1.8,No,"Indian home-care observation | Deepa Thomas | Thrissur, Kerala | Source: mobile_app"
R01954,P016,Aishwarya Pillai,Kollam,Kerala,2026-02-13,7.0,76.7,10.0,1.9,No,"Indian home-care observation | Aishwarya Pillai | Kollam, Kerala | Source: phone_checkin"
R01955,P013,Manoj Gupta,Lucknow,Uttar Pradesh,2026-02-20,8.0,92.7,6.5,2.1,No,"Indian home-care observation | Manoj Gupta | Lucknow, Uttar Pradesh | Source: wearable_sync"
R01956,P036,Sowmya N,Hyderabad,Telangana,2026-02-16,8.5,90.1,8.0,1.7,Yes,"Indian home-care observation | Sowmya N | Hyderabad, Telangana | Source: wearable_sync"
R01957,P023,Mohan Raj,Salem,Tamil Nadu,2026-02-25,6.8,91.1,,2.6,No,"Indian home-care observation | Mohan Raj | Salem, Tamil Nadu | Source: tablet_kiosk"
R01958,P014,Sneha Joshi,Pune,Maharashtra,2026-02-16,8.9,72.7,5.4,3.1,No,"Indian home-care observation | Sneha Joshi | Pune, Maharashtra | Source: mobile_app"
R01959,P003,Rahul Sharma,Delhi,Delhi,2026-02-10,7.6,72.4,6.8,2.4,No,"Indian home-care observation | Rahul Sharma | Delhi, Delhi | Source: phone_checkin"
R01960,P002,Priya Nair,Kochi,Kerala,2026-02-21,7.1,78.3,5.7,2.8,Yes,"Indian home-care observation | Priya Nair | Kochi, Kerala | Source: phone_checkin"
R01961,P030,Nandini Shetty,Mangaluru,Karnataka,2026-02-20,8.4,69.5,4.5,2.9,No,"Indian home-care observation | Nandini Shetty | Mangaluru, Karnataka | Source: phone_checkin"
R01962,P026,Keerthana S,Tiruchirappalli,Tamil Nadu,2026-02-23,6.5,80.0,6.8,1.8,No,"Indian home-care observation | Keerthana S | Tiruchirappalli, Tamil Nadu | Source: phone_checkin"
R01963,P009,Sanjay Kumar,Jaipur,Rajasthan,2026-02-13,7.0,79.8,6.6,3.1,No,"Indian home-care observation | Sanjay Kumar | Jaipur, Rajasthan | Source: wearable_sync"
R01964,P002,Priya Nair,Kochi,Kerala,2026-02-22,6.9,79.0,4.6,2.6,No,"Indian home-care observation | Priya Nair | Kochi, Kerala | Source: phone_checkin"
R01965,P032,Bhavana R,Bengaluru,Karnataka,2026-02-25,7.8,95.0,8.9,3.3,No,"Indian home-care observation | Bhavana R | Bengaluru, Karnataka | Source: mobile_app"
R01966,P035,Prakash Patil,Nashik,Maharashtra,2026-03-04,5.8,,6.8,0.9,No,"Indian home-care observation | Prakash Patil | Nashik, Maharashtra | Source: wearable_sync"
R01967,P035,Prakash Patil,Nashik,Maharashtra,2026-03-05,6.3,66.5,6.5,1.1,No,"Indian home-care observation | Prakash Patil | Nashik, Maharashtra | Source: mobile_app"
R01968,P005,Vikram Singh,Mumbai,Maharashtra,2026-02-16,8.8,77.7,,4.0,No,"Indian home-care observation | Vikram Singh | Mumbai, Maharashtra | Source: tablet_kiosk"
R01969,P038,Janani Murugan,Erode,Tamil Nadu,2026-02-05,7.9,76.3,6.0,3.1,No,"Indian home-care observation | Janani Murugan | Erode, Tamil Nadu | Source: tablet_kiosk"
R01970,P024,Neha Kapoor,New Delhi,Delhi,2026-03-04,6.4,91.4,8.1,1.8,No,"Indian home-care observation | Neha Kapoor | New Delhi, Delhi | Source: wearable_sync"
R01971,P034,Madhuri Naik,Panaji,Goa,2026-02-09,7.8,88.1,4.9,2.1,No,"Indian home-care observation | Madhuri Naik | Panaji, Goa | Source: mobile_app"
R01972,P025,Ravi Prasad,Patna,Bihar,2026-02-10,8.6,,7.1,4.4,No,"Indian home-care observation | Ravi Prasad | Patna, Bihar | Source: phone_checkin"
R01973,P012,Kavya Menon,Thiruvananthapuram,Kerala,2026-02-14,8.0,98.7,8.9,2.1,No,"Indian home-care observation | Kavya Menon | Thiruvananthapuram, Kerala | Source: nan"
R01974,P015,Suresh Babu,Madurai,Tamil Nadu,2026-03-01,10.0,72.1,6.6,3.2,No,"Indian home-care observation | Suresh Babu | Madurai, Tamil Nadu | Source: wearable_sync"
R01975,P005,Vikram Singh,Mumbai,Maharashtra,2026-02-17,9.3,84.4,7.6,,No,"Indian home-care observation | Vikram Singh | Mumbai, Maharashtra | Source: mobile_app"
R01976,P010,Divya Patel,Ahmedabad,Gujarat,2026-02-22,6.3,58.4,6.6,2.2,No,"Indian home-care observation | Divya Patel | Ahmedabad, Gujarat | Source: wearable_sync"
R01977,P021,Ajay Menon,Kozhikode,Kerala,2026-02-11,7.9,75.1,6.8,2.7,No,"Indian home-care observation | Ajay Menon | Kozhikode, Kerala | Source: wearable_sync"
R01978,P011,Rohan Das,Kolkata,West Bengal,2026-02-21,6.2,79.5,7.1,2.0,No,"Indian home-care observation | Rohan Das | Kolkata, West Bengal | Source: phone_checkin"
R01979,P021,Ajay Menon,Kozhikode,Kerala,2026-02-12,,85.8,8.1,1.9,No,"Indian home-care observation | Ajay Menon | Kozhikode, Kerala | Source: wearable_sync"
R01980,P015,Suresh Babu,Madurai,Tamil Nadu,2026-03-02,10.0,70.4,7.2,2.2,No,"Indian home-care observation | Suresh Babu | Madurai, Tamil Nadu | Source: phone_checkin"
R01981,P020,Pooja Shah,Surat,Gujarat,2026-02-21,6.1,74.5,5.0,2.3,No,"Indian home-care observation | Pooja Shah | Surat, Gujarat | Source: mobile_app"
R01982,P024,Neha Kapoor,New Delhi,Delhi,2026-03-05,6.6,88.9,7.9,3.6,Yes,"Indian home-care observation | Neha Kapoor | New Delhi, Delhi | Source: mobile_app"
R01983,P037,Ramesh Chandran,Puducherry,Puducherry,2026-03-01,6.9,83.6,,2.4,No,"Indian home-care observation | Ramesh Chandran | Puducherry, Puducherry | Source: phone_checkin"
R01984,P032,Bhavana R,Bengaluru,Karnataka,2026-02-26,7.7,88.8,8.6,1.0,No,"Indian home-care observation | Bhavana R | Bengaluru, Karnataka | Source: phone_checkin"
R01985,P039,Imran Khan,Bhopal,Madhya Pradesh,2026-02-14,8.0,77.1,8.0,,No,"Indian home-care observation | Imran Khan | Bhopal, Madhya Pradesh | Source: phone_checkin"
R01986,P007,Karthik Reddy,Hyderabad,Telangana,2026-02-24,,75.2,,2.2,No,"Indian home-care observation | Karthik Reddy | Hyderabad, Telangana | Source: phone_checkin"
R01987,P030,Nandini Shetty,Mangaluru,Karnataka,2026-02-21,7.3,69.6,3.0,2.1,No,"Indian home-care observation | Nandini Shetty | Mangaluru, Karnataka | Source: WEARABLE_SYNC"
R01988,P038,Janani Murugan,Erode,Tamil Nadu,2026-02-06,7.7,74.1,7.5,2.5,No,"Indian home-care observation | Janani Murugan | Erode, Tamil Nadu | Source: tablet_kiosk"
R01989,P004,Ananya Iyer,Bengaluru,Karnataka,2026-03-06,7.0,76.6,7.3,1.2,No,"Indian home-care observation | Ananya Iyer | Bengaluru, Karnataka | Source: phone_checkin"
R01990,P016,Aishwarya Pillai,Kollam,Kerala,2026-02-14,7.3,93.3,8.2,3.4,No,"Indian home-care observation | Aishwarya Pillai | Kollam, Kerala | Source: wearable_sync"
R01991,P006,Meena Krishnan,Coimbatore,Tamil Nadu,2026-02-28,6.7,,6.4,2.8,No,"Indian home-care observation | Meena Krishnan | Coimbatore, Tamil Nadu | Source: mobile_app"
R01992,P025,Ravi Prasad,Patna,Bihar,2026-02-11,6.4,78.3,10.0,2.4,Yes,"Indian home-care observation | Ravi Prasad | Patna, Bihar | Source: mobile_app"
R01993,P006,Meena Krishnan,Coimbatore,Tamil Nadu,2026-03-01,6.2,85.0,7.1,3.2,No,"Indian home-care observation | Meena Krishnan | Coimbatore, Tamil Nadu | Source: tablet_kiosk"
R01994,P013,Manoj Gupta,Lucknow,Uttar Pradesh,2026-02-21,8.5,90.5,6.7,1.4,No,"Indian home-care observation | Manoj Gupta | Lucknow, Uttar Pradesh | Source: phone_checkin"
R01995,P017,Naveen Kumar,Mysuru,Karnataka,2026-02-09,8.4,76.9,6.5,1.3,No,"Indian home-care observation | Naveen Kumar | Mysuru, Karnataka | Source: tablet_kiosk"
R01996,P021,Ajay Menon,Kozhikode,Kerala,2026-02-13,5.9,98.8,6.3,3.0,No,"Indian home-care observation | Ajay Menon | Kozhikode, Kerala | Source: phone_checkin"
R01997,P037,Ramesh Chandran,Puducherry,Puducherry,2026-03-02,6.7,81.7,7.2,2.8,No,"Indian home-care observation | Ramesh Chandran | Puducherry, Puducherry | Source: tablet_kiosk"
R01998,P017,Naveen Kumar,Mysuru,Karnataka,2026-02-10,8.4,84.8,6.5,1.9,No,"Indian home-care observation | Naveen Kumar | Mysuru, Karnataka | Source: mobile_app"
R01999,P012,Kavya Menon,Thiruvananthapuram,Kerala,2026-02-15,7.4,97.1,9.7,2.1,No,"Indian home-care observation | Kavya Menon | Thiruvananthapuram, Kerala | Source: phone_checkin"
R02000,P032,Bhavana R,Bengaluru,Karnataka,2026-02-27,7.3,98.3,7.9,2.8,Yes,"Indian home-care observation | Bhavana R | Bengaluru, Karnataka | Source: phone_checkin"
R02001,P019,Deepak Verma,Chandigarh,Chandigarh,2026-02-21,,81.0,8.1,2.7,No,"Indian home-care observation | Deepak Verma | Chandigarh, Chandigarh | Source: tablet_kiosk"
R02002,P001,Arjun Mehta,Chennai,Tamil Nadu,2026-02-16,6.2,71.5,6.4,1.1,No,"Indian home-care observation | Arjun Mehta | Chennai, Tamil Nadu | Source: mobile_app"
R02003,P005,Vikram Singh,Mumbai,Maharashtra,2026-02-18,9.3,83.5,,2.4,No,"Indian home-care observation | Vikram Singh | Mumbai, Maharashtra | Source: tablet_kiosk"
R02004,P014,Sneha Joshi,Pune,Maharashtra,2026-02-17,8.9,88.4,4.4,3.5,No,"Indian home-care observation | Sneha Joshi | Pune, Maharashtra | Source: tablet_kiosk"
R02005,P025,Ravi Prasad,Patna,Bihar,2026-02-12,7.4,88.5,10.0,1.3,No,"Indian home-care observation | Ravi Prasad | Patna, Bihar | Source: tablet_kiosk"
R02006,P032,Bhavana R,Bengaluru,Karnataka,2026-02-28,,87.6,7.4,1.8,No,"Indian home-care observation | Bhavana R | Bengaluru, Karnataka | Source: wearable_sync"
R02007,P014,Sneha Joshi,Pune,Maharashtra,2026-02-18,9.4,82.5,5.0,2.4,No,"Indian home-care observation | Sneha Joshi | Pune, Maharashtra | Source: wearable_sync"
R02008,P001,Arjun Mehta,Chennai,Tamil Nadu,2026-02-17,7.5,76.9,7.0,1.9,No,"Indian home-care observation | Arjun Mehta | Chennai, Tamil Nadu | Source: mobile_app"
R02009,P030,Nandini Shetty,Mangaluru,Karnataka,2026-02-22,6.6,66.4,,0.0,No,"Indian home-care observation | Nandini Shetty | Mangaluru, Karnataka | Source: wearable_sync"
R02010,P029,Gopal Krishnan,Madurai,Tamil Nadu,2026-02-19,7.4,86.4,6.9,2.4,No,"Indian home-care observation | Gopal Krishnan | Madurai, Tamil Nadu | Source: tablet_kiosk"
R02011,P018,Harini Reddy,Warangal,Telangana,2026-02-16,7.9,69.5,6.6,2.4,No,"Indian home-care observation | Harini Reddy | Warangal, Telangana | Source: mobile_app"
R02012,P019,Deepak Verma,Chandigarh,Chandigarh,2026-02-22,8.4,80.2,,2.7,No,"Indian home-care observation | Deepak Verma | Chandigarh, Chandigarh | Source: mobile_app"
R02013,P039,Imran Khan,Bhopal,Madhya Pradesh,2026-02-15,,77.0,7.6,2.1,No,"Indian home-care observation | Imran Khan | Bhopal, Madhya Pradesh | Source: tablet_kiosk"
R02014,P022,Shreya Das,Bhubaneswar,Odisha,2026-02-15,8.5,77.5,3.8,2.9,No,"Indian home-care observation | Shreya Das | Bhubaneswar, Odisha | Source: mobile_app"
R02015,P021,Ajay Menon,Kozhikode,Kerala,2026-02-14,4.8,90.0,6.9,1.2,No,"Indian home-care observation | Ajay Menon | Kozhikode, Kerala | Source: phone_checkin"
R02016,P030,Nandini Shetty,Mangaluru,Karnataka,2026-02-23,5.4,58.5,2.6,0.6,No,"Indian home-care observation | Nandini Shetty | Mangaluru, Karnataka | Source: phone_checkin"
R02017,P034,Madhuri Naik,Panaji,Goa,2026-02-10,8.5,86.3,5.5,2.3,No,"Indian home-care observation | Madhuri Naik | Panaji, Goa | Source: wearable_sync"
R02018,P036,Sowmya N,Hyderabad,Telangana,2026-02-17,7.4,77.9,7.9,2.4,No,"Indian home-care observation | Sowmya N | Hyderabad, Telangana | Source: wearable_sync"
R02019,P018,Harini Reddy,Warangal,Telangana,2026-02-17,7.3,77.4,8.0,,No,"Indian home-care observation | Harini Reddy | Warangal, Telangana | Source: TABLET_KIOSK"
R02020,P023,Mohan Raj,Salem,Tamil Nadu,2026-02-26,7.4,,6.8,2.6,Yes,"Indian home-care observation | Mohan Raj | Salem, Tamil Nadu | Source: mobile_app"
R02021,P038,Janani Murugan,Erode,Tamil Nadu,2026-02-07,7.6,79.7,6.5,3.9,No,"Indian home-care observation | Janani Murugan | Erode, Tamil Nadu | Source: phone_checkin"
R02022,P039,Imran Khan,Bhopal,Madhya Pradesh,2026-02-16,7.5,78.6,8.7,2.1,No,"Indian home-care observation | Imran Khan | Bhopal, Madhya Pradesh | Source: tablet_kiosk"
R02023,P014,Sneha Joshi,Pune,Maharashtra,2026-02-19,9.8,,6.6,1.9,No,"Indian home-care observation | Sneha Joshi | Pune, Maharashtra | Source: wearable_sync"
R02024,P024,Neha Kapoor,New Delhi,Delhi,2026-03-06,6.9,94.3,7.4,2.4,No,"Indian home-care observation | Neha Kapoor | New Delhi, Delhi | Source: wearable_sync"
R02025,P006,Meena Krishnan,Coimbatore,Tamil Nadu,2026-03-02,6.2,79.3,,1.9,No,"Indian home-care observation | Meena Krishnan | Coimbatore, Tamil Nadu | Source: phone_checkin"
R02026,P002,Priya Nair,Kochi,Kerala,2026-02-23,8.1,87.8,5.9,3.4,No,"Indian home-care observation | Priya Nair | Kochi, Kerala | Source: phone_checkin"
R02027,P018,Harini Reddy,Warangal,Telangana,2026-02-18,8.5,75.3,7.9,2.6,No,"Indian home-care observation | Harini Reddy | Warangal, Telangana | Source: nan"
R02028,P040,Deepa Thomas,Thrissur,Kerala,2026-02-12,4.9,83.5,4.4,1.8,No,"Indian home-care observation | Deepa Thomas | Thrissur, Kerala | Source: wearable_sync"
R02029,P031,Ashok Yadav,Kanpur,Uttar Pradesh,2026-02-20,7.0,56.4,6.3,1.5,No,"Indian home-care observation | Ashok Yadav | Kanpur, Uttar Pradesh | Source: mobile_app"
R02030,P040,Deepa Thomas,Thrissur,Kerala,2026-02-13,5.3,85.1,4.6,1.3,No,"Indian home-care observation | Deepa Thomas | Thrissur, Kerala | Source: mobile_app"
R02031,P019,Deepak Verma,Chandigarh,Chandigarh,2026-02-23,9.4,75.0,7.4,3.2,No,"Indian home-care observation | Deepak Verma | Chandigarh, Chandigarh | Source: tablet_kiosk"
R02032,P039,Imran Khan,Bhopal,Madhya Pradesh,2026-02-17,7.6,81.7,8.2,4.1,No,"Indian home-care observation | Imran Khan | Bhopal, Madhya Pradesh | Source: mobile_app"
R02033,P030,Nandini Shetty,Mangaluru,Karnataka,2026-02-24,6.1,58.3,,0.0,No,"Indian home-care observation | Nandini Shetty | Mangaluru, Karnataka | Source: tablet_kiosk"
R02034,P033,Ganesh Iyer,Chennai,Tamil Nadu,2026-02-19,8.5,86.6,6.9,2.7,No,"Indian home-care observation | Ganesh Iyer | Chennai, Tamil Nadu | Source: tablet_kiosk"
R02035,P029,Gopal Krishnan,Madurai,Tamil Nadu,2026-02-20,8.1,85.0,6.9,3.1,Yes,"Indian home-care observation | Gopal Krishnan | Madurai, Tamil Nadu | Source: tablet_kiosk"
R02036,P002,Priya Nair,Kochi,Kerala,2026-02-24,,76.6,5.6,3.0,No,"Indian home-care observation | Priya Nair | Kochi, Kerala | Source: phone_checkin"
R02037,P025,Ravi Prasad,Patna,Bihar,2026-02-13,6.9,86.1,,3.4,No,"Indian home-care observation | Ravi Prasad | Patna, Bihar | Source: phone_checkin"
R02038,P040,Deepa Thomas,Thrissur,Kerala,2026-02-14,6.2,90.3,,,No,"Indian home-care observation | Deepa Thomas | Thrissur, Kerala | Source: phone_checkin"
R02039,P024,Neha Kapoor,New Delhi,Delhi,2026-03-07,7.3,94.0,,,Yes,"Indian home-care observation | Neha Kapoor | New Delhi, Delhi | Source: PHONE_CHECKIN"
R02040,P010,Divya Patel,Ahmedabad,Gujarat,2026-02-23,6.6,60.4,6.4,2.2,No,"Indian home-care observation | Divya Patel | Ahmedabad, Gujarat | Source: mobile_app"
R02041,P011,Rohan Das,Kolkata,West Bengal,2026-02-22,5.6,70.0,5.8,1.6,No,"Indian home-care observation | Rohan Das | Kolkata, West Bengal | Source: wearable_sync"
R02042,P038,Janani Murugan,Erode,Tamil Nadu,2026-02-08,7.0,71.3,6.3,1.5,No,"Indian home-care observation | Janani Murugan | Erode, Tamil Nadu | Source: mobile_app"
R02043,P014,Sneha Joshi,Pune,Maharashtra,2026-02-20,8.5,75.7,5.0,2.2,No,"Indian home-care observation | Sneha Joshi | Pune, Maharashtra | Source: mobile_app"
R02044,P003,Rahul Sharma,Delhi,Delhi,2026-02-11,8.3,83.8,4.7,3.0,No,"Indian home-care observation | Rahul Sharma | Delhi, Delhi | Source: mobile_app"
R02045,P034,Madhuri Naik,Panaji,Goa,2026-02-11,8.3,86.2,5.5,2.4,No,"Indian home-care observation | Madhuri Naik | Panaji, Goa | Source: mobile_app"
R02046,P040,Deepa Thomas,Thrissur,Kerala,2026-02-15,4.9,78.4,,2.7,No,"Indian home-care observation | Deepa Thomas | Thrissur, Kerala | Source: phone_checkin"
R02047,P014,Sneha Joshi,Pune,Maharashtra,2026-02-21,8.7,77.2,5.5,4.7,No,"Indian home-care observation | Sneha Joshi | Pune, Maharashtra | Source: wearable_sync"
R02048,P036,Sowmya N,Hyderabad,Telangana,2026-02-18,8.0,80.2,8.2,2.8,Yes,"Indian home-care observation | Sowmya N | Hyderabad, Telangana | Source: nan"
R02049,P036,Sowmya N,Hyderabad,Telangana,2026-02-19,7.7,83.7,,3.4,No,"Indian home-care observation | Sowmya N | Hyderabad, Telangana | Source: nan"
R02050,P005,Vikram Singh,Mumbai,Maharashtra,2026-02-19,9.2,82.0,7.9,,No,"Indian home-care observation | Vikram Singh | Mumbai, Maharashtra | Source: phone_checkin"
R02051,P027,Aditya Kulkarni,Nagpur,Maharashtra,2026-02-15,6.7,85.5,9.4,2.2,No,"Indian home-care observation | Aditya Kulkarni | Nagpur, Maharashtra | Source: mobile_app"
R02052,P024,Neha Kapoor,New Delhi,Delhi,2026-03-08,8.1,80.8,8.5,3.9,No,"Indian home-care observation | Neha Kapoor | New Delhi, Delhi | Source: phone_checkin"
R02053,P025,Ravi Prasad,Patna,Bihar,2026-02-14,7.7,77.3,,1.4,No,"Indian home-care observation | Ravi Prasad | Patna, Bihar | Source: wearable_sync"
R02054,P007,Karthik Reddy,Hyderabad,Telangana,2026-02-25,8.8,78.1,,4.1,No,"Indian home-care observation | Karthik Reddy | Hyderabad, Telangana | Source: phone_checkin"
R02055,P036,Sowmya N,Hyderabad,Telangana,2026-02-20,8.3,,,2.2,No,"Indian home-care observation | Sowmya N | Hyderabad, Telangana | Source: tablet_kiosk"
R02056,P031,Ashok Yadav,Kanpur,Uttar Pradesh,2026-02-21,6.9,64.4,6.5,1.1,No,"Indian home-care observation | Ashok Yadav | Kanpur, Uttar Pradesh | Source: tablet_kiosk"
R02057,P036,Sowmya N,Hyderabad,Telangana,2026-02-21,7.8,83.5,7.9,3.8,No,"Indian home-care observation | Sowmya N | Hyderabad, Telangana | Source: wearable_sync"
R02058,P027,Aditya Kulkarni,Nagpur,Maharashtra,2026-02-16,,79.7,9.0,1.2,No,"Indian home-care observation | Aditya Kulkarni | Nagpur, Maharashtra | Source: nan"
R02059,P011,Rohan Das,Kolkata,West Bengal,2026-02-23,6.5,78.2,6.4,3.2,No,"Indian home-care observation | Rohan Das | Kolkata, West Bengal | Source: tablet_kiosk"
R02060,P013,Manoj Gupta,Lucknow,Uttar Pradesh,2026-02-22,7.8,83.6,6.4,3.3,No,"Indian home-care observation | Manoj Gupta | Lucknow, Uttar Pradesh | Source: phone_checkin"
R02061,P040,Deepa Thomas,Thrissur,Kerala,2026-02-16,6.2,80.0,,1.7,No,"Indian home-care observation | Deepa Thomas | Thrissur, Kerala | Source: mobile_app"
R02062,P040,Deepa Thomas,Thrissur,Kerala,2026-02-17,4.8,71.6,3.9,1.2,No,"Indian home-care observation | Deepa Thomas | Thrissur, Kerala | Source: phone_checkin"
R02063,P026,Keerthana S,Tiruchirappalli,Tamil Nadu,2026-02-24,6.6,79.6,5.6,2.7,No,"Indian home-care observation | Keerthana S | Tiruchirappalli, Tamil Nadu | Source: mobile_app"
R02064,P003,Rahul Sharma,Delhi,Delhi,2026-02-12,7.5,,7.4,1.9,No,"Indian home-care observation | Rahul Sharma | Delhi, Delhi | Source: phone_checkin"
R02065,P019,Deepak Verma,Chandigarh,Chandigarh,2026-02-24,9.0,73.9,7.9,2.1,No,"Indian home-care observation | Deepak Verma | Chandigarh, Chandigarh | Source: tablet_kiosk"
R02066,P005,Vikram Singh,Mumbai,Maharashtra,2026-02-20,8.5,79.4,7.5,2.6,No,"Indian home-care observation | Vikram Singh | Mumbai, Maharashtra | Source: tablet_kiosk"
R02067,P022,Shreya Das,Bhubaneswar,Odisha,2026-02-16,8.2,73.4,4.3,2.9,No,"Indian home-care observation | Shreya Das | Bhubaneswar, Odisha | Source: tablet_kiosk"
R02068,P022,Shreya Das,Bhubaneswar,Odisha,2026-02-17,7.2,77.6,4.2,1.5,No,"Indian home-care observation | Shreya Das | Bhubaneswar, Odisha | Source: mobile_app"
R02069,P031,Ashok Yadav,Kanpur,Uttar Pradesh,2026-02-22,8.8,62.2,7.8,1.6,No,"Indian home-care observation | Ashok Yadav | Kanpur, Uttar Pradesh | Source: tablet_kiosk"
R02070,P036,Sowmya N,Hyderabad,Telangana,2026-02-22,8.3,85.9,7.3,2.8,No,"Indian home-care observation | Sowmya N | Hyderabad, Telangana | Source: mobile_app"
R02071,P035,Prakash Patil,Nashik,Maharashtra,2026-03-06,6.2,73.0,,2.2,No,"Indian home-care observation | Prakash Patil | Nashik, Maharashtra | Source: phone_checkin"
R02072,P036,Sowmya N,Hyderabad,Telangana,2026-02-23,7.6,91.3,8.3,2.3,No,"Indian home-care observation | Sowmya N | Hyderabad, Telangana | Source: mobile_app"
R02073,P032,Bhavana R,Bengaluru,Karnataka,2026-03-01,7.6,91.6,8.6,,No,"Indian home-care observation | Bhavana R | Bengaluru, Karnataka | Source: phone_checkin"
R02074,P032,Bhavana R,Bengaluru,Karnataka,2026-03-02,,95.3,8.5,1.7,No,"Indian home-care observation | Bhavana R | Bengaluru, Karnataka | Source: mobile_app"
R02075,P005,Vikram Singh,Mumbai,Maharashtra,2026-02-21,8.6,83.4,6.9,3.9,No,"Indian home-care observation | Vikram Singh | Mumbai, Maharashtra | Source: phone_checkin"
R02076,P009,Sanjay Kumar,Jaipur,Rajasthan,2026-02-14,7.6,77.3,6.6,2.5,No,"Indian home-care observation | Sanjay Kumar | Jaipur, Rajasthan | Source: phone_checkin"
R02077,P016,Aishwarya Pillai,Kollam,Kerala,2026-02-15,7.3,85.2,8.9,1.4,No,"Indian home-care observation | Aishwarya Pillai | Kollam, Kerala | Source: mobile_app"
R02078,P036,Sowmya N,Hyderabad,Telangana,2026-02-24,7.9,80.8,9.2,3.4,No,"Indian home-care observation | Sowmya N | Hyderabad, Telangana | Source: mobile_app"
R02079,P007,Karthik Reddy,Hyderabad,Telangana,2026-02-26,8.2,74.3,,2.6,No,"Indian home-care observation | Karthik Reddy | Hyderabad, Telangana | Source: wearable_sync"
R02080,P029,Gopal Krishnan,Madurai,Tamil Nadu,2026-02-21,7.4,80.4,7.5,2.6,No,"Indian home-care observation | Gopal Krishnan | Madurai, Tamil Nadu | Source: tablet_kiosk"
R02081,P040,Deepa Thomas,Thrissur,Kerala,2026-02-18,4.7,82.7,4.1,1.3,No,"Indian home-care observation | Deepa Thomas | Thrissur, Kerala | Source: tablet_kiosk"
R02082,P038,Janani Murugan,Erode,Tamil Nadu,2026-02-09,7.6,72.3,7.1,1.3,No,"Indian home-care observation | Janani Murugan | Erode, Tamil Nadu | Source: tablet_kiosk"
R02083,P017,Naveen Kumar,Mysuru,Karnataka,2026-02-11,7.8,84.8,6.5,1.4,No,"Indian home-care observation | Naveen Kumar | Mysuru, Karnataka | Source: wearable_sync"
R02084,P013,Manoj Gupta,Lucknow,Uttar Pradesh,2026-02-23,,90.3,6.7,3.2,No,"Indian home-care observation | Manoj Gupta | Lucknow, Uttar Pradesh | Source: tablet_kiosk"
R02085,P007,Karthik Reddy,Hyderabad,Telangana,2026-02-27,9.6,62.3,6.8,2.8,No,"Indian home-care observation | Karthik Reddy | Hyderabad, Telangana | Source: phone_checkin"
R02086,P030,Nandini Shetty,Mangaluru,Karnataka,2026-02-25,6.4,67.0,,1.6,No,"Indian home-care observation | Nandini Shetty | Mangaluru, Karnataka | Source: phone_checkin"
R02087,P005,Vikram Singh,Mumbai,Maharashtra,2026-02-22,9.0,86.8,,2.3,No,"Indian home-care observation | Vikram Singh | Mumbai, Maharashtra | Source: wearable_sync"
R02088,P019,Deepak Verma,Chandigarh,Chandigarh,2026-02-25,9.0,75.5,5.8,2.9,No,"Indian home-care observation | Deepak Verma | Chandigarh, Chandigarh | Source: MOBILE_APP"
R02089,P009,Sanjay Kumar,Jaipur,Rajasthan,2026-02-15,8.0,81.1,6.4,2.8,No,"Indian home-care observation | Sanjay Kumar | Jaipur, Rajasthan | Source: mobile_app"
R02090,P040,Deepa Thomas,Thrissur,Kerala,2026-02-19,4.9,88.4,,1.2,No,"Indian home-care observation | Deepa Thomas | Thrissur, Kerala | Source: phone_checkin"
R02091,P018,Harini Reddy,Warangal,Telangana,2026-02-19,8.2,78.1,7.4,1.8,No,"Indian home-care observation | Harini Reddy | Warangal, Telangana | Source: mobile_app"
R02092,P024,Neha Kapoor,New Delhi,Delhi,2026-03-09,7.9,91.1,7.9,4.4,No,"Indian home-care observation | Neha Kapoor | New Delhi, Delhi | Source: tablet_kiosk"
R02093,P027,Aditya Kulkarni,Nagpur,Maharashtra,2026-02-17,,81.1,8.8,0.9,No,"Indian home-care observation | Aditya Kulkarni | Nagpur, Maharashtra | Source: phone_checkin"
R02094,P033,Ganesh Iyer,Chennai,Tamil Nadu,2026-02-20,8.4,84.8,6.6,2.4,No,"Indian home-care observation | Ganesh Iyer | Chennai, Tamil Nadu | Source: wearable_sync"
R02095,P015,Suresh Babu,Madurai,Tamil Nadu,2026-03-03,9.2,75.0,6.9,2.3,No,"Indian home-care observation | Suresh Babu | Madurai, Tamil Nadu | Source: MOBILE_APP"
R02096,P001,Arjun Mehta,Chennai,Tamil Nadu,2026-02-18,8.6,75.5,7.3,3.8,No,"Indian home-care observation | Arjun Mehta | Chennai, Tamil Nadu | Source: nan"
R02097,P009,Sanjay Kumar,Jaipur,Rajasthan,2026-02-16,7.9,76.2,7.6,1.8,No,"Indian home-care observation | Sanjay Kumar | Jaipur, Rajasthan | Source: tablet_kiosk"
R02098,P007,Karthik Reddy,Hyderabad,Telangana,2026-02-28,7.5,,6.1,3.1,No,"Indian home-care observation | Karthik Reddy | Hyderabad, Telangana | Source: phone_checkin"
R02099,P007,Karthik Reddy,Hyderabad,Telangana,2026-03-01,,77.1,7.7,0.6,No,"Indian home-care observation | Karthik Reddy | Hyderabad, Telangana | Source: tablet_kiosk"
R02100,P014,Sneha Joshi,Pune,Maharashtra,2026-02-22,8.1,75.2,,1.1,No,"Indian home-care observation | Sneha Joshi | Pune, Maharashtra | Source: tablet_kiosk"
R02101,P037,Ramesh Chandran,Puducherry,Puducherry,2026-03-03,7.2,81.2,7.6,2.6,No,"Indian home-care observation | Ramesh Chandran | Puducherry, Puducherry | Source: wearable_sync"
R02102,P024,Neha Kapoor,New Delhi,Delhi,2026-03-10,7.5,85.2,6.0,2.9,No,"Indian home-care observation | Neha Kapoor | New Delhi, Delhi | Source: phone_checkin"
R02103,P018,Harini Reddy,Warangal,Telangana,2026-02-20,8.1,,6.2,,Yes,"Indian home-care observation | Harini Reddy | Warangal, Telangana | Source: mobile_app"
R02104,P001,Arjun Mehta,Chennai,Tamil Nadu,2026-02-19,6.8,73.1,8.6,0.9,No,"Indian home-care observation | Arjun Mehta | Chennai, Tamil Nadu | Source: mobile_app"
R02105,P039,Imran Khan,Bhopal,Madhya Pradesh,2026-02-18,7.3,79.2,7.5,2.2,No,"Indian home-care observation | Imran Khan | Bhopal, Madhya Pradesh | Source: tablet_kiosk"
R02106,P036,Sowmya N,Hyderabad,Telangana,2026-02-25,8.9,86.6,8.6,0.1,No,"Indian home-care observation | Sowmya N | Hyderabad, Telangana | Source: tablet_kiosk"
R02107,P005,Vikram Singh,Mumbai,Maharashtra,2026-02-23,9.1,,8.4,1.5,No,"Indian home-care observation | Vikram Singh | Mumbai, Maharashtra | Source: phone_checkin"
R02108,P011,Rohan Das,Kolkata,West Bengal,2026-02-24,7.0,81.5,5.7,0.7,Yes,"Indian home-care observation | Rohan Das | Kolkata, West Bengal | Source: tablet_kiosk"
R02109,P024,Neha Kapoor,New Delhi,Delhi,2026-03-11,5.8,95.3,7.8,1.5,No,"Indian home-care observation | Neha Kapoor | New Delhi, Delhi | Source: tablet_kiosk"
R02110,P039,Imran Khan,Bhopal,Madhya Pradesh,2026-02-19,7.9,77.5,8.3,2.9,No,"Indian home-care observation | Imran Khan | Bhopal, Madhya Pradesh | Source: tablet_kiosk"
R02111,P013,Manoj Gupta,Lucknow,Uttar Pradesh,2026-02-24,7.8,82.0,6.3,2.1,No,"Indian home-care observation | Manoj Gupta | Lucknow, Uttar Pradesh | Source: tablet_kiosk"
R02112,P036,Sowmya N,Hyderabad,Telangana,2026-02-26,7.3,90.6,7.2,3.3,No,"Indian home-care observation | Sowmya N | Hyderabad, Telangana | Source: mobile_app"
R02113,P039,Imran Khan,Bhopal,Madhya Pradesh,2026-02-20,7.8,82.2,7.2,1.1,No,"Indian home-care observation | Imran Khan | Bhopal, Madhya Pradesh | Source: TABLET_KIOSK"
R02114,P017,Naveen Kumar,Mysuru,Karnataka,2026-02-12,8.9,83.8,6.7,3.5,No,"Indian home-care observation | Naveen Kumar | Mysuru, Karnataka | Source: mobile_app"
R02115,P037,Ramesh Chandran,Puducherry,Puducherry,2026-03-04,6.8,86.1,7.8,1.9,No,"Indian home-care observation | Ramesh Chandran | Puducherry, Puducherry | Source: phone_checkin"
R02116,P012,Kavya Menon,Thiruvananthapuram,Kerala,2026-02-16,7.1,83.0,7.6,2.2,No,"Indian home-care observation | Kavya Menon | Thiruvananthapuram, Kerala | Source: mobile_app"
R02117,P018,Harini Reddy,Warangal,Telangana,2026-02-21,7.3,65.6,,3.1,No,"Indian home-care observation | Harini Reddy | Warangal, Telangana | Source: wearable_sync"
R02118,P028,Swathi Rao,Visakhapatnam,Andhra Pradesh,2026-02-25,7.0,86.1,7.5,,No,"Indian home-care observation | Swathi Rao | Visakhapatnam, Andhra Pradesh | Source: tablet_kiosk"
R02119,P001,Arjun Mehta,Chennai,Tamil Nadu,2026-02-20,9.0,75.6,5.4,2.6,No,"Indian home-care observation | Arjun Mehta | Chennai, Tamil Nadu | Source: phone_checkin"
R02120,P028,Swathi Rao,Visakhapatnam,Andhra Pradesh,2026-02-26,8.3,,8.1,3.2,No,"Indian home-care observation | Swathi Rao | Visakhapatnam, Andhra Pradesh | Source: mobile_app"
R02121,P038,Janani Murugan,Erode,Tamil Nadu,2026-02-10,7.3,71.5,6.8,1.1,No,"Indian home-care observation | Janani Murugan | Erode, Tamil Nadu | Source: wearable_sync"
R02122,P016,Aishwarya Pillai,Kollam,Kerala,2026-02-16,8.0,92.4,8.7,2.3,No,"Indian home-care observation | Aishwarya Pillai | Kollam, Kerala | Source: phone_checkin"
R02123,P017,Naveen Kumar,Mysuru,Karnataka,2026-02-13,8.1,,6.4,1.6,Yes,"Indian home-care observation | Naveen Kumar | Mysuru, Karnataka | Source: mobile_app"
R02124,P011,Rohan Das,Kolkata,West Bengal,2026-02-25,7.0,72.5,6.3,3.1,No,"Indian home-care observation | Rohan Das | Kolkata, West Bengal | Source: PHONE_CHECKIN"
R02125,P022,Shreya Das,Bhubaneswar,Odisha,2026-02-18,8.3,75.8,3.9,1.8,No,"Indian home-care observation | Shreya Das | Bhubaneswar, Odisha | Source: wearable_sync"
R02126,P002,Priya Nair,Kochi,Kerala,2026-02-25,8.0,74.3,,2.4,No,"Indian home-care observation | Priya Nair | Kochi, Kerala | Source: mobile_app"
R02127,P007,Karthik Reddy,Hyderabad,Telangana,2026-03-02,7.3,85.3,7.5,1.0,No,"Indian home-care observation | Karthik Reddy | Hyderabad, Telangana | Source: tablet_kiosk"
R02128,P004,Ananya Iyer,Bengaluru,Karnataka,2026-03-07,8.0,76.6,6.4,1.1,No,"Indian home-care observation | Ananya Iyer | Bengaluru, Karnataka | Source: mobile_app"
R02129,P015,Suresh Babu,Madurai,Tamil Nadu,2026-03-04,,69.3,6.7,1.4,No,"Indian home-care observation | Suresh Babu | Madurai, Tamil Nadu | Source: mobile_app"
R02130,P036,Sowmya N,Hyderabad,Telangana,2026-02-27,7.5,83.1,8.0,2.3,No,"Indian home-care observation | Sowmya N | Hyderabad, Telangana | Source: phone_checkin"
R02131,P031,Ashok Yadav,Kanpur,Uttar Pradesh,2026-02-23,7.5,56.9,,0.1,No,"Indian home-care observation | Ashok Yadav | Kanpur, Uttar Pradesh | Source: mobile_app"
R02132,P021,Ajay Menon,Kozhikode,Kerala,2026-02-15,7.8,86.4,7.0,3.1,No,"Indian home-care observation | Ajay Menon | Kozhikode, Kerala | Source: tablet_kiosk"
R02133,P005,Vikram Singh,Mumbai,Maharashtra,2026-02-24,,83.1,6.9,2.9,No,"Indian home-care observation | Vikram Singh | Mumbai, Maharashtra | Source: wearable_sync"
R02134,P013,Manoj Gupta,Lucknow,Uttar Pradesh,2026-02-25,8.8,84.2,5.9,2.3,No,"Indian home-care observation | Manoj Gupta | Lucknow, Uttar Pradesh | Source: wearable_sync"
R02135,P039,Imran Khan,Bhopal,Madhya Pradesh,2026-02-21,8.1,80.2,7.9,3.9,No,"Indian home-care observation | Imran Khan | Bhopal, Madhya Pradesh | Source: mobile_app"
R02136,P005,Vikram Singh,Mumbai,Maharashtra,2026-02-25,8.4,85.9,7.9,1.7,No,"Indian home-care observation | Vikram Singh | Mumbai, Maharashtra | Source: phone_checkin"
R02137,P019,Deepak Verma,Chandigarh,Chandigarh,2026-02-26,8.0,79.6,7.0,3.2,No,"Indian home-care observation | Deepak Verma | Chandigarh, Chandigarh | Source: wearable_sync"
R02138,P003,Rahul Sharma,Delhi,Delhi,2026-02-13,,71.8,,2.7,No,"Indian home-care observation | Rahul Sharma | Delhi, Delhi | Source: wearable_sync"
R02139,P031,Ashok Yadav,Kanpur,Uttar Pradesh,2026-02-24,8.1,56.7,,1.7,No,"Indian home-care observation | Ashok Yadav | Kanpur, Uttar Pradesh | Source: phone_checkin"
R02140,P032,Bhavana R,Bengaluru,Karnataka,2026-03-03,8.3,91.0,8.9,1.7,No,"Indian home-care observation | Bhavana R | Bengaluru, Karnataka | Source: wearable_sync"
R02141,P018,Harini Reddy,Warangal,Telangana,2026-02-22,8.4,70.1,,2.2,No,"Indian home-care observation | Harini Reddy | Warangal, Telangana | Source: wearable_sync"
R02142,P014,Sneha Joshi,Pune,Maharashtra,2026-02-23,8.3,,4.9,3.8,No,"Indian home-care observation | Sneha Joshi | Pune, Maharashtra | Source: wearable_sync"
R02143,P028,Swathi Rao,Visakhapatnam,Andhra Pradesh,2026-02-27,7.7,82.7,7.6,3.1,No,"Indian home-care observation | Swathi Rao | Visakhapatnam, Andhra Pradesh | Source: phone_checkin"
R02144,P021,Ajay Menon,Kozhikode,Kerala,2026-02-16,6.0,80.6,4.4,2.2,No,"Indian home-care observation | Ajay Menon | Kozhikode, Kerala | Source: nan"
R02145,P024,Neha Kapoor,New Delhi,Delhi,2026-03-12,7.7,71.6,6.2,3.6,No,"Indian home-care observation | Neha Kapoor | New Delhi, Delhi | Source: tablet_kiosk"
R02146,P039,Imran Khan,Bhopal,Madhya Pradesh,2026-02-22,8.1,69.4,,0.9,No,"Indian home-care observation | Imran Khan | Bhopal, Madhya Pradesh | Source: tablet_kiosk"
R02147,P017,Naveen Kumar,Mysuru,Karnataka,2026-02-14,7.5,74.2,6.2,3.9,No,"Indian home-care observation | Naveen Kumar | Mysuru, Karnataka | Source: wearable_sync"
R02148,P027,Aditya Kulkarni,Nagpur,Maharashtra,2026-02-18,6.8,84.5,9.9,2.6,No,"Indian home-care observation | Aditya Kulkarni | Nagpur, Maharashtra | Source: wearable_sync"
R02149,P007,Karthik Reddy,Hyderabad,Telangana,2026-03-03,6.6,88.5,,1.3,No,"Indian home-care observation | Karthik Reddy | Hyderabad, Telangana | Source: phone_checkin"
R02150,P010,Divya Patel,Ahmedabad,Gujarat,2026-02-24,6.6,58.1,7.6,2.0,No,"Indian home-care observation | Divya Patel | Ahmedabad, Gujarat | Source: mobile_app"
R02151,P023,Mohan Raj,Salem,Tamil Nadu,2026-02-27,4.9,100.0,6.7,,No,"Indian home-care observation | Mohan Raj | Salem, Tamil Nadu | Source: tablet_kiosk"
R02152,P033,Ganesh Iyer,Chennai,Tamil Nadu,2026-02-21,8.0,80.1,6.4,2.8,No,"Indian home-care observation | Ganesh Iyer | Chennai, Tamil Nadu | Source: wearable_sync"
R02153,P007,Karthik Reddy,Hyderabad,Telangana,2026-03-04,7.5,,9.1,1.6,No,"Indian home-care observation | Karthik Reddy | Hyderabad, Telangana | Source: tablet_kiosk"
R02154,P027,Aditya Kulkarni,Nagpur,Maharashtra,2026-02-19,6.9,86.9,10.0,2.2,No,"Indian home-care observation | Aditya Kulkarni | Nagpur, Maharashtra | Source: wearable_sync"
R02155,P020,Pooja Shah,Surat,Gujarat,2026-02-22,6.3,76.5,5.1,1.9,Yes,"Indian home-care observation | Pooja Shah | Surat, Gujarat | Source: tablet_kiosk"
R02156,P023,Mohan Raj,Salem,Tamil Nadu,2026-02-28,,92.2,6.6,3.9,No,"Indian home-care observation | Mohan Raj | Salem, Tamil Nadu | Source: phone_checkin"
R02157,P014,Sneha Joshi,Pune,Maharashtra,2026-02-24,8.7,91.9,,2.7,No,"Indian home-care observation | Sneha Joshi | Pune, Maharashtra | Source: nan"
R02158,P010,Divya Patel,Ahmedabad,Gujarat,2026-02-25,6.4,,7.3,2.2,No,"Indian home-care observation | Divya Patel | Ahmedabad, Gujarat | Source: phone_checkin"
R02159,P008,Lakshmi Rao,Vijayawada,Andhra Pradesh,2026-02-13,6.7,76.0,5.7,2.4,No,"Indian home-care observation | Lakshmi Rao | Vijayawada, Andhra Pradesh | Source: tablet_kiosk"
R02160,P040,Deepa Thomas,Thrissur,Kerala,2026-02-20,4.9,,5.5,1.6,No,"Indian home-care observation | Deepa Thomas | Thrissur, Kerala | Source: phone_checkin"
R02161,P016,Aishwarya Pillai,Kollam,Kerala,2026-02-17,7.6,86.8,9.1,3.4,No,"Indian home-care observation | Aishwarya Pillai | Kollam, Kerala | Source: mobile_app"
R02162,P026,Keerthana S,Tiruchirappalli,Tamil Nadu,2026-02-25,6.8,85.3,5.9,4.2,No,"Indian home-care observation | Keerthana S | Tiruchirappalli, Tamil Nadu | Source: phone_checkin"
R02163,P040,Deepa Thomas,Thrissur,Kerala,2026-02-21,4.3,80.6,3.7,0.0,No,"Indian home-care observation | Deepa Thomas | Thrissur, Kerala | Source: mobile_app"
R02164,P008,Lakshmi Rao,Vijayawada,Andhra Pradesh,2026-02-14,7.4,76.4,5.4,3.8,No,"Indian home-care observation | Lakshmi Rao | Vijayawada, Andhra Pradesh | Source: phone_checkin"
R02165,P014,Sneha Joshi,Pune,Maharashtra,2026-02-25,7.1,79.1,7.3,1.9,No,"Indian home-care observation | Sneha Joshi | Pune, Maharashtra | Source: tablet_kiosk"
R02166,P033,Ganesh Iyer,Chennai,Tamil Nadu,2026-02-22,7.9,78.5,6.9,2.9,No,"Indian home-care observation | Ganesh Iyer | Chennai, Tamil Nadu | Source: mobile_app"
R02167,P038,Janani Murugan,Erode,Tamil Nadu,2026-02-11,6.4,70.7,5.9,0.0,No,"Indian home-care observation | Janani Murugan | Erode, Tamil Nadu | Source: wearable_sync"
R02168,P031,Ashok Yadav,Kanpur,Uttar Pradesh,2026-02-25,8.0,59.3,7.0,0.8,No,"Indian home-care observation | Ashok Yadav | Kanpur, Uttar Pradesh | Source: phone_checkin"
R02169,P038,Janani Murugan,Erode,Tamil Nadu,2026-02-12,7.2,68.5,7.5,,No,"Indian home-care observation | Janani Murugan | Erode, Tamil Nadu | Source: wearable_sync"
R02170,P037,Ramesh Chandran,Puducherry,Puducherry,2026-03-05,5.8,86.1,,1.3,No,"Indian home-care observation | Ramesh Chandran | Puducherry, Puducherry | Source: TABLET_KIOSK"
R02171,P037,Ramesh Chandran,Puducherry,Puducherry,2026-03-06,7.0,84.4,7.0,2.0,No,"Indian home-care observation | Ramesh Chandran | Puducherry, Puducherry | Source: phone_checkin"
R02172,P038,Janani Murugan,Erode,Tamil Nadu,2026-02-13,7.2,66.5,6.3,1.8,No,"Indian home-care observation | Janani Murugan | Erode, Tamil Nadu | Source: phone_checkin"
R02173,P028,Swathi Rao,Visakhapatnam,Andhra Pradesh,2026-02-28,7.0,84.5,6.5,3.1,No,"Indian home-care observation | Swathi Rao | Visakhapatnam, Andhra Pradesh | Source: mobile_app"
R02174,P038,Janani Murugan,Erode,Tamil Nadu,2026-02-14,7.2,67.0,7.3,1.4,No,"Indian home-care observation | Janani Murugan | Erode, Tamil Nadu | Source: wearable_sync"
R02175,P012,Kavya Menon,Thiruvananthapuram,Kerala,2026-02-17,6.3,83.3,7.7,2.7,No,"Indian home-care observation | Kavya Menon | Thiruvananthapuram, Kerala | Source: tablet_kiosk"
R02176,P014,Sneha Joshi,Pune,Maharashtra,2026-02-26,7.7,74.0,,2.1,No,"Indian home-care observation | Sneha Joshi | Pune, Maharashtra | Source: tablet_kiosk"
R02177,P021,Ajay Menon,Kozhikode,Kerala,2026-02-17,6.4,80.6,,3.3,No,"Indian home-care observation | Ajay Menon | Kozhikode, Kerala | Source: mobile_app"
R02178,P012,Kavya Menon,Thiruvananthapuram,Kerala,2026-02-18,8.0,100.0,9.4,2.6,No,"Indian home-care observation | Kavya Menon | Thiruvananthapuram, Kerala | Source: wearable_sync"
R02179,P020,Pooja Shah,Surat,Gujarat,2026-02-23,6.7,71.3,5.3,0.9,No,"Indian home-care observation | Pooja Shah | Surat, Gujarat | Source: phone_checkin"
R02180,P011,Rohan Das,Kolkata,West Bengal,2026-02-26,5.6,80.3,5.6,1.3,No,"Indian home-care observation | Rohan Das | Kolkata, West Bengal | Source: tablet_kiosk"
R02181,P017,Naveen Kumar,Mysuru,Karnataka,2026-02-15,7.8,76.1,7.0,1.1,No,"Indian home-care observation | Naveen Kumar | Mysuru, Karnataka | Source: mobile_app"
R02182,P005,Vikram Singh,Mumbai,Maharashtra,2026-02-26,8.6,81.8,6.9,2.2,No,"Indian home-care observation | Vikram Singh | Mumbai, Maharashtra | Source: tablet_kiosk"
R02183,P008,Lakshmi Rao,Vijayawada,Andhra Pradesh,2026-02-15,6.3,92.3,,3.3,No,"Indian home-care observation | Lakshmi Rao | Vijayawada, Andhra Pradesh | Source: wearable_sync"
R02184,P004,Ananya Iyer,Bengaluru,Karnataka,2026-03-08,5.8,62.8,,0.0,No,"Indian home-care observation | Ananya Iyer | Bengaluru, Karnataka | Source: mobile_app"
R02185,P014,Sneha Joshi,Pune,Maharashtra,2026-02-27,7.6,74.3,5.0,2.3,No,"Indian home-care observation | Sneha Joshi | Pune, Maharashtra | Source: wearable_sync"
R02186,P037,Ramesh Chandran,Puducherry,Puducherry,2026-03-07,,87.1,7.4,2.1,No,"Indian home-care observation | Ramesh Chandran | Puducherry, Puducherry | Source: mobile_app"
R02187,P006,Meena Krishnan,Coimbatore,Tamil Nadu,2026-03-03,6.4,92.7,6.2,2.7,No,"Indian home-care observation | Meena Krishnan | Coimbatore, Tamil Nadu | Source: mobile_app"
R02188,P024,Neha Kapoor,New Delhi,Delhi,2026-03-13,6.2,88.5,8.7,1.1,No,"Indian home-care observation | Neha Kapoor | New Delhi, Delhi | Source: phone_checkin"
R02189,P007,Karthik Reddy,Hyderabad,Telangana,2026-03-05,9.2,78.3,6.8,2.4,No,"Indian home-care observation | Karthik Reddy | Hyderabad, Telangana | Source: wearable_sync"
R02190,P024,Neha Kapoor,New Delhi,Delhi,2026-03-14,8.9,81.9,6.3,4.1,No,"Indian home-care observation | Neha Kapoor | New Delhi, Delhi | Source: wearable_sync"
R02191,P030,Nandini Shetty,Mangaluru,Karnataka,2026-02-26,5.6,,2.3,0.0,No,"Indian home-care observation | Nandini Shetty | Mangaluru, Karnataka | Source: phone_checkin"
R02192,P011,Rohan Das,Kolkata,West Bengal,2026-02-27,5.8,78.6,6.5,1.2,No,"Indian home-care observation | Rohan Das | Kolkata, West Bengal | Source: mobile_app"
R02193,P021,Ajay Menon,Kozhikode,Kerala,2026-02-18,6.1,96.8,,2.9,No,"Indian home-care observation | Ajay Menon | Kozhikode, Kerala | Source: phone_checkin"
R02194,P027,Aditya Kulkarni,Nagpur,Maharashtra,2026-02-20,6.0,83.1,8.5,3.0,No,"Indian home-care observation | Aditya Kulkarni | Nagpur, Maharashtra | Source: mobile_app"
R02195,P017,Naveen Kumar,Mysuru,Karnataka,2026-02-16,8.3,74.1,6.0,2.1,No,"Indian home-care observation | Naveen Kumar | Mysuru, Karnataka | Source: wearable_sync"
R02196,P008,Lakshmi Rao,Vijayawada,Andhra Pradesh,2026-02-16,7.2,79.0,6.2,2.1,No,"Indian home-care observation | Lakshmi Rao | Vijayawada, Andhra Pradesh | Source: phone_checkin"
R02197,P006,Meena Krishnan,Coimbatore,Tamil Nadu,2026-03-04,6.3,84.3,5.4,,No,"Indian home-care observation | Meena Krishnan | Coimbatore, Tamil Nadu | Source: tablet_kiosk"
R02198,P030,Nandini Shetty,Mangaluru,Karnataka,2026-02-27,6.5,69.9,3.7,1.6,No,"Indian home-care observation | Nandini Shetty | Mangaluru, Karnataka | Source: mobile_app"
R02199,P030,Nandini Shetty,Mangaluru,Karnataka,2026-02-28,8.2,,5.7,2.4,No,"Indian home-care observation | Nandini Shetty | Mangaluru, Karnataka | Source: mobile_app"
R02200,P001,Arjun Mehta,Chennai,Tamil Nadu,2026-02-21,9.3,,,1.8,No,"Indian home-care observation | Arjun Mehta | Chennai, Tamil Nadu | Source: tablet_kiosk"
R02201,P036,Sowmya N,Hyderabad,Telangana,2026-02-28,7.4,81.0,8.6,2.2,No,"Indian home-care observation | Sowmya N | Hyderabad, Telangana | Source: tablet_kiosk"
R02202,P025,Ravi Prasad,Patna,Bihar,2026-02-15,7.5,72.1,8.9,3.3,No,"Indian home-care observation | Ravi Prasad | Patna, Bihar | Source: tablet_kiosk"
R02203,P036,Sowmya N,Hyderabad,Telangana,2026-03-01,7.6,88.9,,2.8,No,"Indian home-care observation | Sowmya N | Hyderabad, Telangana | Source: mobile_app"
R02204,P012,Kavya Menon,Thiruvananthapuram,Kerala,2026-02-19,6.7,82.1,7.8,2.1,No,"Indian home-care observation | Kavya Menon | Thiruvananthapuram, Kerala | Source: tablet_kiosk"
R02205,P008,Lakshmi Rao,Vijayawada,Andhra Pradesh,2026-02-17,5.5,76.4,5.7,1.9,No,"Indian home-care observation | Lakshmi Rao | Vijayawada, Andhra Pradesh | Source: tablet_kiosk"
R02206,P002,Priya Nair,Kochi,Kerala,2026-02-26,7.9,82.5,5.4,,No,"Indian home-care observation | Priya Nair | Kochi, Kerala | Source: tablet_kiosk"
R02207,P010,Divya Patel,Ahmedabad,Gujarat,2026-02-26,6.8,67.8,7.5,3.1,No,"Indian home-care observation | Divya Patel | Ahmedabad, Gujarat | Source: tablet_kiosk"
R02208,P026,Keerthana S,Tiruchirappalli,Tamil Nadu,2026-02-26,7.5,79.4,5.8,1.4,No,"Indian home-care observation | Keerthana S | Tiruchirappalli, Tamil Nadu | Source: wearable_sync"
R02209,P029,Gopal Krishnan,Madurai,Tamil Nadu,2026-02-22,7.5,86.5,6.9,1.8,No,"Indian home-care observation | Gopal Krishnan | Madurai, Tamil Nadu | Source: tablet_kiosk"
R02210,P037,Ramesh Chandran,Puducherry,Puducherry,2026-03-08,6.3,80.5,7.6,4.2,No,"Indian home-care observation | Ramesh Chandran | Puducherry, Puducherry | Source: tablet_kiosk"
R02211,P018,Harini Reddy,Warangal,Telangana,2026-02-23,7.8,78.5,7.3,2.1,No,"Indian home-care observation | Harini Reddy | Warangal, Telangana | Source: mobile_app"
R02212,P018,Harini Reddy,Warangal,Telangana,2026-02-24,7.5,77.3,7.6,0.9,No,"Indian home-care observation | Harini Reddy | Warangal, Telangana | Source: wearable_sync"
R02213,P030,Nandini Shetty,Mangaluru,Karnataka,2026-03-01,6.9,66.5,2.4,0.6,No,"Indian home-care observation | Nandini Shetty | Mangaluru, Karnataka | Source: tablet_kiosk"
R02214,P004,Ananya Iyer,Bengaluru,Karnataka,2026-03-09,7.8,68.3,6.4,1.3,No,"Indian home-care observation | Ananya Iyer | Bengaluru, Karnataka | Source: wearable_sync"
R02215,P002,Priya Nair,Kochi,Kerala,2026-02-27,7.9,,6.6,2.3,No,"Indian home-care observation | Priya Nair | Kochi, Kerala | Source: phone_checkin"
R02216,P021,Ajay Menon,Kozhikode,Kerala,2026-02-19,6.8,83.2,,3.1,No,"Indian home-care observation | Ajay Menon | Kozhikode, Kerala | Source: mobile_app"
R02217,P011,Rohan Das,Kolkata,West Bengal,2026-02-28,,68.3,6.4,2.8,No,"Indian home-care observation | Rohan Das | Kolkata, West Bengal | Source: phone_checkin"
R02218,P016,Aishwarya Pillai,Kollam,Kerala,2026-02-18,,86.7,8.6,2.8,No,"Indian home-care observation | Aishwarya Pillai | Kollam, Kerala | Source: tablet_kiosk"
R02219,P015,Suresh Babu,Madurai,Tamil Nadu,2026-03-05,10.0,69.4,7.0,3.2,No,"Indian home-care observation | Suresh Babu | Madurai, Tamil Nadu | Source: mobile_app"
R02220,P002,Priya Nair,Kochi,Kerala,2026-02-28,7.8,72.9,5.6,2.6,No,"Indian home-care observation | Priya Nair | Kochi, Kerala | Source: wearable_sync"
R02221,P011,Rohan Das,Kolkata,West Bengal,2026-03-01,5.4,76.4,6.4,2.2,No,"Indian home-care observation | Rohan Das | Kolkata, West Bengal | Source: wearable_sync"
R02222,P017,Naveen Kumar,Mysuru,Karnataka,2026-02-17,7.4,74.1,,2.3,No,"Indian home-care observation | Naveen Kumar | Mysuru, Karnataka | Source: tablet_kiosk"
R02223,P030,Nandini Shetty,Mangaluru,Karnataka,2026-03-02,7.0,66.0,,0.4,No,"Indian home-care observation | Nandini Shetty | Mangaluru, Karnataka | Source: mobile_app"
R02224,P003,Rahul Sharma,Delhi,Delhi,2026-02-14,7.6,88.3,5.8,2.6,No,"Indian home-care observation | Rahul Sharma | Delhi, Delhi | Source: mobile_app"
R02225,P009,Sanjay Kumar,Jaipur,Rajasthan,2026-02-17,7.8,72.8,7.2,3.7,No,"Indian home-care observation | Sanjay Kumar | Jaipur, Rajasthan | Source: mobile_app"
R02226,P036,Sowmya N,Hyderabad,Telangana,2026-03-02,8.2,77.9,7.5,2.3,No,"Indian home-care observation | Sowmya N | Hyderabad, Telangana | Source: tablet_kiosk"
R02227,P016,Aishwarya Pillai,Kollam,Kerala,2026-02-19,,90.5,8.5,3.3,No,"Indian home-care observation | Aishwarya Pillai | Kollam, Kerala | Source: wearable_sync"
R02228,P009,Sanjay Kumar,Jaipur,Rajasthan,2026-02-18,7.2,,6.5,4.1,No,"Indian home-care observation | Sanjay Kumar | Jaipur, Rajasthan | Source: tablet_kiosk"
R02229,P035,Prakash Patil,Nashik,Maharashtra,2026-03-07,6.8,66.8,5.8,1.6,No,"Indian home-care observation | Prakash Patil | Nashik, Maharashtra | Source: WEARABLE_SYNC"
R02230,P008,Lakshmi Rao,Vijayawada,Andhra Pradesh,2026-02-18,6.9,65.6,5.6,2.2,No,"Indian home-care observation | Lakshmi Rao | Vijayawada, Andhra Pradesh | Source: mobile_app"
R02231,P038,Janani Murugan,Erode,Tamil Nadu,2026-02-15,7.6,75.2,7.2,2.3,No,"Indian home-care observation | Janani Murugan | Erode, Tamil Nadu | Source: mobile_app"
R02232,P020,Pooja Shah,Surat,Gujarat,2026-02-24,6.7,78.5,5.3,3.2,No,"Indian home-care observation | Pooja Shah | Surat, Gujarat | Source: tablet_kiosk"
R02233,P037,Ramesh Chandran,Puducherry,Puducherry,2026-03-09,7.2,81.6,,2.8,No,"Indian home-care observation | Ramesh Chandran | Puducherry, Puducherry | Source: mobile_app"
R02234,P039,Imran Khan,Bhopal,Madhya Pradesh,2026-02-23,8.0,71.2,,1.7,No,"Indian home-care observation | Imran Khan | Bhopal, Madhya Pradesh | Source: wearable_sync"
R02235,P015,Suresh Babu,Madurai,Tamil Nadu,2026-03-06,9.8,74.8,6.8,1.1,No,"Indian home-care observation | Suresh Babu | Madurai, Tamil Nadu | Source: phone_checkin"
R02236,P038,Janani Murugan,Erode,Tamil Nadu,2026-02-16,7.3,72.0,6.3,2.1,No,"Indian home-care observation | Janani Murugan | Erode, Tamil Nadu | Source: mobile_app"
R02237,P019,Deepak Verma,Chandigarh,Chandigarh,2026-02-27,9.3,81.7,6.0,2.7,No,"Indian home-care observation | Deepak Verma | Chandigarh, Chandigarh | Source: phone_checkin"
R02238,P026,Keerthana S,Tiruchirappalli,Tamil Nadu,2026-02-27,7.2,78.6,6.2,2.5,Yes,"Indian home-care observation | Keerthana S | Tiruchirappalli, Tamil Nadu | Source: phone_checkin"
R02239,P038,Janani Murugan,Erode,Tamil Nadu,2026-02-17,7.9,77.5,6.9,0.9,No,"Indian home-care observation | Janani Murugan | Erode, Tamil Nadu | Source: tablet_kiosk"
R02240,P035,Prakash Patil,Nashik,Maharashtra,2026-03-08,6.6,73.0,6.0,2.5,No,"Indian home-care observation | Prakash Patil | Nashik, Maharashtra | Source: mobile_app"
R02241,P014,Sneha Joshi,Pune,Maharashtra,2026-02-28,10.0,85.5,,3.7,No,"Indian home-care observation | Sneha Joshi | Pune, Maharashtra | Source: wearable_sync"
R02242,P007,Karthik Reddy,Hyderabad,Telangana,2026-03-06,,87.1,5.7,2.7,No,"Indian home-care observation | Karthik Reddy | Hyderabad, Telangana | Source: mobile_app"
R02243,P011,Rohan Das,Kolkata,West Bengal,2026-03-02,6.8,,6.8,2.3,No,"Indian home-care observation | Rohan Das | Kolkata, West Bengal | Source: phone_checkin"
R02244,P011,Rohan Das,Kolkata,West Bengal,2026-03-03,6.7,78.2,5.2,,No,"Indian home-care observation | Rohan Das | Kolkata, West Bengal | Source: mobile_app"
R02245,P027,Aditya Kulkarni,Nagpur,Maharashtra,2026-02-21,,78.4,9.2,1.5,No,"Indian home-care observation | Aditya Kulkarni | Nagpur, Maharashtra | Source: TABLET_KIOSK"
R02246,P027,Aditya Kulkarni,Nagpur,Maharashtra,2026-02-22,6.2,76.5,9.2,2.4,Yes,"Indian home-care observation | Aditya Kulkarni | Nagpur, Maharashtra | Source: mobile_app"
R02247,P023,Mohan Raj,Salem,Tamil Nadu,2026-03-01,6.2,92.7,5.9,1.8,No,"Indian home-care observation | Mohan Raj | Salem, Tamil Nadu | Source: tablet_kiosk"
R02248,P024,Neha Kapoor,New Delhi,Delhi,2026-03-15,7.3,83.5,6.1,1.5,No,"Indian home-care observation | Neha Kapoor | New Delhi, Delhi | Source: mobile_app"
R02249,P040,Deepa Thomas,Thrissur,Kerala,2026-02-22,5.4,86.5,5.4,0.4,No,"Indian home-care observation | Deepa Thomas | Thrissur, Kerala | Source: wearable_sync"
R02250,P004,Ananya Iyer,Bengaluru,Karnataka,2026-03-10,7.6,69.3,6.3,1.8,No,"Indian home-care observation | Ananya Iyer | Bengaluru, Karnataka | Source: mobile_app"
R02251,P032,Bhavana R,Bengaluru,Karnataka,2026-03-04,8.4,89.5,8.5,3.6,No,"Indian home-care observation | Bhavana R | Bengaluru, Karnataka | Source: phone_checkin"
R02252,P032,Bhavana R,Bengaluru,Karnataka,2026-03-05,,100.0,,2.4,No,"Indian home-care observation | Bhavana R | Bengaluru, Karnataka | Source: wearable_sync"
R02253,P011,Rohan Das,Kolkata,West Bengal,2026-03-04,6.2,73.2,7.0,2.2,No,"Indian home-care observation | Rohan Das | Kolkata, West Bengal | Source: phone_checkin"
R02254,P007,Karthik Reddy,Hyderabad,Telangana,2026-03-07,7.3,,6.2,2.7,No,"Indian home-care observation | Karthik Reddy | Hyderabad, Telangana | Source: mobile_app"
R02255,P013,Manoj Gupta,Lucknow,Uttar Pradesh,2026-02-26,8.5,80.0,7.0,2.7,No,"Indian home-care observation | Manoj Gupta | Lucknow, Uttar Pradesh | Source: phone_checkin"
R02256,P009,Sanjay Kumar,Jaipur,Rajasthan,2026-02-19,7.6,79.8,6.8,2.6,No,"Indian home-care observation | Sanjay Kumar | Jaipur, Rajasthan | Source: phone_checkin"
R02257,P014,Sneha Joshi,Pune,Maharashtra,2026-03-01,8.9,72.7,5.4,3.1,No,"Indian home-care observation | Sneha Joshi | Pune, Maharashtra | Source: mobile_app"
R02258,P002,Priya Nair,Kochi,Kerala,2026-03-01,8.1,81.0,6.2,3.3,No,"Indian home-care observation | Priya Nair | Kochi, Kerala | Source: mobile_app"
R02259,P031,Ashok Yadav,Kanpur,Uttar Pradesh,2026-02-26,6.7,53.6,6.8,2.1,No,"Indian home-care observation | Ashok Yadav | Kanpur, Uttar Pradesh | Source: tablet_kiosk"
R02260,P018,Harini Reddy,Warangal,Telangana,2026-02-25,7.8,74.1,,3.9,No,"Indian home-care observation | Harini Reddy | Warangal, Telangana | Source: wearable_sync"
R02261,P001,Arjun Mehta,Chennai,Tamil Nadu,2026-02-22,8.7,69.5,7.2,2.5,No,"Indian home-care observation | Arjun Mehta | Chennai, Tamil Nadu | Source: phone_checkin"
R02262,P023,Mohan Raj,Salem,Tamil Nadu,2026-03-02,7.0,100.0,7.1,3.1,No,"Indian home-care observation | Mohan Raj | Salem, Tamil Nadu | Source: mobile_app"
R02263,P040,Deepa Thomas,Thrissur,Kerala,2026-02-23,4.6,80.3,5.1,1.6,No,"Indian home-care observation | Deepa Thomas | Thrissur, Kerala | Source: phone_checkin"
R02264,P019,Deepak Verma,Chandigarh,Chandigarh,2026-02-28,7.4,66.9,7.3,2.1,No,"Indian home-care observation | Deepak Verma | Chandigarh, Chandigarh | Source: mobile_app"
R02265,P004,Ananya Iyer,Bengaluru,Karnataka,2026-03-11,9.8,78.0,7.6,3.1,No,"Indian home-care observation | Ananya Iyer | Bengaluru, Karnataka | Source: tablet_kiosk"
R02266,P026,Keerthana S,Tiruchirappalli,Tamil Nadu,2026-02-28,6.2,83.0,,1.2,No,"Indian home-care observation | Keerthana S | Tiruchirappalli, Tamil Nadu | Source: phone_checkin"
R02267,P006,Meena Krishnan,Coimbatore,Tamil Nadu,2026-03-05,6.2,86.3,7.5,4.2,No,"Indian home-care observation | Meena Krishnan | Coimbatore, Tamil Nadu | Source: tablet_kiosk"
R02268,P016,Aishwarya Pillai,Kollam,Kerala,2026-02-20,7.3,85.5,,2.7,No,"Indian home-care observation | Aishwarya Pillai | Kollam, Kerala | Source: mobile_app"
R02269,P036,Sowmya N,Hyderabad,Telangana,2026-03-03,,85.1,7.3,1.4,No,"Indian home-care observation | Sowmya N | Hyderabad, Telangana | Source: tablet_kiosk"
R02270,P035,Prakash Patil,Nashik,Maharashtra,2026-03-09,7.3,77.9,6.9,3.9,No,"Indian home-care observation | Prakash Patil | Nashik, Maharashtra | Source: tablet_kiosk"
R02271,P027,Aditya Kulkarni,Nagpur,Maharashtra,2026-02-23,6.6,75.5,8.1,3.9,No,"Indian home-care observation | Aditya Kulkarni | Nagpur, Maharashtra | Source: tablet_kiosk"
R02272,P015,Suresh Babu,Madurai,Tamil Nadu,2026-03-07,9.6,71.7,6.5,2.6,No,"Indian home-care observation | Suresh Babu | Madurai, Tamil Nadu | Source: tablet_kiosk"
R02273,P028,Swathi Rao,Visakhapatnam,Andhra Pradesh,2026-03-01,7.4,82.2,6.5,2.6,No,"Indian home-care observation | Swathi Rao | Visakhapatnam, Andhra Pradesh | Source: mobile_app"
R02274,P026,Keerthana S,Tiruchirappalli,Tamil Nadu,2026-03-01,7.2,83.8,5.6,2.3,No,"Indian home-care observation | Keerthana S | Tiruchirappalli, Tamil Nadu | Source: wearable_sync"
R02275,P022,Shreya Das,Bhubaneswar,Odisha,2026-02-19,8.4,68.8,2.3,3.2,No,"Indian home-care observation | Shreya Das | Bhubaneswar, Odisha | Source: mobile_app"
R02276,P033,Ganesh Iyer,Chennai,Tamil Nadu,2026-02-23,8.4,81.9,6.7,1.2,No,"Indian home-care observation | Ganesh Iyer | Chennai, Tamil Nadu | Source: phone_checkin"
R02277,P012,Kavya Menon,Thiruvananthapuram,Kerala,2026-02-20,7.3,97.8,8.9,1.6,No,"Indian home-care observation | Kavya Menon | Thiruvananthapuram, Kerala | Source: wearable_sync"
R02278,P026,Keerthana S,Tiruchirappalli,Tamil Nadu,2026-03-02,7.3,77.3,6.3,3.1,Yes,"Indian home-care observation | Keerthana S | Tiruchirappalli, Tamil Nadu | Source: mobile_app"
R02279,P038,Janani Murugan,Erode,Tamil Nadu,2026-02-18,7.4,74.9,7.4,2.4,No,"Indian home-care observation | Janani Murugan | Erode, Tamil Nadu | Source: phone_checkin"
R02280,P035,Prakash Patil,Nashik,Maharashtra,2026-03-10,6.2,64.7,6.8,0.2,No,"Indian home-care observation | Prakash Patil | Nashik, Maharashtra | Source: tablet_kiosk"
R02281,P026,Keerthana S,Tiruchirappalli,Tamil Nadu,2026-03-03,7.2,85.5,6.0,5.2,No,"Indian home-care observation | Keerthana S | Tiruchirappalli, Tamil Nadu | Source: phone_checkin"
R02282,P029,Gopal Krishnan,Madurai,Tamil Nadu,2026-02-23,7.1,81.5,6.9,2.8,No,"Indian home-care observation | Gopal Krishnan | Madurai, Tamil Nadu | Source: tablet_kiosk"
R02283,P039,Imran Khan,Bhopal,Madhya Pradesh,2026-02-24,7.7,72.4,8.1,1.4,No,"Indian home-care observation | Imran Khan | Bhopal, Madhya Pradesh | Source: tablet_kiosk"
R02284,P006,Meena Krishnan,Coimbatore,Tamil Nadu,2026-03-06,6.8,92.6,7.9,3.1,Yes,"Indian home-care observation | Meena Krishnan | Coimbatore, Tamil Nadu | Source: wearable_sync"
R02285,P023,Mohan Raj,Salem,Tamil Nadu,2026-03-03,6.7,93.0,6.5,2.1,No,"Indian home-care observation | Mohan Raj | Salem, Tamil Nadu | Source: mobile_app"
R02286,P039,Imran Khan,Bhopal,Madhya Pradesh,2026-02-25,8.0,,8.0,1.2,No,"Indian home-care observation | Imran Khan | Bhopal, Madhya Pradesh | Source: phone_checkin"
R02287,P009,Sanjay Kumar,Jaipur,Rajasthan,2026-02-20,7.4,,7.2,2.8,No,"Indian home-care observation | Sanjay Kumar | Jaipur, Rajasthan | Source: phone_checkin"
R02288,P031,Ashok Yadav,Kanpur,Uttar Pradesh,2026-02-27,7.9,60.4,,1.7,No,"Indian home-care observation | Ashok Yadav | Kanpur, Uttar Pradesh | Source: phone_checkin"
R02289,P003,Rahul Sharma,Delhi,Delhi,2026-02-15,,70.1,6.8,1.4,No,"Indian home-care observation | Rahul Sharma | Delhi, Delhi | Source: mobile_app"
R02290,P016,Aishwarya Pillai,Kollam,Kerala,2026-02-21,7.8,92.1,9.3,2.1,No,"Indian home-care observation | Aishwarya Pillai | Kollam, Kerala | Source: phone_checkin"
R02291,P017,Naveen Kumar,Mysuru,Karnataka,2026-02-18,8.2,83.6,7.4,2.3,No,"Indian home-care observation | Naveen Kumar | Mysuru, Karnataka | Source: mobile_app"
R02292,P005,Vikram Singh,Mumbai,Maharashtra,2026-02-27,9.6,84.6,7.7,3.7,No,"Indian home-care observation | Vikram Singh | Mumbai, Maharashtra | Source: mobile_app"
R02293,P006,Meena Krishnan,Coimbatore,Tamil Nadu,2026-03-07,6.1,91.5,6.4,2.0,No,"Indian home-care observation | Meena Krishnan | Coimbatore, Tamil Nadu | Source: phone_checkin"
R02294,P021,Ajay Menon,Kozhikode,Kerala,2026-02-20,5.8,82.0,,2.1,No,"Indian home-care observation | Ajay Menon | Kozhikode, Kerala | Source: wearable_sync"
R02295,P034,Madhuri Naik,Panaji,Goa,2026-02-12,8.1,91.1,,2.8,Yes,"Indian home-care observation | Madhuri Naik | Panaji, Goa | Source: tablet_kiosk"
R02296,P020,Pooja Shah,Surat,Gujarat,2026-02-25,6.8,82.2,6.8,2.1,No,"Indian home-care observation | Pooja Shah | Surat, Gujarat | Source: phone_checkin"
R02297,P038,Janani Murugan,Erode,Tamil Nadu,2026-02-19,7.5,77.9,7.3,3.0,No,"Indian home-care observation | Janani Murugan | Erode, Tamil Nadu | Source: phone_checkin"
R02298,P019,Deepak Verma,Chandigarh,Chandigarh,2026-03-01,8.9,69.9,7.5,3.4,No,"Indian home-care observation | Deepak Verma | Chandigarh, Chandigarh | Source: tablet_kiosk"
R02299,P001,Arjun Mehta,Chennai,Tamil Nadu,2026-02-23,8.1,70.9,6.9,2.2,No,"Indian home-care observation | Arjun Mehta | Chennai, Tamil Nadu | Source: wearable_sync"
R02300,P004,Ananya Iyer,Bengaluru,Karnataka,2026-03-12,7.0,64.0,6.2,0.8,No,"Indian home-care observation | Ananya Iyer | Bengaluru, Karnataka | Source: wearable_sync"
R02301,P009,Sanjay Kumar,Jaipur,Rajasthan,2026-02-21,,75.6,6.5,1.5,No,"Indian home-care observation | Sanjay Kumar | Jaipur, Rajasthan | Source: mobile_app"
R02302,P018,Harini Reddy,Warangal,Telangana,2026-02-26,7.3,79.2,7.4,3.8,No,"Indian home-care observation | Harini Reddy | Warangal, Telangana | Source: tablet_kiosk"
R02303,P032,Bhavana R,Bengaluru,Karnataka,2026-03-06,7.6,86.4,8.6,2.3,No,"Indian home-care observation | Bhavana R | Bengaluru, Karnataka | Source: mobile_app"
R02304,P035,Prakash Patil,Nashik,Maharashtra,2026-03-11,,67.6,7.2,2.4,No,"Indian home-care observation | Prakash Patil | Nashik, Maharashtra | Source: mobile_app"
R02305,P013,Manoj Gupta,Lucknow,Uttar Pradesh,2026-02-27,,77.7,6.7,1.0,No,"Indian home-care observation | Manoj Gupta | Lucknow, Uttar Pradesh | Source: nan"
R02306,P003,Rahul Sharma,Delhi,Delhi,2026-02-16,7.2,77.2,8.4,1.9,No,"Indian home-care observation | Rahul Sharma | Delhi, Delhi | Source: phone_checkin"
R02307,P018,Harini Reddy,Warangal,Telangana,2026-02-27,7.8,77.2,7.5,2.6,No,"Indian home-care observation | Harini Reddy | Warangal, Telangana | Source: mobile_app"
R02308,P018,Harini Reddy,Warangal,Telangana,2026-02-28,8.2,78.8,7.1,4.9,No,"Indian home-care observation | Harini Reddy | Warangal, Telangana | Source: wearable_sync"
R02309,P003,Rahul Sharma,Delhi,Delhi,2026-02-17,7.8,78.1,7.4,1.1,No,"Indian home-care observation | Rahul Sharma | Delhi, Delhi | Source: tablet_kiosk"
R02310,P003,Rahul Sharma,Delhi,Delhi,2026-02-18,9.2,76.8,7.1,3.6,Yes,"Indian home-care observation | Rahul Sharma | Delhi, Delhi | Source: wearable_sync"
R02311,P018,Harini Reddy,Warangal,Telangana,2026-03-01,7.6,81.6,7.5,2.7,No,"Indian home-care observation | Harini Reddy | Warangal, Telangana | Source: tablet_kiosk"
R02312,P009,Sanjay Kumar,Jaipur,Rajasthan,2026-02-22,,81.4,7.7,2.2,No,"Indian home-care observation | Sanjay Kumar | Jaipur, Rajasthan | Source: tablet_kiosk"
R02313,P021,Ajay Menon,Kozhikode,Kerala,2026-02-21,6.4,83.3,5.1,3.1,No,"Indian home-care observation | Ajay Menon | Kozhikode, Kerala | Source: tablet_kiosk"
R02314,P010,Divya Patel,Ahmedabad,Gujarat,2026-02-27,6.0,72.7,7.1,2.5,No,"Indian home-care observation | Divya Patel | Ahmedabad, Gujarat | Source: wearable_sync"
R02315,P011,Rohan Das,Kolkata,West Bengal,2026-03-05,7.1,77.0,7.2,1.9,No,"Indian home-care observation | Rohan Das | Kolkata, West Bengal | Source: mobile_app"
R02316,P006,Meena Krishnan,Coimbatore,Tamil Nadu,2026-03-08,5.5,84.8,5.8,2.0,No,"Indian home-care observation | Meena Krishnan | Coimbatore, Tamil Nadu | Source: tablet_kiosk"
R02317,P018,Harini Reddy,Warangal,Telangana,2026-03-02,8.2,76.5,7.3,2.4,No,"Indian home-care observation | Harini Reddy | Warangal, Telangana | Source: wearable_sync"
R02318,P007,Karthik Reddy,Hyderabad,Telangana,2026-03-08,9.8,82.1,7.8,4.3,No,"Indian home-care observation | Karthik Reddy | Hyderabad, Telangana | Source: tablet_kiosk"
R02319,P040,Deepa Thomas,Thrissur,Kerala,2026-02-24,7.0,,6.8,2.3,No,"Indian home-care observation | Deepa Thomas | Thrissur, Kerala | Source: phone_checkin"
R02320,P032,Bhavana R,Bengaluru,Karnataka,2026-03-07,7.7,97.2,7.6,,No,"Indian home-care observation | Bhavana R | Bengaluru, Karnataka | Source: wearable_sync"
R02321,P016,Aishwarya Pillai,Kollam,Kerala,2026-02-22,7.9,83.7,8.6,2.8,No,"Indian home-care observation | Aishwarya Pillai | Kollam, Kerala | Source: tablet_kiosk"
R02322,P017,Naveen Kumar,Mysuru,Karnataka,2026-02-19,7.8,77.4,6.9,0.9,No,"Indian home-care observation | Naveen Kumar | Mysuru, Karnataka | Source: phone_checkin"
R02323,P025,Ravi Prasad,Patna,Bihar,2026-02-16,6.3,77.1,,0.8,No,"Indian home-care observation | Ravi Prasad | Patna, Bihar | Source: wearable_sync"
R02324,P035,Prakash Patil,Nashik,Maharashtra,2026-03-12,6.8,71.3,6.7,1.1,No,"Indian home-care observation | Prakash Patil | Nashik, Maharashtra | Source: mobile_app"
R02325,P016,Aishwarya Pillai,Kollam,Kerala,2026-02-23,7.1,81.8,9.0,3.0,No,"Indian home-care observation | Aishwarya Pillai | Kollam, Kerala | Source: mobile_app"
R02326,P005,Vikram Singh,Mumbai,Maharashtra,2026-02-28,8.9,79.1,7.6,,No,"Indian home-care observation | Vikram Singh | Mumbai, Maharashtra | Source: phone_checkin"
R02327,P015,Suresh Babu,Madurai,Tamil Nadu,2026-03-08,10.0,72.9,7.6,2.7,No,"Indian home-care observation | Suresh Babu | Madurai, Tamil Nadu | Source: mobile_app"
R02328,P013,Manoj Gupta,Lucknow,Uttar Pradesh,2026-02-28,8.7,87.2,7.1,2.6,No,"Indian home-care observation | Manoj Gupta | Lucknow, Uttar Pradesh | Source: wearable_sync"
R02329,P019,Deepak Verma,Chandigarh,Chandigarh,2026-03-02,8.2,70.9,6.8,1.8,No,"Indian home-care observation | Deepak Verma | Chandigarh, Chandigarh | Source: phone_checkin"
R02330,P016,Aishwarya Pillai,Kollam,Kerala,2026-02-24,7.4,87.7,8.9,,No,"Indian home-care observation | Aishwarya Pillai | Kollam, Kerala | Source: tablet_kiosk"
R02331,P037,Ramesh Chandran,Puducherry,Puducherry,2026-03-10,7.3,83.6,7.7,2.9,No,"Indian home-care observation | Ramesh Chandran | Puducherry, Puducherry | Source: mobile_app"
R02332,P003,Rahul Sharma,Delhi,Delhi,2026-02-19,7.2,83.1,5.4,2.4,No,"Indian home-care observation | Rahul Sharma | Delhi, Delhi | Source: phone_checkin"
R02333,P002,Priya Nair,Kochi,Kerala,2026-03-02,8.4,81.3,6.0,2.3,No,"Indian home-care observation | Priya Nair | Kochi, Kerala | Source: mobile_app"
R02334,P018,Harini Reddy,Warangal,Telangana,2026-03-03,8.0,79.3,,2.9,No,"Indian home-care observation | Harini Reddy | Warangal, Telangana | Source: wearable_sync"
R02335,P033,Ganesh Iyer,Chennai,Tamil Nadu,2026-02-24,8.2,81.0,,2.2,No,"Indian home-care observation | Ganesh Iyer | Chennai, Tamil Nadu | Source: phone_checkin"
R02336,P029,Gopal Krishnan,Madurai,Tamil Nadu,2026-02-24,7.5,89.3,6.4,0.9,No,"Indian home-care observation | Gopal Krishnan | Madurai, Tamil Nadu | Source: wearable_sync"
R02337,P016,Aishwarya Pillai,Kollam,Kerala,2026-02-25,7.4,78.0,8.6,3.2,No,"Indian home-care observation | Aishwarya Pillai | Kollam, Kerala | Source: phone_checkin"
R02338,P040,Deepa Thomas,Thrissur,Kerala,2026-02-25,7.4,89.3,,0.2,No,"Indian home-care observation | Deepa Thomas | Thrissur, Kerala | Source: tablet_kiosk"
R02339,P025,Ravi Prasad,Patna,Bihar,2026-02-17,5.8,75.9,,0.9,Yes,"Indian home-care observation | Ravi Prasad | Patna, Bihar | Source: mobile_app"
R02340,P013,Manoj Gupta,Lucknow,Uttar Pradesh,2026-03-01,7.0,78.2,6.0,1.7,No,"Indian home-care observation | Manoj Gupta | Lucknow, Uttar Pradesh | Source: phone_checkin"
R02341,P024,Neha Kapoor,New Delhi,Delhi,2026-03-16,6.5,82.8,8.1,0.9,No,"Indian home-care observation | Neha Kapoor | New Delhi, Delhi | Source: wearable_sync"
R02342,P011,Rohan Das,Kolkata,West Bengal,2026-03-06,6.0,77.8,6.3,,No,"Indian home-care observation | Rohan Das | Kolkata, West Bengal | Source: tablet_kiosk"
R02343,P032,Bhavana R,Bengaluru,Karnataka,2026-03-08,7.6,86.8,7.5,3.1,No,"Indian home-care observation | Bhavana R | Bengaluru, Karnataka | Source: mobile_app"
R02344,P016,Aishwarya Pillai,Kollam,Kerala,2026-02-26,7.3,85.8,,3.8,No,"Indian home-care observation | Aishwarya Pillai | Kollam, Kerala | Source: tablet_kiosk"
R02345,P039,Imran Khan,Bhopal,Madhya Pradesh,2026-02-26,7.1,,8.2,2.4,No,"Indian home-care observation | Imran Khan | Bhopal, Madhya Pradesh | Source: phone_checkin"
R02346,P031,Ashok Yadav,Kanpur,Uttar Pradesh,2026-02-28,7.6,56.0,5.9,1.3,No,"Indian home-care observation | Ashok Yadav | Kanpur, Uttar Pradesh | Source: wearable_sync"
R02347,P027,Aditya Kulkarni,Nagpur,Maharashtra,2026-02-24,,76.7,8.6,2.6,No,"Indian home-care observation | Aditya Kulkarni | Nagpur, Maharashtra | Source: tablet_kiosk"
R02348,P040,Deepa Thomas,Thrissur,Kerala,2026-02-26,5.5,77.6,4.3,1.4,No,"Indian home-care observation | Deepa Thomas | Thrissur, Kerala | Source: wearable_sync"
R02349,P019,Deepak Verma,Chandigarh,Chandigarh,2026-03-03,9.0,81.3,,2.4,No,"Indian home-care observation | Deepak Verma | Chandigarh, Chandigarh | Source: tablet_kiosk"
R02350,P020,Pooja Shah,Surat,Gujarat,2026-02-26,6.0,75.6,6.1,2.0,No,"Indian home-care observation | Pooja Shah | Surat, Gujarat | Source: phone_checkin"
R02351,P021,Ajay Menon,Kozhikode,Kerala,2026-02-22,5.7,95.3,5.8,1.8,No,"Indian home-care observation | Ajay Menon | Kozhikode, Kerala | Source: wearable_sync"
R02352,P021,Ajay Menon,Kozhikode,Kerala,2026-02-23,5.7,90.2,6.1,2.4,No,"Indian home-care observation | Ajay Menon | Kozhikode, Kerala | Source: wearable_sync"
R02353,P003,Rahul Sharma,Delhi,Delhi,2026-02-20,7.8,80.0,7.6,2.3,No,"Indian home-care observation | Rahul Sharma | Delhi, Delhi | Source: wearable_sync"
R02354,P010,Divya Patel,Ahmedabad,Gujarat,2026-02-28,,58.4,6.6,2.1,No,"Indian home-care observation | Divya Patel | Ahmedabad, Gujarat | Source: tablet_kiosk"
R02355,P001,Arjun Mehta,Chennai,Tamil Nadu,2026-02-24,8.9,71.6,,3.3,No,"Indian home-care observation | Arjun Mehta | Chennai, Tamil Nadu | Source: wearable_sync"
R02356,P021,Ajay Menon,Kozhikode,Kerala,2026-02-24,6.5,97.7,6.0,2.6,No,"Indian home-care observation | Ajay Menon | Kozhikode, Kerala | Source: nan"
R02357,P038,Janani Murugan,Erode,Tamil Nadu,2026-02-20,7.8,71.3,7.5,1.2,No,"Indian home-care observation | Janani Murugan | Erode, Tamil Nadu | Source: tablet_kiosk"
R02358,P036,Sowmya N,Hyderabad,Telangana,2026-03-04,8.3,81.5,7.6,3.8,No,"Indian home-care observation | Sowmya N | Hyderabad, Telangana | Source: wearable_sync"
R02359,P023,Mohan Raj,Salem,Tamil Nadu,2026-03-04,7.2,91.7,,3.4,No,"Indian home-care observation | Mohan Raj | Salem, Tamil Nadu | Source: mobile_app"
R02360,P018,Harini Reddy,Warangal,Telangana,2026-03-04,7.7,76.7,,1.8,No,"Indian home-care observation | Harini Reddy | Warangal, Telangana | Source: phone_checkin"
R02361,P003,Rahul Sharma,Delhi,Delhi,2026-02-21,7.7,,7.7,1.3,No,"Indian home-care observation | Rahul Sharma | Delhi, Delhi | Source: mobile_app"
R02362,P004,Ananya Iyer,Bengaluru,Karnataka,2026-03-13,8.6,78.1,,2.1,No,"Indian home-care observation | Ananya Iyer | Bengaluru, Karnataka | Source: phone_checkin"
R02363,P001,Arjun Mehta,Chennai,Tamil Nadu,2026-02-25,8.0,,,3.7,No,"Indian home-care observation | Arjun Mehta | Chennai, Tamil Nadu | Source: mobile_app"
R02364,P038,Janani Murugan,Erode,Tamil Nadu,2026-02-21,7.3,75.8,7.1,2.1,No,"Indian home-care observation | Janani Murugan | Erode, Tamil Nadu | Source: mobile_app"
R02365,P023,Mohan Raj,Salem,Tamil Nadu,2026-03-05,6.4,93.3,6.5,0.7,No,"Indian home-care observation | Mohan Raj | Salem, Tamil Nadu | Source: mobile_app"
R02366,P026,Keerthana S,Tiruchirappalli,Tamil Nadu,2026-03-04,7.2,83.5,,,No,"Indian home-care observation | Keerthana S | Tiruchirappalli, Tamil Nadu | Source: tablet_kiosk"
R02367,P033,Ganesh Iyer,Chennai,Tamil Nadu,2026-02-25,8.6,78.4,6.6,2.4,No,"Indian home-care observation | Ganesh Iyer | Chennai, Tamil Nadu | Source: mobile_app"
R02368,P022,Shreya Das,Bhubaneswar,Odisha,2026-02-20,8.9,69.5,3.2,2.8,No,"Indian home-care observation | Shreya Das | Bhubaneswar, Odisha | Source: tablet_kiosk"
R02369,P035,Prakash Patil,Nashik,Maharashtra,2026-03-13,7.4,66.9,6.4,1.6,No,"Indian home-care observation | Prakash Patil | Nashik, Maharashtra | Source: phone_checkin"
R02370,P013,Manoj Gupta,Lucknow,Uttar Pradesh,2026-03-02,8.0,,6.5,0.9,No,"Indian home-care observation | Manoj Gupta | Lucknow, Uttar Pradesh | Source: wearable_sync"
R02371,P025,Ravi Prasad,Patna,Bihar,2026-02-18,7.0,82.2,,2.9,No,"Indian home-care observation | Ravi Prasad | Patna, Bihar | Source: phone_checkin"
R02372,P004,Ananya Iyer,Bengaluru,Karnataka,2026-03-14,7.8,76.2,,0.9,No,"Indian home-care observation | Ananya Iyer | Bengaluru, Karnataka | Source: phone_checkin"
R02373,P011,Rohan Das,Kolkata,West Bengal,2026-03-07,6.9,82.2,5.8,2.8,No,"Indian home-care observation | Rohan Das | Kolkata, West Bengal | Source: mobile_app"
R02374,P005,Vikram Singh,Mumbai,Maharashtra,2026-03-01,8.9,81.1,7.2,2.1,No,"Indian home-care observation | Vikram Singh | Mumbai, Maharashtra | Source: phone_checkin"
R02375,P012,Kavya Menon,Thiruvananthapuram,Kerala,2026-02-21,7.2,95.3,9.2,2.7,No,"Indian home-care observation | Kavya Menon | Thiruvananthapuram, Kerala | Source: mobile_app"
R02376,P003,Rahul Sharma,Delhi,Delhi,2026-02-22,8.5,70.5,,2.3,No,"Indian home-care observation | Rahul Sharma | Delhi, Delhi | Source: phone_checkin"
R02377,P028,Swathi Rao,Visakhapatnam,Andhra Pradesh,2026-03-02,6.9,85.8,7.2,0.9,No,"Indian home-care observation | Swathi Rao | Visakhapatnam, Andhra Pradesh | Source: tablet_kiosk"
R02378,P004,Ananya Iyer,Bengaluru,Karnataka,2026-03-15,7.6,71.3,,0.8,No,"Indian home-care observation | Ananya Iyer | Bengaluru, Karnataka | Source: mobile_app"
R02379,P037,Ramesh Chandran,Puducherry,Puducherry,2026-03-11,6.6,85.9,7.0,2.9,No,"Indian home-care observation | Ramesh Chandran | Puducherry, Puducherry | Source: wearable_sync"
R02380,P021,Ajay Menon,Kozhikode,Kerala,2026-02-25,6.5,71.8,6.7,0.7,No,"Indian home-care observation | Ajay Menon | Kozhikode, Kerala | Source: mobile_app"
R02381,P017,Naveen Kumar,Mysuru,Karnataka,2026-02-20,8.0,90.4,,1.9,No,"Indian home-care observation | Naveen Kumar | Mysuru, Karnataka | Source: phone_checkin"
R02382,P028,Swathi Rao,Visakhapatnam,Andhra Pradesh,2026-03-03,7.6,82.3,6.2,2.4,No,"Indian home-care observation | Swathi Rao | Visakhapatnam, Andhra Pradesh | Source: wearable_sync"
R02383,P003,Rahul Sharma,Delhi,Delhi,2026-02-23,6.6,87.7,5.2,0.9,No,"Indian home-care observation | Rahul Sharma | Delhi, Delhi | Source: mobile_app"
R02384,P023,Mohan Raj,Salem,Tamil Nadu,2026-03-06,7.4,100.0,7.1,3.2,No,"Indian home-care observation | Mohan Raj | Salem, Tamil Nadu | Source: WEARABLE_SYNC"
R02385,P019,Deepak Verma,Chandigarh,Chandigarh,2026-03-04,8.6,74.6,6.3,2.4,No,"Indian home-care observation | Deepak Verma | Chandigarh, Chandigarh | Source: mobile_app"
R02386,P018,Harini Reddy,Warangal,Telangana,2026-03-05,8.4,73.0,7.5,3.6,No,"Indian home-care observation | Harini Reddy | Warangal, Telangana | Source: tablet_kiosk"
R02387,P030,Nandini Shetty,Mangaluru,Karnataka,2026-03-03,7.2,76.0,4.7,1.4,No,"Indian home-care observation | Nandini Shetty | Mangaluru, Karnataka | Source: nan"
R02388,P040,Deepa Thomas,Thrissur,Kerala,2026-02-27,6.9,85.7,5.7,,No,"Indian home-care observation | Deepa Thomas | Thrissur, Kerala | Source: phone_checkin"
R02389,P004,Ananya Iyer,Bengaluru,Karnataka,2026-03-16,7.5,,6.0,0.7,No,"Indian home-care observation | Ananya Iyer | Bengaluru, Karnataka | Source: nan"
R02390,P018,Harini Reddy,Warangal,Telangana,2026-03-06,7.8,83.2,7.0,1.7,No,"Indian home-care observation | Harini Reddy | Warangal, Telangana | Source: tablet_kiosk"
R02391,P037,Ramesh Chandran,Puducherry,Puducherry,2026-03-12,,,8.1,2.2,No,"Indian home-care observation | Ramesh Chandran | Puducherry, Puducherry | Source: phone_checkin"
R02392,P017,Naveen Kumar,Mysuru,Karnataka,2026-02-21,8.8,81.0,6.3,,No,"Indian home-care observation | Naveen Kumar | Mysuru, Karnataka | Source: mobile_app"
R02393,P035,Prakash Patil,Nashik,Maharashtra,2026-03-14,6.3,61.2,6.6,2.0,No,"Indian home-care observation | Prakash Patil | Nashik, Maharashtra | Source: wearable_sync"
R02394,P029,Gopal Krishnan,Madurai,Tamil Nadu,2026-02-25,7.5,82.3,6.9,3.2,No,"Indian home-care observation | Gopal Krishnan | Madurai, Tamil Nadu | Source: wearable_sync"
R02395,P008,Lakshmi Rao,Vijayawada,Andhra Pradesh,2026-02-19,6.8,74.3,6.6,2.8,No,"Indian home-care observation | Lakshmi Rao | Vijayawada, Andhra Pradesh | Source: mobile_app"
R02396,P019,Deepak Verma,Chandigarh,Chandigarh,2026-03-05,9.2,,,4.3,No,"Indian home-care observation | Deepak Verma | Chandigarh, Chandigarh | Source: mobile_app"
R02397,P016,Aishwarya Pillai,Kollam,Kerala,2026-02-27,,80.0,8.9,3.6,No,"Indian home-care observation | Aishwarya Pillai | Kollam, Kerala | Source: nan"
R02398,P006,Meena Krishnan,Coimbatore,Tamil Nadu,2026-03-09,7.5,92.1,6.9,2.2,No,"Indian home-care observation | Meena Krishnan | Coimbatore, Tamil Nadu | Source: mobile_app"
R02399,P034,Madhuri Naik,Panaji,Goa,2026-02-13,8.5,85.6,4.8,2.3,No,"Indian home-care observation | Madhuri Naik | Panaji, Goa | Source: MOBILE_APP"
R02400,P027,Aditya Kulkarni,Nagpur,Maharashtra,2026-02-25,6.2,76.3,9.0,1.4,No,"Indian home-care observation | Aditya Kulkarni | Nagpur, Maharashtra | Source: tablet_kiosk"
R02401,P026,Keerthana S,Tiruchirappalli,Tamil Nadu,2026-03-05,7.2,84.2,6.6,0.5,No,"Indian home-care observation | Keerthana S | Tiruchirappalli, Tamil Nadu | Source: tablet_kiosk"
R02402,P037,Ramesh Chandran,Puducherry,Puducherry,2026-03-13,6.6,87.8,7.4,1.6,No,"Indian home-care observation | Ramesh Chandran | Puducherry, Puducherry | Source: tablet_kiosk"
R02403,P036,Sowmya N,Hyderabad,Telangana,2026-03-05,8.1,88.8,7.5,1.9,No,"Indian home-care observation | Sowmya N | Hyderabad, Telangana | Source: phone_checkin"
R02404,P010,Divya Patel,Ahmedabad,Gujarat,2026-03-01,6.7,65.5,,2.2,No,"Indian home-care observation | Divya Patel | Ahmedabad, Gujarat | Source: phone_checkin"
R02405,P024,Neha Kapoor,New Delhi,Delhi,2026-03-17,7.8,89.3,7.7,1.6,No,"Indian home-care observation | Neha Kapoor | New Delhi, Delhi | Source: phone_checkin"
R02406,P031,Ashok Yadav,Kanpur,Uttar Pradesh,2026-03-01,6.7,,,0.0,No,"Indian home-care observation | Ashok Yadav | Kanpur, Uttar Pradesh | Source: wearable_sync"
R02407,P019,Deepak Verma,Chandigarh,Chandigarh,2026-03-06,7.1,70.7,5.9,1.4,No,"Indian home-care observation | Deepak Verma | Chandigarh, Chandigarh | Source: mobile_app"
R02408,P007,Karthik Reddy,Hyderabad,Telangana,2026-03-09,8.1,,7.2,0.8,No,"Indian home-care observation | Karthik Reddy | Hyderabad, Telangana | Source: phone_checkin"
R02409,P038,Janani Murugan,Erode,Tamil Nadu,2026-02-22,6.4,76.9,7.2,1.9,No,"Indian home-care observation | Janani Murugan | Erode, Tamil Nadu | Source: phone_checkin"
R02410,P029,Gopal Krishnan,Madurai,Tamil Nadu,2026-02-26,6.7,86.3,7.8,2.3,No,"Indian home-care observation | Gopal Krishnan | Madurai, Tamil Nadu | Source: tablet_kiosk"
R02411,P017,Naveen Kumar,Mysuru,Karnataka,2026-02-22,,76.5,5.9,2.1,No,"Indian home-care observation | Naveen Kumar | Mysuru, Karnataka | Source: tablet_kiosk"
R02412,P005,Vikram Singh,Mumbai,Maharashtra,2026-03-02,8.9,77.8,7.9,3.7,No,"Indian home-care observation | Vikram Singh | Mumbai, Maharashtra | Source: wearable_sync"
R02413,P007,Karthik Reddy,Hyderabad,Telangana,2026-03-10,8.3,91.9,,2.5,No,"Indian home-care observation | Karthik Reddy | Hyderabad, Telangana | Source: phone_checkin"
R02414,P032,Bhavana R,Bengaluru,Karnataka,2026-03-09,8.2,86.8,9.0,3.1,No,"Indian home-care observation | Bhavana R | Bengaluru, Karnataka | Source: tablet_kiosk"
R02415,P022,Shreya Das,Bhubaneswar,Odisha,2026-02-21,7.6,70.8,4.9,3.1,No,"Indian home-care observation | Shreya Das | Bhubaneswar, Odisha | Source: phone_checkin"
R02416,P009,Sanjay Kumar,Jaipur,Rajasthan,2026-02-23,6.8,74.5,7.3,4.2,No,"Indian home-care observation | Sanjay Kumar | Jaipur, Rajasthan | Source: wearable_sync"
R02417,P033,Ganesh Iyer,Chennai,Tamil Nadu,2026-02-26,8.0,78.7,6.7,2.6,No,"Indian home-care observation | Ganesh Iyer | Chennai, Tamil Nadu | Source: phone_checkin"
R02418,P040,Deepa Thomas,Thrissur,Kerala,2026-02-28,4.8,90.6,,0.1,No,"Indian home-care observation | Deepa Thomas | Thrissur, Kerala | Source: wearable_sync"
R02419,P004,Ananya Iyer,Bengaluru,Karnataka,2026-03-17,7.8,86.5,6.8,1.7,No,"Indian home-care observation | Ananya Iyer | Bengaluru, Karnataka | Source: wearable_sync"
R02420,P039,Imran Khan,Bhopal,Madhya Pradesh,2026-02-27,8.0,74.3,7.4,2.8,Yes,"Indian home-care observation | Imran Khan | Bhopal, Madhya Pradesh | Source: phone_checkin"
R02421,P010,Divya Patel,Ahmedabad,Gujarat,2026-03-02,6.2,62.4,6.7,1.6,No,"Indian home-care observation | Divya Patel | Ahmedabad, Gujarat | Source: tablet_kiosk"
R02422,P034,Madhuri Naik,Panaji,Goa,2026-02-14,8.5,93.5,5.7,3.3,No,"Indian home-care observation | Madhuri Naik | Panaji, Goa | Source: phone_checkin"
R02423,P005,Vikram Singh,Mumbai,Maharashtra,2026-03-03,9.7,82.3,7.8,2.1,No,"Indian home-care observation | Vikram Singh | Mumbai, Maharashtra | Source: mobile_app"
R02424,P026,Keerthana S,Tiruchirappalli,Tamil Nadu,2026-03-06,7.0,81.8,5.8,3.9,No,"Indian home-care observation | Keerthana S | Tiruchirappalli, Tamil Nadu | Source: wearable_sync"
R02425,P031,Ashok Yadav,Kanpur,Uttar Pradesh,2026-03-02,7.1,58.8,,1.3,No,"Indian home-care observation | Ashok Yadav | Kanpur, Uttar Pradesh | Source: mobile_app"
R02426,P014,Sneha Joshi,Pune,Maharashtra,2026-03-02,,91.2,,4.7,Yes,"Indian home-care observation | Sneha Joshi | Pune, Maharashtra | Source: tablet_kiosk"
R02427,P033,Ganesh Iyer,Chennai,Tamil Nadu,2026-02-27,7.9,82.7,6.1,3.1,No,"Indian home-care observation | Ganesh Iyer | Chennai, Tamil Nadu | Source: wearable_sync"
R02428,P022,Shreya Das,Bhubaneswar,Odisha,2026-02-22,7.8,68.3,4.1,2.4,No,"Indian home-care observation | Shreya Das | Bhubaneswar, Odisha | Source: TABLET_KIOSK"
R02429,P031,Ashok Yadav,Kanpur,Uttar Pradesh,2026-03-03,8.0,53.1,7.0,2.1,No,"Indian home-care observation | Ashok Yadav | Kanpur, Uttar Pradesh | Source: mobile_app"
R02430,P032,Bhavana R,Bengaluru,Karnataka,2026-03-10,7.8,98.8,9.5,2.2,No,"Indian home-care observation | Bhavana R | Bengaluru, Karnataka | Source: wearable_sync"
R02431,P008,Lakshmi Rao,Vijayawada,Andhra Pradesh,2026-02-20,8.3,,,4.1,No,"Indian home-care observation | Lakshmi Rao | Vijayawada, Andhra Pradesh | Source: phone_checkin"
R02432,P018,Harini Reddy,Warangal,Telangana,2026-03-07,8.8,77.8,7.5,2.3,No,"Indian home-care observation | Harini Reddy | Warangal, Telangana | Source: tablet_kiosk"
R02433,P033,Ganesh Iyer,Chennai,Tamil Nadu,2026-02-28,8.1,78.4,6.8,,No,"Indian home-care observation | Ganesh Iyer | Chennai, Tamil Nadu | Source: tablet_kiosk"
R02434,P008,Lakshmi Rao,Vijayawada,Andhra Pradesh,2026-02-21,6.8,73.1,7.7,2.4,No,"Indian home-care observation | Lakshmi Rao | Vijayawada, Andhra Pradesh | Source: tablet_kiosk"
R02435,P038,Janani Murugan,Erode,Tamil Nadu,2026-02-23,6.7,69.1,7.1,2.1,No,"Indian home-care observation | Janani Murugan | Erode, Tamil Nadu | Source: wearable_sync"
R02436,P039,Imran Khan,Bhopal,Madhya Pradesh,2026-02-28,7.8,73.6,8.6,2.8,Yes,"Indian home-care observation | Imran Khan | Bhopal, Madhya Pradesh | Source: phone_checkin"
R02437,P008,Lakshmi Rao,Vijayawada,Andhra Pradesh,2026-02-22,6.8,79.1,5.4,2.8,No,"Indian home-care observation | Lakshmi Rao | Vijayawada, Andhra Pradesh | Source: tablet_kiosk"
R02438,P030,Nandini Shetty,Mangaluru,Karnataka,2026-03-04,7.3,67.6,4.0,,No,"Indian home-care observation | Nandini Shetty | Mangaluru, Karnataka | Source: tablet_kiosk"
R02439,P027,Aditya Kulkarni,Nagpur,Maharashtra,2026-02-26,5.7,82.8,8.6,1.1,No,"Indian home-care observation | Aditya Kulkarni | Nagpur, Maharashtra | Source: phone_checkin"
R02440,P021,Ajay Menon,Kozhikode,Kerala,2026-02-26,6.2,79.4,8.0,1.9,No,"Indian home-care observation | Ajay Menon | Kozhikode, Kerala | Source: tablet_kiosk"
R02441,P018,Harini Reddy,Warangal,Telangana,2026-03-08,7.4,73.9,7.5,1.2,No,"Indian home-care observation | Harini Reddy | Warangal, Telangana | Source: phone_checkin"
R02442,P024,Neha Kapoor,New Delhi,Delhi,2026-03-18,7.2,100.0,,1.3,No,"Indian home-care observation | Neha Kapoor | New Delhi, Delhi | Source: mobile_app"
R02443,P017,Naveen Kumar,Mysuru,Karnataka,2026-02-23,8.3,88.5,6.3,3.7,No,"Indian home-care observation | Naveen Kumar | Mysuru, Karnataka | Source: phone_checkin"
R02444,P002,Priya Nair,Kochi,Kerala,2026-03-03,7.5,67.6,5.8,2.9,No,"Indian home-care observation | Priya Nair | Kochi, Kerala | Source: phone_checkin"
R02445,P034,Madhuri Naik,Panaji,Goa,2026-02-15,8.4,85.0,5.6,1.9,No,"Indian home-care observation | Madhuri Naik | Panaji, Goa | Source: wearable_sync"
R02446,P010,Divya Patel,Ahmedabad,Gujarat,2026-03-03,6.7,58.3,,3.5,No,"Indian home-care observation | Divya Patel | Ahmedabad, Gujarat | Source: mobile_app"
R02447,P016,Aishwarya Pillai,Kollam,Kerala,2026-02-28,7.4,88.6,8.6,3.3,No,"Indian home-care observation | Aishwarya Pillai | Kollam, Kerala | Source: phone_checkin"
R02448,P010,Divya Patel,Ahmedabad,Gujarat,2026-03-04,5.5,60.7,5.5,1.4,No,"Indian home-care observation | Divya Patel | Ahmedabad, Gujarat | Source: wearable_sync"
R02449,P001,Arjun Mehta,Chennai,Tamil Nadu,2026-02-26,7.4,68.5,5.5,2.3,No,"Indian home-care observation | Arjun Mehta | Chennai, Tamil Nadu | Source: nan"
R02450,P012,Kavya Menon,Thiruvananthapuram,Kerala,2026-02-22,7.1,89.4,8.9,2.2,No,"Indian home-care observation | Kavya Menon | Thiruvananthapuram, Kerala | Source: WEARABLE_SYNC"
R02451,P036,Sowmya N,Hyderabad,Telangana,2026-03-06,8.0,88.6,7.6,4.1,No,"Indian home-care observation | Sowmya N | Hyderabad, Telangana | Source: mobile_app"
R02452,P020,Pooja Shah,Surat,Gujarat,2026-02-27,,72.7,4.8,2.8,No,"Indian home-care observation | Pooja Shah | Surat, Gujarat | Source: wearable_sync"
R02453,P031,Ashok Yadav,Kanpur,Uttar Pradesh,2026-03-04,9.2,65.2,8.4,1.2,No,"Indian home-care observation | Ashok Yadav | Kanpur, Uttar Pradesh | Source: tablet_kiosk"
R02454,P011,Rohan Das,Kolkata,West Bengal,2026-03-08,6.5,77.8,6.7,2.0,No,"Indian home-care observation | Rohan Das | Kolkata, West Bengal | Source: tablet_kiosk"
R02455,P021,Ajay Menon,Kozhikode,Kerala,2026-02-27,8.0,91.0,6.3,3.3,No,"Indian home-care observation | Ajay Menon | Kozhikode, Kerala | Source: tablet_kiosk"
R02456,P021,Ajay Menon,Kozhikode,Kerala,2026-02-28,6.7,,8.1,3.1,No,"Indian home-care observation | Ajay Menon | Kozhikode, Kerala | Source: mobile_app"
R02457,P034,Madhuri Naik,Panaji,Goa,2026-02-16,7.5,,5.2,1.5,No,"Indian home-care observation | Madhuri Naik | Panaji, Goa | Source: tablet_kiosk"
R02458,P017,Naveen Kumar,Mysuru,Karnataka,2026-02-24,7.5,68.0,6.4,1.2,No,"Indian home-care observation | Naveen Kumar | Mysuru, Karnataka | Source: mobile_app"
R02459,P014,Sneha Joshi,Pune,Maharashtra,2026-03-03,6.5,78.5,5.3,1.3,No,"Indian home-care observation | Sneha Joshi | Pune, Maharashtra | Source: mobile_app"
R02460,P019,Deepak Verma,Chandigarh,Chandigarh,2026-03-07,10.0,71.3,7.3,2.1,Yes,"Indian home-care observation | Deepak Verma | Chandigarh, Chandigarh | Source: phone_checkin"
R02461,P029,Gopal Krishnan,Madurai,Tamil Nadu,2026-02-27,8.3,79.9,7.9,,No,"Indian home-care observation | Gopal Krishnan | Madurai, Tamil Nadu | Source: tablet_kiosk"
R02462,P024,Neha Kapoor,New Delhi,Delhi,2026-03-19,7.2,93.1,7.8,1.5,No,"Indian home-care observation | Neha Kapoor | New Delhi, Delhi | Source: phone_checkin"
R02463,P010,Divya Patel,Ahmedabad,Gujarat,2026-03-05,5.7,67.1,7.1,3.6,No,"Indian home-care observation | Divya Patel | Ahmedabad, Gujarat | Source: wearable_sync"
R02464,P019,Deepak Verma,Chandigarh,Chandigarh,2026-03-08,7.2,75.2,,0.9,No,"Indian home-care observation | Deepak Verma | Chandigarh, Chandigarh | Source: wearable_sync"
R02465,P038,Janani Murugan,Erode,Tamil Nadu,2026-02-24,,75.2,6.5,2.4,No,"Indian home-care observation | Janani Murugan | Erode, Tamil Nadu | Source: wearable_sync"
R02466,P001,Arjun Mehta,Chennai,Tamil Nadu,2026-02-27,7.8,89.0,9.6,2.7,No,"Indian home-care observation | Arjun Mehta | Chennai, Tamil Nadu | Source: mobile_app"
R02467,P005,Vikram Singh,Mumbai,Maharashtra,2026-03-04,9.1,89.0,7.7,2.8,No,"Indian home-care observation | Vikram Singh | Mumbai, Maharashtra | Source: tablet_kiosk"
R02468,P035,Prakash Patil,Nashik,Maharashtra,2026-03-15,,73.7,8.3,2.1,No,"Indian home-care observation | Prakash Patil | Nashik, Maharashtra | Source: tablet_kiosk"
R02469,P016,Aishwarya Pillai,Kollam,Kerala,2026-03-01,7.3,88.8,8.9,2.4,No,"Indian home-care observation | Aishwarya Pillai | Kollam, Kerala | Source: mobile_app"
R02470,P030,Nandini Shetty,Mangaluru,Karnataka,2026-03-05,7.6,72.8,,0.7,No,"Indian home-care observation | Nandini Shetty | Mangaluru, Karnataka | Source: wearable_sync"
R02471,P038,Janani Murugan,Erode,Tamil Nadu,2026-02-25,7.2,72.9,6.1,2.7,No,"Indian home-care observation | Janani Murugan | Erode, Tamil Nadu | Source: tablet_kiosk"
R02472,P006,Meena Krishnan,Coimbatore,Tamil Nadu,2026-03-10,,83.2,,1.2,Yes,"Indian home-care observation | Meena Krishnan | Coimbatore, Tamil Nadu | Source: wearable_sync"
R02473,P033,Ganesh Iyer,Chennai,Tamil Nadu,2026-03-01,7.8,86.2,,3.4,No,"Indian home-care observation | Ganesh Iyer | Chennai, Tamil Nadu | Source: tablet_kiosk"
R02474,P002,Priya Nair,Kochi,Kerala,2026-03-04,7.7,78.7,5.9,1.2,No,"Indian home-care observation | Priya Nair | Kochi, Kerala | Source: nan"
R02475,P038,Janani Murugan,Erode,Tamil Nadu,2026-02-26,8.1,72.4,7.2,1.9,Yes,"Indian home-care observation | Janani Murugan | Erode, Tamil Nadu | Source: mobile_app"
R02476,P009,Sanjay Kumar,Jaipur,Rajasthan,2026-02-24,7.3,77.3,7.3,2.0,No,"Indian home-care observation | Sanjay Kumar | Jaipur, Rajasthan | Source: mobile_app"
R02477,P019,Deepak Verma,Chandigarh,Chandigarh,2026-03-09,7.2,73.8,7.8,,No,"Indian home-care observation | Deepak Verma | Chandigarh, Chandigarh | Source: phone_checkin"
R02478,P017,Naveen Kumar,Mysuru,Karnataka,2026-02-25,7.5,77.4,6.2,1.9,No,"Indian home-care observation | Naveen Kumar | Mysuru, Karnataka | Source: phone_checkin"
R02479,P039,Imran Khan,Bhopal,Madhya Pradesh,2026-03-01,7.8,81.0,8.6,1.5,No,"Indian home-care observation | Imran Khan | Bhopal, Madhya Pradesh | Source: nan"
R02480,P035,Prakash Patil,Nashik,Maharashtra,2026-03-16,6.5,72.1,6.9,2.4,No,"Indian home-care observation | Prakash Patil | Nashik, Maharashtra | Source: phone_checkin"
R02481,P012,Kavya Menon,Thiruvananthapuram,Kerala,2026-02-23,6.9,85.3,8.0,2.7,No,"Indian home-care observation | Kavya Menon | Thiruvananthapuram, Kerala | Source: mobile_app"
R02482,P006,Meena Krishnan,Coimbatore,Tamil Nadu,2026-03-11,6.1,92.3,6.2,2.1,No,"Indian home-care observation | Meena Krishnan | Coimbatore, Tamil Nadu | Source: wearable_sync"
R02483,P039,Imran Khan,Bhopal,Madhya Pradesh,2026-03-02,7.4,82.0,,2.5,No,"Indian home-care observation | Imran Khan | Bhopal, Madhya Pradesh | Source: tablet_kiosk"
R02484,P024,Neha Kapoor,New Delhi,Delhi,2026-03-20,8.3,82.1,8.6,3.2,No,"Indian home-care observation | Neha Kapoor | New Delhi, Delhi | Source: phone_checkin"
R02485,P010,Divya Patel,Ahmedabad,Gujarat,2026-03-06,6.7,63.7,7.2,2.9,No,"Indian home-care observation | Divya Patel | Ahmedabad, Gujarat | Source: mobile_app"
R02486,P038,Janani Murugan,Erode,Tamil Nadu,2026-02-27,7.5,71.9,7.0,1.3,No,"Indian home-care observation | Janani Murugan | Erode, Tamil Nadu | Source: phone_checkin"
R02487,P017,Naveen Kumar,Mysuru,Karnataka,2026-02-26,8.4,77.3,6.2,1.2,No,"Indian home-care observation | Naveen Kumar | Mysuru, Karnataka | Source: mobile_app"
R02488,P037,Ramesh Chandran,Puducherry,Puducherry,2026-03-14,6.5,88.3,7.7,0.0,No,"Indian home-care observation | Ramesh Chandran | Puducherry, Puducherry | Source: tablet_kiosk"
R02489,P035,Prakash Patil,Nashik,Maharashtra,2026-03-17,6.0,,5.8,2.2,No,"Indian home-care observation | Prakash Patil | Nashik, Maharashtra | Source: mobile_app"
R02490,P001,Arjun Mehta,Chennai,Tamil Nadu,2026-02-28,7.3,80.8,7.2,1.0,No,"Indian home-care observation | Arjun Mehta | Chennai, Tamil Nadu | Source: mobile_app"
R02491,P017,Naveen Kumar,Mysuru,Karnataka,2026-02-27,8.0,72.8,7.0,2.1,No,"Indian home-care observation | Naveen Kumar | Mysuru, Karnataka | Source: phone_checkin"
R02492,P019,Deepak Verma,Chandigarh,Chandigarh,2026-03-10,8.9,95.3,6.9,2.3,No,"Indian home-care observation | Deepak Verma | Chandigarh, Chandigarh | Source: phone_checkin"
R02493,P038,Janani Murugan,Erode,Tamil Nadu,2026-02-28,6.8,73.9,7.9,2.8,No,"Indian home-care observation | Janani Murugan | Erode, Tamil Nadu | Source: mobile_app"
R02494,P024,Neha Kapoor,New Delhi,Delhi,2026-03-21,7.7,91.2,6.3,2.5,No,"Indian home-care observation | Neha Kapoor | New Delhi, Delhi | Source: phone_checkin"
R02495,P008,Lakshmi Rao,Vijayawada,Andhra Pradesh,2026-02-23,8.4,83.5,5.3,2.3,No,"Indian home-care observation | Lakshmi Rao | Vijayawada, Andhra Pradesh | Source: tablet_kiosk"
R02496,P003,Rahul Sharma,Delhi,Delhi,2026-02-24,6.1,76.6,6.7,1.7,No,"Indian home-care observation | Rahul Sharma | Delhi, Delhi | Source: tablet_kiosk"
R02497,P013,Manoj Gupta,Lucknow,Uttar Pradesh,2026-03-03,8.5,,,3.3,No,"Indian home-care observation | Manoj Gupta | Lucknow, Uttar Pradesh | Source: tablet_kiosk"
R02498,P007,Karthik Reddy,Hyderabad,Telangana,2026-03-11,6.9,78.2,,1.7,Yes,"Indian home-care observation | Karthik Reddy | Hyderabad, Telangana | Source: phone_checkin"
R02499,P005,Vikram Singh,Mumbai,Maharashtra,2026-03-05,9.1,77.7,7.7,2.3,No,"Indian home-care observation | Vikram Singh | Mumbai, Maharashtra | Source: mobile_app"
R02500,P039,Imran Khan,Bhopal,Madhya Pradesh,2026-03-03,7.5,72.9,8.3,0.8,No,"Indian home-care observation | Imran Khan | Bhopal, Madhya Pradesh | Source: mobile_app"
R02501,P004,Ananya Iyer,Bengaluru,Karnataka,2026-03-18,,83.2,6.6,2.4,No,"Indian home-care observation | Ananya Iyer | Bengaluru, Karnataka | Source: phone_checkin | Missing mobility test case"
R02502,P005,Vikram Singh,Mumbai,Maharashtra,2026-03-06,9.3,91.8,6.8,3.7,No,"Indian home-care observation | Vikram Singh | Mumbai, Maharashtra | Source: wearable_sync"
R02503,P034,Madhuri Naik,Panaji,Goa,2026-02-17,7.5,86.0,4.5,2.4,No,"Indian home-care observation | Madhuri Naik | Panaji, Goa | Source: mobile_app"
R02504,P006,Meena Krishnan,Coimbatore,Tamil Nadu,2026-03-12,6.1,93.8,6.2,,No,"Indian home-care observation | Meena Krishnan | Coimbatore, Tamil Nadu | Source: tablet_kiosk"
R02505,P024,Neha Kapoor,New Delhi,Delhi,2026-03-22,7.3,88.1,6.0,2.4,No,"Indian home-care observation | Neha Kapoor | New Delhi, Delhi | Source: wearable_sync"
R02506,P004,Ananya Iyer,Bengaluru,Karnataka,2026-03-19,6.5,67.0,,0.0,No,"Indian home-care observation | Ananya Iyer | Bengaluru, Karnataka | Source: mobile_app"
R02507,P014,Sneha Joshi,Pune,Maharashtra,2026-03-04,7.9,89.7,6.7,0.0,No,"Indian home-care observation | Sneha Joshi | Pune, Maharashtra | Source: tablet_kiosk"
R02508,P020,Pooja Shah,Surat,Gujarat,2026-02-28,6.8,82.1,5.5,2.1,No,"Indian home-care observation | Pooja Shah | Surat, Gujarat | Source: tablet_kiosk"
R02509,P008,Lakshmi Rao,Vijayawada,Andhra Pradesh,2026-02-24,5.8,63.1,5.9,1.5,No,"Indian home-care observation | Lakshmi Rao | Vijayawada, Andhra Pradesh | Source: mobile_app"
R02510,P036,Sowmya N,Hyderabad,Telangana,2026-03-07,7.9,88.2,8.3,1.9,No,"Indian home-care observation | Sowmya N | Hyderabad, Telangana | Source: wearable_sync"
R02511,P014,Sneha Joshi,Pune,Maharashtra,2026-03-05,8.4,79.1,5.3,1.6,No,"Indian home-care observation | Sneha Joshi | Pune, Maharashtra | Source: wearable_sync"
R02512,P013,Manoj Gupta,Lucknow,Uttar Pradesh,2026-03-04,8.6,90.5,7.4,2.1,No,"Indian home-care observation | Manoj Gupta | Lucknow, Uttar Pradesh | Source: mobile_app"
R02513,P029,Gopal Krishnan,Madurai,Tamil Nadu,2026-02-28,7.2,88.3,7.6,2.7,No,"Indian home-care observation | Gopal Krishnan | Madurai, Tamil Nadu | Source: tablet_kiosk"
R02514,P035,Prakash Patil,Nashik,Maharashtra,2026-03-18,6.4,68.3,7.4,0.4,No,"Indian home-care observation | Prakash Patil | Nashik, Maharashtra | Source: tablet_kiosk"
R02515,P036,Sowmya N,Hyderabad,Telangana,2026-03-08,8.0,,7.2,3.4,No,"Indian home-care observation | Sowmya N | Hyderabad, Telangana | Source: tablet_kiosk"
R02516,P031,Ashok Yadav,Kanpur,Uttar Pradesh,2026-03-05,6.1,,,0.1,No,"Indian home-care observation | Ashok Yadav | Kanpur, Uttar Pradesh | Source: wearable_sync"
R02517,P016,Aishwarya Pillai,Kollam,Kerala,2026-03-02,6.8,85.1,10.0,3.6,No,"Indian home-care observation | Aishwarya Pillai | Kollam, Kerala | Source: mobile_app"
R02518,P033,Ganesh Iyer,Chennai,Tamil Nadu,2026-03-02,7.6,80.4,5.9,4.3,No,"Indian home-care observation | Ganesh Iyer | Chennai, Tamil Nadu | Source: mobile_app"
R02519,P018,Harini Reddy,Warangal,Telangana,2026-03-09,,79.3,7.3,4.2,No,"Indian home-care observation | Harini Reddy | Warangal, Telangana | Source: wearable_sync"
R02520,P009,Sanjay Kumar,Jaipur,Rajasthan,2026-02-25,7.5,79.0,7.1,1.8,No,"Indian home-care observation | Sanjay Kumar | Jaipur, Rajasthan | Source: wearable_sync"
R02521,P015,Suresh Babu,Madurai,Tamil Nadu,2026-03-09,9.9,70.6,6.8,1.7,No,"Indian home-care observation | Suresh Babu | Madurai, Tamil Nadu | Source: phone_checkin"
R02522,P038,Janani Murugan,Erode,Tamil Nadu,2026-03-01,6.9,75.7,7.3,2.9,No,"Indian home-care observation | Janani Murugan | Erode, Tamil Nadu | Source: tablet_kiosk"
R02523,P001,Arjun Mehta,Chennai,Tamil Nadu,2026-03-01,7.3,76.3,6.6,3.6,No,"Indian home-care observation | Arjun Mehta | Chennai, Tamil Nadu | Source: phone_checkin"
R02524,P039,Imran Khan,Bhopal,Madhya Pradesh,2026-03-04,7.0,71.1,7.5,2.2,No,"Indian home-care observation | Imran Khan | Bhopal, Madhya Pradesh | Source: phone_checkin"
R02525,P027,Aditya Kulkarni,Nagpur,Maharashtra,2026-02-27,6.5,81.5,9.7,2.1,No,"Indian home-care observation | Aditya Kulkarni | Nagpur, Maharashtra | Source: tablet_kiosk"
R02526,P009,Sanjay Kumar,Jaipur,Rajasthan,2026-02-26,7.3,81.4,6.3,2.9,No,"Indian home-care observation | Sanjay Kumar | Jaipur, Rajasthan | Source: tablet_kiosk"
R02527,P007,Karthik Reddy,Hyderabad,Telangana,2026-03-12,7.4,74.0,6.8,2.5,No,"Indian home-care observation | Karthik Reddy | Hyderabad, Telangana | Source: wearable_sync"
R02528,P019,Deepak Verma,Chandigarh,Chandigarh,2026-03-11,7.8,75.4,8.1,0.9,No,"Indian home-care observation | Deepak Verma | Chandigarh, Chandigarh | Source: tablet_kiosk"
R02529,P002,Priya Nair,Kochi,Kerala,2026-03-05,7.6,81.2,4.8,1.9,No,"Indian home-care observation | Priya Nair | Kochi, Kerala | Source: tablet_kiosk"
R02530,P018,Harini Reddy,Warangal,Telangana,2026-03-10,7.8,,7.4,1.9,No,"Indian home-care observation | Harini Reddy | Warangal, Telangana | Source: tablet_kiosk"
R02531,P015,Suresh Babu,Madurai,Tamil Nadu,2026-03-10,8.9,71.5,6.7,,No,"Indian home-care observation | Suresh Babu | Madurai, Tamil Nadu | Source: tablet_kiosk"
R02532,P034,Madhuri Naik,Panaji,Goa,2026-02-18,8.2,83.7,5.9,3.7,No,"Indian home-care observation | Madhuri Naik | Panaji, Goa | Source: mobile_app"
R02533,P033,Ganesh Iyer,Chennai,Tamil Nadu,2026-03-03,8.6,80.5,7.2,2.3,No,"Indian home-care observation | Ganesh Iyer | Chennai, Tamil Nadu | Source: tablet_kiosk"
R02534,P022,Shreya Das,Bhubaneswar,Odisha,2026-02-23,8.2,68.7,4.0,4.4,No,"Indian home-care observation | Shreya Das | Bhubaneswar, Odisha | Source: phone_checkin"
R02535,P024,Neha Kapoor,New Delhi,Delhi,2026-03-23,7.5,99.8,,3.6,No,"Indian home-care observation | Neha Kapoor | New Delhi, Delhi | Source: wearable_sync"
R02536,P021,Ajay Menon,Kozhikode,Kerala,2026-03-01,6.4,70.8,6.2,2.6,No,"Indian home-care observation | Ajay Menon | Kozhikode, Kerala | Source: PHONE_CHECKIN"
R02537,P016,Aishwarya Pillai,Kollam,Kerala,2026-03-03,6.6,83.8,8.5,1.3,Yes,"Indian home-care observation | Aishwarya Pillai | Kollam, Kerala | Source: wearable_sync"
R02538,P038,Janani Murugan,Erode,Tamil Nadu,2026-03-02,7.2,76.4,7.1,1.4,Yes,"Indian home-care observation | Janani Murugan | Erode, Tamil Nadu | Source: mobile_app"
R02539,P008,Lakshmi Rao,Vijayawada,Andhra Pradesh,2026-02-25,6.3,76.6,6.0,1.4,No,"Indian home-care observation | Lakshmi Rao | Vijayawada, Andhra Pradesh | Source: tablet_kiosk"
R02540,P008,Lakshmi Rao,Vijayawada,Andhra Pradesh,2026-02-26,6.6,72.2,6.2,1.4,No,"Indian home-care observation | Lakshmi Rao | Vijayawada, Andhra Pradesh | Source: mobile_app"
R02541,P028,Swathi Rao,Visakhapatnam,Andhra Pradesh,2026-03-04,,81.8,6.4,2.4,No,"Indian home-care observation | Swathi Rao | Visakhapatnam, Andhra Pradesh | Source: wearable_sync"
R02542,P029,Gopal Krishnan,Madurai,Tamil Nadu,2026-03-01,7.1,84.3,6.9,2.0,No,"Indian home-care observation | Gopal Krishnan | Madurai, Tamil Nadu | Source: tablet_kiosk"
R02543,P017,Naveen Kumar,Mysuru,Karnataka,2026-02-28,8.1,84.9,7.5,3.4,No,"Indian home-care observation | Naveen Kumar | Mysuru, Karnataka | Source: phone_checkin"
R02544,P003,Rahul Sharma,Delhi,Delhi,2026-02-25,7.5,75.9,7.5,1.4,No,"Indian home-care observation | Rahul Sharma | Delhi, Delhi | Source: wearable_sync"
R02545,P004,Ananya Iyer,Bengaluru,Karnataka,2026-03-20,7.4,73.9,7.5,1.2,No,"Indian home-care observation | Ananya Iyer | Bengaluru, Karnataka | Source: mobile_app"
R02546,P017,Naveen Kumar,Mysuru,Karnataka,2026-03-01,8.4,80.5,6.4,,No,"Indian home-care observation | Naveen Kumar | Mysuru, Karnataka | Source: wearable_sync"
R02547,P012,Kavya Menon,Thiruvananthapuram,Kerala,2026-02-24,,92.4,7.2,2.3,No,"Indian home-care observation | Kavya Menon | Thiruvananthapuram, Kerala | Source: mobile_app"
R02548,P003,Rahul Sharma,Delhi,Delhi,2026-02-26,8.1,81.8,7.7,3.4,No,"Indian home-care observation | Rahul Sharma | Delhi, Delhi | Source: phone_checkin"
R02549,P027,Aditya Kulkarni,Nagpur,Maharashtra,2026-02-28,6.7,73.3,,0.8,No,"Indian home-care observation | Aditya Kulkarni | Nagpur, Maharashtra | Source: phone_checkin"
R02550,P016,Aishwarya Pillai,Kollam,Kerala,2026-03-04,7.5,92.2,9.3,2.8,No,"Indian home-care observation | Aishwarya Pillai | Kollam, Kerala | Source: mobile_app"
R02551,P009,Sanjay Kumar,Jaipur,Rajasthan,2026-02-27,7.3,77.3,6.8,2.7,No,"Indian home-care observation | Sanjay Kumar | Jaipur, Rajasthan | Source: nan"
R02552,P005,Vikram Singh,Mumbai,Maharashtra,2026-03-07,9.4,90.7,7.4,2.2,No,"Indian home-care observation | Vikram Singh | Mumbai, Maharashtra | Source: mobile_app"
R02553,P028,Swathi Rao,Visakhapatnam,Andhra Pradesh,2026-03-05,,,6.4,2.6,No,"Indian home-care observation | Swathi Rao | Visakhapatnam, Andhra Pradesh | Source: phone_checkin"
R02554,P021,Ajay Menon,Kozhikode,Kerala,2026-03-02,6.3,75.3,6.3,2.1,No,"Indian home-care observation | Ajay Menon | Kozhikode, Kerala | Source: wearable_sync"
R02555,P002,Priya Nair,Kochi,Kerala,2026-03-06,8.7,86.5,6.2,1.4,No,"Indian home-care observation | Priya Nair | Kochi, Kerala | Source: nan"
R02556,P017,Naveen Kumar,Mysuru,Karnataka,2026-03-02,7.7,77.2,7.0,1.7,No,"Indian home-care observation | Naveen Kumar | Mysuru, Karnataka | Source: mobile_app"
R02557,P024,Neha Kapoor,New Delhi,Delhi,2026-03-24,7.6,92.5,,2.4,No,"Indian home-care observation | Neha Kapoor | New Delhi, Delhi | Source: wearable_sync"
R02558,P035,Prakash Patil,Nashik,Maharashtra,2026-03-19,6.3,,6.2,0.3,No,"Indian home-care observation | Prakash Patil | Nashik, Maharashtra | Source: phone_checkin"
R02559,P014,Sneha Joshi,Pune,Maharashtra,2026-03-06,9.6,90.3,7.7,3.1,No,"Indian home-care observation | Sneha Joshi | Pune, Maharashtra | Source: phone_checkin"
R02560,P024,Neha Kapoor,New Delhi,Delhi,2026-03-25,7.9,,,,No,"Indian home-care observation | Neha Kapoor | New Delhi, Delhi | Source: phone_checkin"
R02561,P027,Aditya Kulkarni,Nagpur,Maharashtra,2026-03-01,6.3,87.8,8.6,,No,"Indian home-care observation | Aditya Kulkarni | Nagpur, Maharashtra | Source: nan"
R02562,P004,Ananya Iyer,Bengaluru,Karnataka,2026-03-21,8.2,,6.6,0.9,No,"Indian home-care observation | Ananya Iyer | Bengaluru, Karnataka | Source: tablet_kiosk"
R02563,P001,Arjun Mehta,Chennai,Tamil Nadu,2026-03-02,8.6,64.5,,2.9,No,"Indian home-care observation | Arjun Mehta | Chennai, Tamil Nadu | Source: tablet_kiosk"
R02564,P013,Manoj Gupta,Lucknow,Uttar Pradesh,2026-03-05,8.8,83.9,7.0,1.7,No,"Indian home-care observation | Manoj Gupta | Lucknow, Uttar Pradesh | Source: mobile_app"
R02565,P034,Madhuri Naik,Panaji,Goa,2026-02-19,7.6,87.5,4.7,2.4,No,"Indian home-care observation | Madhuri Naik | Panaji, Goa | Source: phone_checkin"
R02566,P016,Aishwarya Pillai,Kollam,Kerala,2026-03-05,8.1,88.8,7.5,2.8,No,"Indian home-care observation | Aishwarya Pillai | Kollam, Kerala | Source: phone_checkin"
R02567,P017,Naveen Kumar,Mysuru,Karnataka,2026-03-03,8.1,76.9,6.3,1.2,No,"Indian home-care observation | Naveen Kumar | Mysuru, Karnataka | Source: phone_checkin"
R02568,P017,Naveen Kumar,Mysuru,Karnataka,2026-03-04,,82.8,5.8,1.5,No,"Indian home-care observation | Naveen Kumar | Mysuru, Karnataka | Source: tablet_kiosk"
R02569,P040,Deepa Thomas,Thrissur,Kerala,2026-03-01,5.9,88.9,,1.7,No,"Indian home-care observation | Deepa Thomas | Thrissur, Kerala | Source: phone_checkin"
R02570,P023,Mohan Raj,Salem,Tamil Nadu,2026-03-07,6.8,96.6,6.9,2.7,No,"Indian home-care observation | Mohan Raj | Salem, Tamil Nadu | Source: mobile_app"
R02571,P024,Neha Kapoor,New Delhi,Delhi,2026-03-26,8.0,86.7,,0.8,No,"Indian home-care observation | Neha Kapoor | New Delhi, Delhi | Source: mobile_app"
R02572,P034,Madhuri Naik,Panaji,Goa,2026-02-20,7.9,85.6,,2.7,No,"Indian home-care observation | Madhuri Naik | Panaji, Goa | Source: tablet_kiosk"
R02573,P040,Deepa Thomas,Thrissur,Kerala,2026-03-02,5.4,77.3,4.0,1.1,No,"Indian home-care observation | Deepa Thomas | Thrissur, Kerala | Source: tablet_kiosk"
R02574,P027,Aditya Kulkarni,Nagpur,Maharashtra,2026-03-02,6.8,79.3,8.8,2.2,No,"Indian home-care observation | Aditya Kulkarni | Nagpur, Maharashtra | Source: phone_checkin"
R02575,P025,Ravi Prasad,Patna,Bihar,2026-02-19,8.0,80.3,8.2,2.7,No,"Indian home-care observation | Ravi Prasad | Patna, Bihar | Source: nan"
R02576,P027,Aditya Kulkarni,Nagpur,Maharashtra,2026-03-03,7.3,84.2,9.3,1.0,No,"Indian home-care observation | Aditya Kulkarni | Nagpur, Maharashtra | Source: mobile_app"
R02577,P008,Lakshmi Rao,Vijayawada,Andhra Pradesh,2026-02-27,6.2,78.0,5.0,3.6,No,"Indian home-care observation | Lakshmi Rao | Vijayawada, Andhra Pradesh | Source: wearable_sync"
R02578,P013,Manoj Gupta,Lucknow,Uttar Pradesh,2026-03-06,8.1,88.9,6.2,2.2,No,"Indian home-care observation | Manoj Gupta | Lucknow, Uttar Pradesh | Source: wearable_sync"
R02579,P026,Keerthana S,Tiruchirappalli,Tamil Nadu,2026-03-07,,72.2,5.3,1.1,No,"Indian home-care observation | Keerthana S | Tiruchirappalli, Tamil Nadu | Source: wearable_sync"
R02580,P025,Ravi Prasad,Patna,Bihar,2026-02-20,7.2,79.0,,,No,"Indian home-care observation | Ravi Prasad | Patna, Bihar | Source: wearable_sync"
R02581,P001,Arjun Mehta,Chennai,Tamil Nadu,2026-03-03,,74.5,5.5,0.8,No,"Indian home-care observation | Arjun Mehta | Chennai, Tamil Nadu | Source: phone_checkin"
R02582,P021,Ajay Menon,Kozhikode,Kerala,2026-03-03,7.0,91.8,6.8,1.8,No,"Indian home-care observation | Ajay Menon | Kozhikode, Kerala | Source: wearable_sync"
R02583,P012,Kavya Menon,Thiruvananthapuram,Kerala,2026-02-25,6.5,94.3,8.6,1.7,No,"Indian home-care observation | Kavya Menon | Thiruvananthapuram, Kerala | Source: tablet_kiosk"
R02584,P029,Gopal Krishnan,Madurai,Tamil Nadu,2026-03-02,7.5,90.0,7.4,2.2,No,"Indian home-care observation | Gopal Krishnan | Madurai, Tamil Nadu | Source: mobile_app"
R02585,P023,Mohan Raj,Salem,Tamil Nadu,2026-03-08,5.4,87.5,6.2,3.2,No,"Indian home-care observation | Mohan Raj | Salem, Tamil Nadu | Source: wearable_sync"
R02586,P009,Sanjay Kumar,Jaipur,Rajasthan,2026-02-28,7.0,76.5,6.8,3.2,No,"Indian home-care observation | Sanjay Kumar | Jaipur, Rajasthan | Source: wearable_sync"
R02587,P036,Sowmya N,Hyderabad,Telangana,2026-03-09,8.1,92.3,8.3,2.8,No,"Indian home-care observation | Sowmya N | Hyderabad, Telangana | Source: wearable_sync"
R02588,P014,Sneha Joshi,Pune,Maharashtra,2026-03-07,8.8,71.3,4.9,3.8,No,"Indian home-care observation | Sneha Joshi | Pune, Maharashtra | Source: tablet_kiosk"
R02589,P011,Rohan Das,Kolkata,West Bengal,2026-03-09,5.8,75.7,5.7,1.7,No,"Indian home-care observation | Rohan Das | Kolkata, West Bengal | Source: phone_checkin"
R02590,P030,Nandini Shetty,Mangaluru,Karnataka,2026-03-06,7.9,73.3,3.6,0.9,No,"Indian home-care observation | Nandini Shetty | Mangaluru, Karnataka | Source: phone_checkin"
R02591,P006,Meena Krishnan,Coimbatore,Tamil Nadu,2026-03-13,5.6,89.9,6.5,2.4,No,"Indian home-care observation | Meena Krishnan | Coimbatore, Tamil Nadu | Source: mobile_app"
R02592,P031,Ashok Yadav,Kanpur,Uttar Pradesh,2026-03-06,6.4,57.2,,1.0,No,"Indian home-care observation | Ashok Yadav | Kanpur, Uttar Pradesh | Source: wearable_sync"
R02593,P039,Imran Khan,Bhopal,Madhya Pradesh,2026-03-05,,76.9,7.4,2.8,No,"Indian home-care observation | Imran Khan | Bhopal, Madhya Pradesh | Source: mobile_app"
R02594,P038,Janani Murugan,Erode,Tamil Nadu,2026-03-03,6.7,67.8,,2.7,No,"Indian home-care observation | Janani Murugan | Erode, Tamil Nadu | Source: mobile_app"
R02595,P014,Sneha Joshi,Pune,Maharashtra,2026-03-08,8.8,82.9,3.5,1.9,No,"Indian home-care observation | Sneha Joshi | Pune, Maharashtra | Source: mobile_app"
R02596,P028,Swathi Rao,Visakhapatnam,Andhra Pradesh,2026-03-06,7.4,84.7,6.4,2.2,No,"Indian home-care observation | Swathi Rao | Visakhapatnam, Andhra Pradesh | Source: phone_checkin"
R02597,P019,Deepak Verma,Chandigarh,Chandigarh,2026-03-12,9.9,70.6,7.1,3.1,No,"Indian home-care observation | Deepak Verma | Chandigarh, Chandigarh | Source: tablet_kiosk"
R02598,P019,Deepak Verma,Chandigarh,Chandigarh,2026-03-13,8.2,81.6,,2.6,No,"Indian home-care observation | Deepak Verma | Chandigarh, Chandigarh | Source: tablet_kiosk"
R02599,P015,Suresh Babu,Madurai,Tamil Nadu,2026-03-11,8.5,72.4,7.3,1.6,No,"Indian home-care observation | Suresh Babu | Madurai, Tamil Nadu | Source: mobile_app"
R02600,P030,Nandini Shetty,Mangaluru,Karnataka,2026-03-07,8.0,78.9,5.6,0.9,No,"Indian home-care observation | Nandini Shetty | Mangaluru, Karnataka | Source: mobile_app"
R02601,P029,Gopal Krishnan,Madurai,Tamil Nadu,2026-03-03,7.5,80.3,7.8,2.0,No,"Indian home-care observation | Gopal Krishnan | Madurai, Tamil Nadu | Source: mobile_app"
R02602,P017,Naveen Kumar,Mysuru,Karnataka,2026-03-05,7.9,80.1,7.0,2.7,No,"Indian home-care observation | Naveen Kumar | Mysuru, Karnataka | Source: wearable_sync"
R02603,P030,Nandini Shetty,Mangaluru,Karnataka,2026-03-08,7.4,62.4,,1.7,No,"Indian home-care observation | Nandini Shetty | Mangaluru, Karnataka | Source: tablet_kiosk"
R02604,P035,Prakash Patil,Nashik,Maharashtra,2026-03-20,6.2,78.2,8.0,1.1,No,"Indian home-care observation | Prakash Patil | Nashik, Maharashtra | Source: mobile_app"
R02605,P038,Janani Murugan,Erode,Tamil Nadu,2026-03-04,7.5,76.0,7.8,2.1,No,"Indian home-care observation | Janani Murugan | Erode, Tamil Nadu | Source: wearable_sync"
R02606,P019,Deepak Verma,Chandigarh,Chandigarh,2026-03-14,,74.4,7.5,2.1,No,"Indian home-care observation | Deepak Verma | Chandigarh, Chandigarh | Source: tablet_kiosk"
R02607,P038,Janani Murugan,Erode,Tamil Nadu,2026-03-05,7.5,79.2,7.2,3.1,No,"Indian home-care observation | Janani Murugan | Erode, Tamil Nadu | Source: nan"
R02608,P017,Naveen Kumar,Mysuru,Karnataka,2026-03-06,8.2,78.8,6.9,1.6,No,"Indian home-care observation | Naveen Kumar | Mysuru, Karnataka | Source: nan"
R02609,P003,Rahul Sharma,Delhi,Delhi,2026-02-27,6.2,82.2,,3.6,No,"Indian home-care observation | Rahul Sharma | Delhi, Delhi | Source: wearable_sync"
R02610,P025,Ravi Prasad,Patna,Bihar,2026-02-21,6.7,89.7,7.5,3.0,No,"Indian home-care observation | Ravi Prasad | Patna, Bihar | Source: phone_checkin"
R02611,P037,Ramesh Chandran,Puducherry,Puducherry,2026-03-15,7.6,88.0,7.0,2.1,No,"Indian home-care observation | Ramesh Chandran | Puducherry, Puducherry | Source: tablet_kiosk"
R02612,P029,Gopal Krishnan,Madurai,Tamil Nadu,2026-03-04,8.2,80.9,,1.4,No,"Indian home-care observation | Gopal Krishnan | Madurai, Tamil Nadu | Source: mobile_app"
R02613,P021,Ajay Menon,Kozhikode,Kerala,2026-03-04,7.8,75.7,7.4,3.1,No,"Indian home-care observation | Ajay Menon | Kozhikode, Kerala | Source: phone_checkin"
R02614,P039,Imran Khan,Bhopal,Madhya Pradesh,2026-03-06,7.4,82.0,7.8,2.1,No,"Indian home-care observation | Imran Khan | Bhopal, Madhya Pradesh | Source: mobile_app"
R02615,P027,Aditya Kulkarni,Nagpur,Maharashtra,2026-03-04,,80.7,9.4,1.6,Yes,"Indian home-care observation | Aditya Kulkarni | Nagpur, Maharashtra | Source: nan"
R02616,P010,Divya Patel,Ahmedabad,Gujarat,2026-03-07,5.7,58.8,7.5,2.6,No,"Indian home-care observation | Divya Patel | Ahmedabad, Gujarat | Source: wearable_sync"
R02617,P011,Rohan Das,Kolkata,West Bengal,2026-03-10,6.7,77.6,6.7,2.6,No,"Indian home-care observation | Rohan Das | Kolkata, West Bengal | Source: tablet_kiosk"
R02618,P024,Neha Kapoor,New Delhi,Delhi,2026-03-27,6.6,89.8,8.1,0.4,No,"Indian home-care observation | Neha Kapoor | New Delhi, Delhi | Source: mobile_app"
R02619,P031,Ashok Yadav,Kanpur,Uttar Pradesh,2026-03-07,,64.6,7.8,2.4,No,"Indian home-care observation | Ashok Yadav | Kanpur, Uttar Pradesh | Source: mobile_app"
R02620,P029,Gopal Krishnan,Madurai,Tamil Nadu,2026-03-05,8.3,85.7,7.5,,No,"Indian home-care observation | Gopal Krishnan | Madurai, Tamil Nadu | Source: phone_checkin"
R02621,P005,Vikram Singh,Mumbai,Maharashtra,2026-03-08,9.0,89.2,8.1,2.3,No,"Indian home-care observation | Vikram Singh | Mumbai, Maharashtra | Source: phone_checkin"
R02622,P028,Swathi Rao,Visakhapatnam,Andhra Pradesh,2026-03-07,7.6,85.5,7.6,0.8,No,"Indian home-care observation | Swathi Rao | Visakhapatnam, Andhra Pradesh | Source: phone_checkin"
R02623,P037,Ramesh Chandran,Puducherry,Puducherry,2026-03-16,7.4,85.1,7.6,3.3,Yes,"Indian home-care observation | Ramesh Chandran | Puducherry, Puducherry | Source: mobile_app"
R02624,P032,Bhavana R,Bengaluru,Karnataka,2026-03-11,8.4,95.8,9.3,0.4,No,"Indian home-care observation | Bhavana R | Bengaluru, Karnataka | Source: MOBILE_APP"
R02625,P005,Vikram Singh,Mumbai,Maharashtra,2026-03-09,8.7,89.2,,2.4,No,"Indian home-care observation | Vikram Singh | Mumbai, Maharashtra | Source: tablet_kiosk"
R02626,P029,Gopal Krishnan,Madurai,Tamil Nadu,2026-03-06,7.6,83.6,6.9,1.9,No,"Indian home-care observation | Gopal Krishnan | Madurai, Tamil Nadu | Source: phone_checkin"
R02627,P018,Harini Reddy,Warangal,Telangana,2026-03-11,8.2,69.8,7.2,4.1,No,"Indian home-care observation | Harini Reddy | Warangal, Telangana | Source: phone_checkin"
R02628,P011,Rohan Das,Kolkata,West Bengal,2026-03-11,6.2,76.0,6.4,3.8,No,"Indian home-care observation | Rohan Das | Kolkata, West Bengal | Source: mobile_app"
R02629,P021,Ajay Menon,Kozhikode,Kerala,2026-03-05,7.5,75.1,6.5,2.3,No,"Indian home-care observation | Ajay Menon | Kozhikode, Kerala | Source: tablet_kiosk"
R02630,P028,Swathi Rao,Visakhapatnam,Andhra Pradesh,2026-03-08,7.5,83.3,6.7,3.7,No,"Indian home-care observation | Swathi Rao | Visakhapatnam, Andhra Pradesh | Source: phone_checkin"
R02631,P024,Neha Kapoor,New Delhi,Delhi,2026-03-28,7.3,83.8,,2.1,No,"Indian home-care observation | Neha Kapoor | New Delhi, Delhi | Source: tablet_kiosk"
R02632,P015,Suresh Babu,Madurai,Tamil Nadu,2026-03-12,,74.9,6.3,1.6,No,"Indian home-care observation | Suresh Babu | Madurai, Tamil Nadu | Source: nan"
R02633,P013,Manoj Gupta,Lucknow,Uttar Pradesh,2026-03-07,8.5,88.7,7.2,1.4,No,"Indian home-care observation | Manoj Gupta | Lucknow, Uttar Pradesh | Source: mobile_app"
R02634,P014,Sneha Joshi,Pune,Maharashtra,2026-03-09,8.4,94.5,4.6,3.3,No,"Indian home-care observation | Sneha Joshi | Pune, Maharashtra | Source: tablet_kiosk"
R02635,P011,Rohan Das,Kolkata,West Bengal,2026-03-12,6.1,,6.5,2.4,No,"Indian home-care observation | Rohan Das | Kolkata, West Bengal | Source: mobile_app"
R02636,P037,Ramesh Chandran,Puducherry,Puducherry,2026-03-17,6.9,82.4,7.7,2.5,No,"Indian home-care observation | Ramesh Chandran | Puducherry, Puducherry | Source: tablet_kiosk"
R02637,P008,Lakshmi Rao,Vijayawada,Andhra Pradesh,2026-02-28,6.7,81.3,,3.3,No,"Indian home-care observation | Lakshmi Rao | Vijayawada, Andhra Pradesh | Source: phone_checkin"
R02638,P034,Madhuri Naik,Panaji,Goa,2026-02-21,8.0,88.7,5.4,2.8,No,"Indian home-care observation | Madhuri Naik | Panaji, Goa | Source: wearable_sync"
R02639,P024,Neha Kapoor,New Delhi,Delhi,2026-03-29,6.6,88.4,6.5,1.6,No,"Indian home-care observation | Neha Kapoor | New Delhi, Delhi | Source: mobile_app"
R02640,P001,Arjun Mehta,Chennai,Tamil Nadu,2026-03-04,8.7,75.4,6.8,3.3,No,"Indian home-care observation | Arjun Mehta | Chennai, Tamil Nadu | Source: mobile_app"
R02641,P005,Vikram Singh,Mumbai,Maharashtra,2026-03-10,9.1,82.5,,2.2,No,"Indian home-care observation | Vikram Singh | Mumbai, Maharashtra | Source: tablet_kiosk"
R02642,P025,Ravi Prasad,Patna,Bihar,2026-02-22,,73.2,8.5,3.4,No,"Indian home-care observation | Ravi Prasad | Patna, Bihar | Source: mobile_app"
R02643,P038,Janani Murugan,Erode,Tamil Nadu,2026-03-06,7.7,84.0,6.6,3.1,No,"Indian home-care observation | Janani Murugan | Erode, Tamil Nadu | Source: tablet_kiosk"
R02644,P026,Keerthana S,Tiruchirappalli,Tamil Nadu,2026-03-08,7.2,84.8,5.5,2.4,No,"Indian home-care observation | Keerthana S | Tiruchirappalli, Tamil Nadu | Source: mobile_app"
R02645,P021,Ajay Menon,Kozhikode,Kerala,2026-03-06,6.5,97.7,6.0,2.6,No,"Indian home-care observation | Ajay Menon | Kozhikode, Kerala | Source: nan"
R02646,P027,Aditya Kulkarni,Nagpur,Maharashtra,2026-03-05,,88.1,10.0,2.9,No,"Indian home-care observation | Aditya Kulkarni | Nagpur, Maharashtra | Source: tablet_kiosk"
R02647,P027,Aditya Kulkarni,Nagpur,Maharashtra,2026-03-06,6.5,78.2,9.4,3.7,No,"Indian home-care observation | Aditya Kulkarni | Nagpur, Maharashtra | Source: phone_checkin"
R02648,P021,Ajay Menon,Kozhikode,Kerala,2026-03-07,8.4,86.1,,4.2,No,"Indian home-care observation | Ajay Menon | Kozhikode, Kerala | Source: mobile_app"
R02649,P008,Lakshmi Rao,Vijayawada,Andhra Pradesh,2026-03-01,6.0,81.8,7.3,2.7,No,"Indian home-care observation | Lakshmi Rao | Vijayawada, Andhra Pradesh | Source: wearable_sync"
R02650,P022,Shreya Das,Bhubaneswar,Odisha,2026-02-24,7.7,78.4,3.3,3.3,No,"Indian home-care observation | Shreya Das | Bhubaneswar, Odisha | Source: wearable_sync"
R02651,P001,Arjun Mehta,Chennai,Tamil Nadu,2026-03-05,6.8,74.9,5.7,1.8,No,"Indian home-care observation | Arjun Mehta | Chennai, Tamil Nadu | Source: tablet_kiosk"
R02652,P020,Pooja Shah,Surat,Gujarat,2026-03-01,5.4,67.6,5.1,2.4,No,"Indian home-care observation | Pooja Shah | Surat, Gujarat | Source: phone_checkin"
R02653,P029,Gopal Krishnan,Madurai,Tamil Nadu,2026-03-07,6.8,80.0,6.9,4.4,No,"Indian home-care observation | Gopal Krishnan | Madurai, Tamil Nadu | Source: phone_checkin"
R02654,P021,Ajay Menon,Kozhikode,Kerala,2026-03-08,6.0,82.4,6.4,2.1,No,"Indian home-care observation | Ajay Menon | Kozhikode, Kerala | Source: tablet_kiosk"
R02655,P008,Lakshmi Rao,Vijayawada,Andhra Pradesh,2026-03-02,7.6,68.5,,1.8,No,"Indian home-care observation | Lakshmi Rao | Vijayawada, Andhra Pradesh | Source: tablet_kiosk"
R02656,P009,Sanjay Kumar,Jaipur,Rajasthan,2026-03-01,7.4,71.7,6.9,1.7,No,"Indian home-care observation | Sanjay Kumar | Jaipur, Rajasthan | Source: phone_checkin"
R02657,P003,Rahul Sharma,Delhi,Delhi,2026-02-28,8.1,69.4,6.5,3.2,No,"Indian home-care observation | Rahul Sharma | Delhi, Delhi | Source: MOBILE_APP"
R02658,P009,Sanjay Kumar,Jaipur,Rajasthan,2026-03-02,7.2,73.8,7.2,2.0,No,"Indian home-care observation | Sanjay Kumar | Jaipur, Rajasthan | Source: tablet_kiosk"
R02659,P040,Deepa Thomas,Thrissur,Kerala,2026-03-03,6.8,95.7,4.8,2.4,No,"Indian home-care observation | Deepa Thomas | Thrissur, Kerala | Source: phone_checkin"
R02660,P040,Deepa Thomas,Thrissur,Kerala,2026-03-04,4.5,77.2,4.6,2.2,No,"Indian home-care observation | Deepa Thomas | Thrissur, Kerala | Source: phone_checkin"
R02661,P039,Imran Khan,Bhopal,Madhya Pradesh,2026-03-07,7.8,76.6,7.3,2.8,No,"Indian home-care observation | Imran Khan | Bhopal, Madhya Pradesh | Source: mobile_app"
R02662,P034,Madhuri Naik,Panaji,Goa,2026-02-22,7.9,88.0,6.3,2.3,No,"Indian home-care observation | Madhuri Naik | Panaji, Goa | Source: wearable_sync"
R02663,P025,Ravi Prasad,Patna,Bihar,2026-02-23,7.6,84.8,,,No,"Indian home-care observation | Ravi Prasad | Patna, Bihar | Source: mobile_app"
R02664,P026,Keerthana S,Tiruchirappalli,Tamil Nadu,2026-03-09,7.3,,5.2,3.0,No,"Indian home-care observation | Keerthana S | Tiruchirappalli, Tamil Nadu | Source: tablet_kiosk"
R02665,P019,Deepak Verma,Chandigarh,Chandigarh,2026-03-15,7.2,83.9,6.8,0.9,No,"Indian home-care observation | Deepak Verma | Chandigarh, Chandigarh | Source: phone_checkin"
R02666,P011,Rohan Das,Kolkata,West Bengal,2026-03-13,6.3,70.6,5.4,1.6,No,"Indian home-care observation | Rohan Das | Kolkata, West Bengal | Source: wearable_sync"
R02667,P002,Priya Nair,Kochi,Kerala,2026-03-07,7.5,76.7,5.8,2.9,No,"Indian home-care observation | Priya Nair | Kochi, Kerala | Source: phone_checkin"
R02668,P034,Madhuri Naik,Panaji,Goa,2026-02-23,7.9,82.7,6.1,1.1,No,"Indian home-care observation | Madhuri Naik | Panaji, Goa | Source: mobile_app"
R02669,P031,Ashok Yadav,Kanpur,Uttar Pradesh,2026-03-08,7.9,55.7,7.2,1.3,No,"Indian home-care observation | Ashok Yadav | Kanpur, Uttar Pradesh | Source: phone_checkin"
R02670,P038,Janani Murugan,Erode,Tamil Nadu,2026-03-07,8.3,74.7,8.4,2.6,No,"Indian home-care observation | Janani Murugan | Erode, Tamil Nadu | Source: phone_checkin"
R02671,P010,Divya Patel,Ahmedabad,Gujarat,2026-03-08,5.4,63.8,6.6,1.8,No,"Indian home-care observation | Divya Patel | Ahmedabad, Gujarat | Source: wearable_sync"
R02672,P014,Sneha Joshi,Pune,Maharashtra,2026-03-10,9.5,89.1,6.2,2.8,No,"Indian home-care observation | Sneha Joshi | Pune, Maharashtra | Source: tablet_kiosk"
R02673,P001,Arjun Mehta,Chennai,Tamil Nadu,2026-03-06,7.3,63.8,4.0,2.7,No,"Indian home-care observation | Arjun Mehta | Chennai, Tamil Nadu | Source: tablet_kiosk"
R02674,P017,Naveen Kumar,Mysuru,Karnataka,2026-03-07,7.8,86.4,7.1,3.6,Yes,"Indian home-care observation | Naveen Kumar | Mysuru, Karnataka | Source: phone_checkin"
R02675,P023,Mohan Raj,Salem,Tamil Nadu,2026-03-09,7.9,98.2,,1.7,No,"Indian home-care observation | Mohan Raj | Salem, Tamil Nadu | Source: phone_checkin"
R02676,P033,Ganesh Iyer,Chennai,Tamil Nadu,2026-03-04,7.9,85.8,6.8,3.1,No,"Indian home-care observation | Ganesh Iyer | Chennai, Tamil Nadu | Source: mobile_app"
R02677,P036,Sowmya N,Hyderabad,Telangana,2026-03-10,8.0,76.4,8.4,2.5,No,"Indian home-care observation | Sowmya N | Hyderabad, Telangana | Source: phone_checkin"
R02678,P006,Meena Krishnan,Coimbatore,Tamil Nadu,2026-03-14,,,6.5,1.8,No,"Indian home-care observation | Meena Krishnan | Coimbatore, Tamil Nadu | Source: wearable_sync"
R02679,P029,Gopal Krishnan,Madurai,Tamil Nadu,2026-03-08,7.8,80.5,6.4,0.5,No,"Indian home-care observation | Gopal Krishnan | Madurai, Tamil Nadu | Source: tablet_kiosk"
R02680,P024,Neha Kapoor,New Delhi,Delhi,2026-03-30,8.0,89.4,8.6,,No,"Indian home-care observation | Neha Kapoor | New Delhi, Delhi | Source: mobile_app"
R02681,P029,Gopal Krishnan,Madurai,Tamil Nadu,2026-03-09,7.7,82.5,6.6,2.7,No,"Indian home-care observation | Gopal Krishnan | Madurai, Tamil Nadu | Source: wearable_sync"
R02682,P004,Ananya Iyer,Bengaluru,Karnataka,2026-03-22,9.0,84.0,7.2,2.3,No,"Indian home-care observation | Ananya Iyer | Bengaluru, Karnataka | Source: tablet_kiosk"
R02683,P024,Neha Kapoor,New Delhi,Delhi,2026-03-31,6.3,83.1,,1.1,No,"Indian home-care observation | Neha Kapoor | New Delhi, Delhi | Source: phone_checkin"
R02684,P033,Ganesh Iyer,Chennai,Tamil Nadu,2026-03-05,7.7,83.8,6.8,1.3,No,"Indian home-care observation | Ganesh Iyer | Chennai, Tamil Nadu | Source: mobile_app"
R02685,P012,Kavya Menon,Thiruvananthapuram,Kerala,2026-02-26,6.7,86.7,8.3,1.2,No,"Indian home-care observation | Kavya Menon | Thiruvananthapuram, Kerala | Source: TABLET_KIOSK"
R02686,P025,Ravi Prasad,Patna,Bihar,2026-02-24,7.6,77.2,8.6,3.3,No,"Indian home-care observation | Ravi Prasad | Patna, Bihar | Source: mobile_app"
R02687,P025,Ravi Prasad,Patna,Bihar,2026-02-25,8.6,84.6,8.2,2.8,No,"Indian home-care observation | Ravi Prasad | Patna, Bihar | Source: tablet_kiosk"
R02688,P031,Ashok Yadav,Kanpur,Uttar Pradesh,2026-03-09,7.7,64.9,8.1,2.6,No,"Indian home-care observation | Ashok Yadav | Kanpur, Uttar Pradesh | Source: wearable_sync"
R02689,P027,Aditya Kulkarni,Nagpur,Maharashtra,2026-03-07,7.0,82.3,9.1,2.1,No,"Indian home-care observation | Aditya Kulkarni | Nagpur, Maharashtra | Source: mobile_app"
R02690,P009,Sanjay Kumar,Jaipur,Rajasthan,2026-03-03,7.1,86.8,6.8,1.7,No,"Indian home-care observation | Sanjay Kumar | Jaipur, Rajasthan | Source: tablet_kiosk"
R02691,P015,Suresh Babu,Madurai,Tamil Nadu,2026-03-13,9.8,81.8,8.3,1.5,No,"Indian home-care observation | Suresh Babu | Madurai, Tamil Nadu | Source: wearable_sync"
R02692,P026,Keerthana S,Tiruchirappalli,Tamil Nadu,2026-03-10,6.8,84.3,6.7,2.5,No,"Indian home-care observation | Keerthana S | Tiruchirappalli, Tamil Nadu | Source: wearable_sync"
R02693,P024,Neha Kapoor,New Delhi,Delhi,2026-04-01,7.8,90.6,7.1,3.6,No,"Indian home-care observation | Neha Kapoor | New Delhi, Delhi | Source: wearable_sync"
R02694,P037,Ramesh Chandran,Puducherry,Puducherry,2026-03-18,6.7,90.0,7.5,,No,"Indian home-care observation | Ramesh Chandran | Puducherry, Puducherry | Source: tablet_kiosk"
R02695,P002,Priya Nair,Kochi,Kerala,2026-03-08,7.0,76.5,5.3,2.1,No,"Indian home-care observation | Priya Nair | Kochi, Kerala | Source: wearable_sync"
R02696,P021,Ajay Menon,Kozhikode,Kerala,2026-03-09,8.0,91.9,5.7,2.3,Yes,"Indian home-care observation | Ajay Menon | Kozhikode, Kerala | Source: wearable_sync"
R02697,P034,Madhuri Naik,Panaji,Goa,2026-02-24,8.1,88.2,4.8,2.2,No,"Indian home-care observation | Madhuri Naik | Panaji, Goa | Source: phone_checkin"
R02698,P033,Ganesh Iyer,Chennai,Tamil Nadu,2026-03-06,7.6,84.2,6.6,2.1,No,"Indian home-care observation | Ganesh Iyer | Chennai, Tamil Nadu | Source: phone_checkin"
R02699,P034,Madhuri Naik,Panaji,Goa,2026-02-25,7.8,90.5,,1.4,No,"Indian home-care observation | Madhuri Naik | Panaji, Goa | Source: tablet_kiosk"
R02700,P025,Ravi Prasad,Patna,Bihar,2026-02-26,6.6,,8.5,1.5,No,"Indian home-care observation | Ravi Prasad | Patna, Bihar | Source: mobile_app"
R02701,P018,Harini Reddy,Warangal,Telangana,2026-03-12,7.6,,7.3,0.8,No,"Indian home-care observation | Harini Reddy | Warangal, Telangana | Source: wearable_sync | Missing nutrition test case"
R02702,P019,Deepak Verma,Chandigarh,Chandigarh,2026-03-16,9.2,74.4,6.2,2.1,No,"Indian home-care observation | Deepak Verma | Chandigarh, Chandigarh | Source: nan"
R02703,P001,Arjun Mehta,Chennai,Tamil Nadu,2026-03-07,8.2,82.0,7.2,3.2,No,"Indian home-care observation | Arjun Mehta | Chennai, Tamil Nadu | Source: phone_checkin"
R02704,P011,Rohan Das,Kolkata,West Bengal,2026-03-14,5.9,73.0,6.2,1.2,No,"Indian home-care observation | Rohan Das | Kolkata, West Bengal | Source: wearable_sync"
R02705,P024,Neha Kapoor,New Delhi,Delhi,2026-04-02,8.1,,7.7,3.0,No,"Indian home-care observation | Neha Kapoor | New Delhi, Delhi | Source: phone_checkin"
R02706,P035,Prakash Patil,Nashik,Maharashtra,2026-03-21,6.5,59.8,,2.2,No,"Indian home-care observation | Prakash Patil | Nashik, Maharashtra | Source: wearable_sync"
R02707,P005,Vikram Singh,Mumbai,Maharashtra,2026-03-11,9.0,90.4,7.2,3.0,No,"Indian home-care observation | Vikram Singh | Mumbai, Maharashtra | Source: phone_checkin"
R02708,P022,Shreya Das,Bhubaneswar,Odisha,2026-02-25,7.8,75.3,,2.2,No,"Indian home-care observation | Shreya Das | Bhubaneswar, Odisha | Source: mobile_app"
R02709,P030,Nandini Shetty,Mangaluru,Karnataka,2026-03-09,8.1,72.6,4.0,1.2,No,"Indian home-care observation | Nandini Shetty | Mangaluru, Karnataka | Source: mobile_app"
R02710,P031,Ashok Yadav,Kanpur,Uttar Pradesh,2026-03-10,6.2,58.8,6.6,2.2,No,"Indian home-care observation | Ashok Yadav | Kanpur, Uttar Pradesh | Source: wearable_sync"
R02711,P030,Nandini Shetty,Mangaluru,Karnataka,2026-03-10,7.4,,3.5,,No,"Indian home-care observation | Nandini Shetty | Mangaluru, Karnataka | Source: mobile_app"
R02712,P005,Vikram Singh,Mumbai,Maharashtra,2026-03-12,8.4,84.8,7.6,1.4,No,"Indian home-care observation | Vikram Singh | Mumbai, Maharashtra | Source: tablet_kiosk"
R02713,P034,Madhuri Naik,Panaji,Goa,2026-02-26,7.3,92.6,6.0,1.9,No,"Indian home-care observation | Madhuri Naik | Panaji, Goa | Source: wearable_sync"
R02714,P031,Ashok Yadav,Kanpur,Uttar Pradesh,2026-03-11,6.9,60.0,6.5,0.0,No,"Indian home-care observation | Ashok Yadav | Kanpur, Uttar Pradesh | Source: phone_checkin"
R02715,P032,Bhavana R,Bengaluru,Karnataka,2026-03-12,8.6,97.0,9.6,3.2,No,"Indian home-care observation | Bhavana R | Bengaluru, Karnataka | Source: wearable_sync"
R02716,P019,Deepak Verma,Chandigarh,Chandigarh,2026-03-17,7.7,80.4,,4.3,No,"Indian home-care observation | Deepak Verma | Chandigarh, Chandigarh | Source: tablet_kiosk"
R02717,P020,Pooja Shah,Surat,Gujarat,2026-03-02,6.4,75.3,6.2,3.5,No,"Indian home-care observation | Pooja Shah | Surat, Gujarat | Source: tablet_kiosk"
R02718,P024,Neha Kapoor,New Delhi,Delhi,2026-04-03,6.6,88.3,6.9,1.9,No,"Indian home-care observation | Neha Kapoor | New Delhi, Delhi | Source: tablet_kiosk"
R02719,P029,Gopal Krishnan,Madurai,Tamil Nadu,2026-03-10,7.2,88.4,6.9,2.9,No,"Indian home-care observation | Gopal Krishnan | Madurai, Tamil Nadu | Source: phone_checkin"
R02720,P032,Bhavana R,Bengaluru,Karnataka,2026-03-13,8.4,,8.6,2.4,No,"Indian home-care observation | Bhavana R | Bengaluru, Karnataka | Source: phone_checkin"
R02721,P032,Bhavana R,Bengaluru,Karnataka,2026-03-14,8.0,95.6,8.4,2.3,No,"Indian home-care observation | Bhavana R | Bengaluru, Karnataka | Source: mobile_app"
R02722,P023,Mohan Raj,Salem,Tamil Nadu,2026-03-10,6.7,91.7,7.4,2.4,No,"Indian home-care observation | Mohan Raj | Salem, Tamil Nadu | Source: tablet_kiosk"
R02723,P040,Deepa Thomas,Thrissur,Kerala,2026-03-05,6.3,91.4,,1.9,No,"Indian home-care observation | Deepa Thomas | Thrissur, Kerala | Source: phone_checkin"
R02724,P027,Aditya Kulkarni,Nagpur,Maharashtra,2026-03-08,5.6,78.3,9.3,3.4,No,"Indian home-care observation | Aditya Kulkarni | Nagpur, Maharashtra | Source: phone_checkin"
R02725,P022,Shreya Das,Bhubaneswar,Odisha,2026-02-26,8.6,65.2,4.5,2.1,No,"Indian home-care observation | Shreya Das | Bhubaneswar, Odisha | Source: mobile_app"
R02726,P029,Gopal Krishnan,Madurai,Tamil Nadu,2026-03-11,7.3,86.4,5.8,2.6,No,"Indian home-care observation | Gopal Krishnan | Madurai, Tamil Nadu | Source: tablet_kiosk"
R02727,P005,Vikram Singh,Mumbai,Maharashtra,2026-03-13,8.8,78.4,7.0,2.8,Yes,"Indian home-care observation | Vikram Singh | Mumbai, Maharashtra | Source: phone_checkin"
R02728,P015,Suresh Babu,Madurai,Tamil Nadu,2026-03-14,10.0,77.8,6.7,2.1,No,"Indian home-care observation | Suresh Babu | Madurai, Tamil Nadu | Source: phone_checkin"
R02729,P029,Gopal Krishnan,Madurai,Tamil Nadu,2026-03-12,6.5,86.9,6.8,1.0,No,"Indian home-care observation | Gopal Krishnan | Madurai, Tamil Nadu | Source: mobile_app"
R02730,P017,Naveen Kumar,Mysuru,Karnataka,2026-03-08,7.3,74.0,7.0,1.2,Yes,"Indian home-care observation | Naveen Kumar | Mysuru, Karnataka | Source: tablet_kiosk"
R02731,P040,Deepa Thomas,Thrissur,Kerala,2026-03-06,6.2,80.6,4.8,2.6,No,"Indian home-care observation | Deepa Thomas | Thrissur, Kerala | Source: phone_checkin"
R02732,P005,Vikram Singh,Mumbai,Maharashtra,2026-03-14,8.9,87.1,7.2,,Yes,"Indian home-care observation | Vikram Singh | Mumbai, Maharashtra | Source: wearable_sync"
R02733,P015,Suresh Babu,Madurai,Tamil Nadu,2026-03-15,10.0,74.0,8.8,2.3,No,"Indian home-care observation | Suresh Babu | Madurai, Tamil Nadu | Source: mobile_app"
R02734,P011,Rohan Das,Kolkata,West Bengal,2026-03-15,6.3,78.4,5.8,2.4,No,"Indian home-care observation | Rohan Das | Kolkata, West Bengal | Source: nan"
R02735,P016,Aishwarya Pillai,Kollam,Kerala,2026-03-06,7.6,83.6,,0.4,No,"Indian home-care observation | Aishwarya Pillai | Kollam, Kerala | Source: mobile_app"
R02736,P007,Karthik Reddy,Hyderabad,Telangana,2026-03-13,8.1,83.6,,1.8,No,"Indian home-care observation | Karthik Reddy | Hyderabad, Telangana | Source: phone_checkin"
R02737,P023,Mohan Raj,Salem,Tamil Nadu,2026-03-11,6.8,96.8,6.8,3.1,No,"Indian home-care observation | Mohan Raj | Salem, Tamil Nadu | Source: phone_checkin"
R02738,P012,Kavya Menon,Thiruvananthapuram,Kerala,2026-02-27,7.2,91.1,9.2,2.5,No,"Indian home-care observation | Kavya Menon | Thiruvananthapuram, Kerala | Source: phone_checkin"
R02739,P006,Meena Krishnan,Coimbatore,Tamil Nadu,2026-03-15,6.6,90.5,7.1,2.2,No,"Indian home-care observation | Meena Krishnan | Coimbatore, Tamil Nadu | Source: phone_checkin"
R02740,P036,Sowmya N,Hyderabad,Telangana,2026-03-11,7.6,78.6,7.4,1.8,No,"Indian home-care observation | Sowmya N | Hyderabad, Telangana | Source: wearable_sync"
R02741,P001,Arjun Mehta,Chennai,Tamil Nadu,2026-03-08,7.4,83.6,6.3,1.9,No,"Indian home-care observation | Arjun Mehta | Chennai, Tamil Nadu | Source: phone_checkin"
R02742,P001,Arjun Mehta,Chennai,Tamil Nadu,2026-03-09,8.7,84.3,7.7,4.3,No,"Indian home-care observation | Arjun Mehta | Chennai, Tamil Nadu | Source: phone_checkin"
R02743,P005,Vikram Singh,Mumbai,Maharashtra,2026-03-15,9.7,83.0,8.5,2.4,No,"Indian home-care observation | Vikram Singh | Mumbai, Maharashtra | Source: wearable_sync"
R02744,P039,Imran Khan,Bhopal,Madhya Pradesh,2026-03-08,7.2,76.5,7.8,1.7,No,"Indian home-care observation | Imran Khan | Bhopal, Madhya Pradesh | Source: tablet_kiosk"
R02745,P005,Vikram Singh,Mumbai,Maharashtra,2026-03-16,8.9,88.6,7.8,2.5,No,"Indian home-care observation | Vikram Singh | Mumbai, Maharashtra | Source: phone_checkin"
R02746,P004,Ananya Iyer,Bengaluru,Karnataka,2026-03-23,7.6,71.7,,0.3,Yes,"Indian home-care observation | Ananya Iyer | Bengaluru, Karnataka | Source: nan"
R02747,P016,Aishwarya Pillai,Kollam,Kerala,2026-03-07,,81.8,8.7,2.7,No,"Indian home-care observation | Aishwarya Pillai | Kollam, Kerala | Source: tablet_kiosk"
R02748,P031,Ashok Yadav,Kanpur,Uttar Pradesh,2026-03-12,9.6,65.6,8.2,3.9,No,"Indian home-care observation | Ashok Yadav | Kanpur, Uttar Pradesh | Source: wearable_sync"
R02749,P030,Nandini Shetty,Mangaluru,Karnataka,2026-03-11,8.2,79.9,,2.7,No,"Indian home-care observation | Nandini Shetty | Mangaluru, Karnataka | Source: wearable_sync"
R02750,P006,Meena Krishnan,Coimbatore,Tamil Nadu,2026-03-16,6.9,,6.9,1.3,No,"Indian home-care observation | Meena Krishnan | Coimbatore, Tamil Nadu | Source: phone_checkin"
R02751,P025,Ravi Prasad,Patna,Bihar,2026-02-27,7.7,88.8,,2.4,No,"Indian home-care observation | Ravi Prasad | Patna, Bihar | Source: wearable_sync"
R02752,P038,Janani Murugan,Erode,Tamil Nadu,2026-03-08,7.1,74.0,5.6,1.8,No,"Indian home-care observation | Janani Murugan | Erode, Tamil Nadu | Source: mobile_app"
R02753,P027,Aditya Kulkarni,Nagpur,Maharashtra,2026-03-09,6.0,,8.8,1.2,No,"Indian home-care observation | Aditya Kulkarni | Nagpur, Maharashtra | Source: mobile_app"
R02754,P004,Ananya Iyer,Bengaluru,Karnataka,2026-03-24,6.6,67.0,5.0,1.1,No,"Indian home-care observation | Ananya Iyer | Bengaluru, Karnataka | Source: mobile_app"
R02755,P031,Ashok Yadav,Kanpur,Uttar Pradesh,2026-03-13,8.5,63.9,6.9,1.1,No,"Indian home-care observation | Ashok Yadav | Kanpur, Uttar Pradesh | Source: phone_checkin"
R02756,P015,Suresh Babu,Madurai,Tamil Nadu,2026-03-16,10.0,,,3.4,No,"Indian home-care observation | Suresh Babu | Madurai, Tamil Nadu | Source: wearable_sync"
R02757,P009,Sanjay Kumar,Jaipur,Rajasthan,2026-03-04,7.5,76.2,6.7,2.3,No,"Indian home-care observation | Sanjay Kumar | Jaipur, Rajasthan | Source: mobile_app"
R02758,P006,Meena Krishnan,Coimbatore,Tamil Nadu,2026-03-17,6.3,94.8,6.9,,No,"Indian home-care observation | Meena Krishnan | Coimbatore, Tamil Nadu | Source: phone_checkin"
R02759,P020,Pooja Shah,Surat,Gujarat,2026-03-03,6.9,80.5,6.5,3.0,No,"Indian home-care observation | Pooja Shah | Surat, Gujarat | Source: phone_checkin"
R02760,P035,Prakash Patil,Nashik,Maharashtra,2026-03-22,6.8,76.6,7.8,1.3,No,"Indian home-care observation | Prakash Patil | Nashik, Maharashtra | Source: mobile_app"
R02761,P028,Swathi Rao,Visakhapatnam,Andhra Pradesh,2026-03-09,7.0,82.7,6.0,2.0,No,"Indian home-care observation | Swathi Rao | Visakhapatnam, Andhra Pradesh | Source: wearable_sync"
R02762,P001,Arjun Mehta,Chennai,Tamil Nadu,2026-03-10,7.5,76.0,,2.6,No,"Indian home-care observation | Arjun Mehta | Chennai, Tamil Nadu | Source: wearable_sync"
R02763,P033,Ganesh Iyer,Chennai,Tamil Nadu,2026-03-07,8.6,82.7,6.5,1.3,No,"Indian home-care observation | Ganesh Iyer | Chennai, Tamil Nadu | Source: wearable_sync"
R02764,P038,Janani Murugan,Erode,Tamil Nadu,2026-03-09,6.9,66.7,7.4,2.1,No,"Indian home-care observation | Janani Murugan | Erode, Tamil Nadu | Source: tablet_kiosk"
R02765,P022,Shreya Das,Bhubaneswar,Odisha,2026-02-27,8.0,70.6,4.2,3.1,No,"Indian home-care observation | Shreya Das | Bhubaneswar, Odisha | Source: mobile_app"
R02766,P013,Manoj Gupta,Lucknow,Uttar Pradesh,2026-03-08,8.9,84.0,5.8,0.4,No,"Indian home-care observation | Manoj Gupta | Lucknow, Uttar Pradesh | Source: nan"
R02767,P029,Gopal Krishnan,Madurai,Tamil Nadu,2026-03-13,,89.9,7.4,2.6,No,"Indian home-care observation | Gopal Krishnan | Madurai, Tamil Nadu | Source: wearable_sync"
R02768,P029,Gopal Krishnan,Madurai,Tamil Nadu,2026-03-14,6.8,89.9,6.9,2.8,No,"Indian home-care observation | Gopal Krishnan | Madurai, Tamil Nadu | Source: phone_checkin"
R02769,P034,Madhuri Naik,Panaji,Goa,2026-02-27,8.4,86.2,4.6,2.1,Yes,"Indian home-care observation | Madhuri Naik | Panaji, Goa | Source: tablet_kiosk"
R02770,P018,Harini Reddy,Warangal,Telangana,2026-03-13,7.3,78.3,7.3,2.7,No,"Indian home-care observation | Harini Reddy | Warangal, Telangana | Source: WEARABLE_SYNC"
R02771,P026,Keerthana S,Tiruchirappalli,Tamil Nadu,2026-03-11,7.1,83.9,6.4,3.2,No,"Indian home-care observation | Keerthana S | Tiruchirappalli, Tamil Nadu | Source: mobile_app"
R02772,P009,Sanjay Kumar,Jaipur,Rajasthan,2026-03-05,7.2,76.3,6.1,3.2,No,"Indian home-care observation | Sanjay Kumar | Jaipur, Rajasthan | Source: tablet_kiosk"
R02773,P021,Ajay Menon,Kozhikode,Kerala,2026-03-10,6.1,74.9,7.6,2.7,No,"Indian home-care observation | Ajay Menon | Kozhikode, Kerala | Source: mobile_app"
R02774,P040,Deepa Thomas,Thrissur,Kerala,2026-03-07,4.6,75.5,,1.7,No,"Indian home-care observation | Deepa Thomas | Thrissur, Kerala | Source: wearable_sync"
R02775,P026,Keerthana S,Tiruchirappalli,Tamil Nadu,2026-03-12,7.2,84.1,6.2,1.1,No,"Indian home-care observation | Keerthana S | Tiruchirappalli, Tamil Nadu | Source: phone_checkin"
R02776,P034,Madhuri Naik,Panaji,Goa,2026-02-28,,84.5,4.9,3.7,No,"Indian home-care observation | Madhuri Naik | Panaji, Goa | Source: tablet_kiosk"
R02777,P016,Aishwarya Pillai,Kollam,Kerala,2026-03-08,8.2,86.5,8.5,1.1,No,"Indian home-care observation | Aishwarya Pillai | Kollam, Kerala | Source: phone_checkin"
R02778,P019,Deepak Verma,Chandigarh,Chandigarh,2026-03-18,8.2,75.4,6.1,2.7,No,"Indian home-care observation | Deepak Verma | Chandigarh, Chandigarh | Source: tablet_kiosk"
R02779,P025,Ravi Prasad,Patna,Bihar,2026-02-28,7.4,74.4,8.2,2.9,No,"Indian home-care observation | Ravi Prasad | Patna, Bihar | Source: mobile_app"
R02780,P028,Swathi Rao,Visakhapatnam,Andhra Pradesh,2026-03-10,7.1,78.6,6.3,3.3,No,"Indian home-care observation | Swathi Rao | Visakhapatnam, Andhra Pradesh | Source: wearable_sync"
R02781,P002,Priya Nair,Kochi,Kerala,2026-03-09,8.2,72.2,,3.3,No,"Indian home-care observation | Priya Nair | Kochi, Kerala | Source: mobile_app"
R02782,P027,Aditya Kulkarni,Nagpur,Maharashtra,2026-03-10,6.8,83.4,,3.4,No,"Indian home-care observation | Aditya Kulkarni | Nagpur, Maharashtra | Source: phone_checkin"
R02783,P029,Gopal Krishnan,Madurai,Tamil Nadu,2026-03-15,8.0,85.4,7.1,2.3,No,"Indian home-care observation | Gopal Krishnan | Madurai, Tamil Nadu | Source: phone_checkin"
R02784,P008,Lakshmi Rao,Vijayawada,Andhra Pradesh,2026-03-03,7.2,94.2,,3.2,No,"Indian home-care observation | Lakshmi Rao | Vijayawada, Andhra Pradesh | Source: tablet_kiosk"
R02785,P026,Keerthana S,Tiruchirappalli,Tamil Nadu,2026-03-13,6.7,85.3,5.2,2.0,No,"Indian home-care observation | Keerthana S | Tiruchirappalli, Tamil Nadu | Source: phone_checkin"
R02786,P028,Swathi Rao,Visakhapatnam,Andhra Pradesh,2026-03-11,7.0,83.2,6.6,2.6,No,"Indian home-care observation | Swathi Rao | Visakhapatnam, Andhra Pradesh | Source: phone_checkin"
R02787,P031,Ashok Yadav,Kanpur,Uttar Pradesh,2026-03-14,8.8,64.5,7.7,1.6,No,"Indian home-care observation | Ashok Yadav | Kanpur, Uttar Pradesh | Source: mobile_app"
R02788,P025,Ravi Prasad,Patna,Bihar,2026-03-01,6.7,88.0,,3.8,No,"Indian home-care observation | Ravi Prasad | Patna, Bihar | Source: tablet_kiosk"
R02789,P020,Pooja Shah,Surat,Gujarat,2026-03-04,6.1,87.4,,2.6,No,"Indian home-care observation | Pooja Shah | Surat, Gujarat | Source: mobile_app"
R02790,P030,Nandini Shetty,Mangaluru,Karnataka,2026-03-12,6.1,59.4,2.5,0.0,No,"Indian home-care observation | Nandini Shetty | Mangaluru, Karnataka | Source: mobile_app"
R02791,P026,Keerthana S,Tiruchirappalli,Tamil Nadu,2026-03-14,6.3,85.3,5.7,2.3,No,"Indian home-care observation | Keerthana S | Tiruchirappalli, Tamil Nadu | Source: phone_checkin"
R02792,P027,Aditya Kulkarni,Nagpur,Maharashtra,2026-03-11,5.9,83.4,8.6,0.2,No,"Indian home-care observation | Aditya Kulkarni | Nagpur, Maharashtra | Source: mobile_app"
R02793,P001,Arjun Mehta,Chennai,Tamil Nadu,2026-03-11,8.3,,6.8,3.2,No,"Indian home-care observation | Arjun Mehta | Chennai, Tamil Nadu | Source: wearable_sync"
R02794,P021,Ajay Menon,Kozhikode,Kerala,2026-03-11,8.1,79.6,5.5,5.1,No,"Indian home-care observation | Ajay Menon | Kozhikode, Kerala | Source: mobile_app"
R02795,P017,Naveen Kumar,Mysuru,Karnataka,2026-03-09,8.0,,5.7,3.1,No,"Indian home-care observation | Naveen Kumar | Mysuru, Karnataka | Source: tablet_kiosk"
R02796,P033,Ganesh Iyer,Chennai,Tamil Nadu,2026-03-08,7.3,82.1,7.0,2.3,No,"Indian home-care observation | Ganesh Iyer | Chennai, Tamil Nadu | Source: phone_checkin"
R02797,P032,Bhavana R,Bengaluru,Karnataka,2026-03-15,7.5,91.5,8.2,1.8,No,"Indian home-care observation | Bhavana R | Bengaluru, Karnataka | Source: phone_checkin"
R02798,P022,Shreya Das,Bhubaneswar,Odisha,2026-02-28,7.3,,4.0,3.3,No,"Indian home-care observation | Shreya Das | Bhubaneswar, Odisha | Source: wearable_sync"
R02799,P033,Ganesh Iyer,Chennai,Tamil Nadu,2026-03-09,9.5,82.3,6.6,2.4,No,"Indian home-care observation | Ganesh Iyer | Chennai, Tamil Nadu | Source: wearable_sync"
R02800,P018,Harini Reddy,Warangal,Telangana,2026-03-14,8.0,79.1,7.4,2.3,No,"Indian home-care observation | Harini Reddy | Warangal, Telangana | Source: phone_checkin"
R02801,P030,Nandini Shetty,Mangaluru,Karnataka,2026-03-13,7.6,73.7,,0.8,No,"Indian home-care observation | Nandini Shetty | Mangaluru, Karnataka | Source: wearable_sync"
R02802,P040,Deepa Thomas,Thrissur,Kerala,2026-03-08,7.3,93.0,6.2,1.8,No,"Indian home-care observation | Deepa Thomas | Thrissur, Kerala | Source: phone_checkin"
R02803,P034,Madhuri Naik,Panaji,Goa,2026-03-01,8.2,89.2,4.7,2.4,No,"Indian home-care observation | Madhuri Naik | Panaji, Goa | Source: mobile_app"
R02804,P034,Madhuri Naik,Panaji,Goa,2026-03-02,7.9,91.2,6.1,3.0,No,"Indian home-care observation | Madhuri Naik | Panaji, Goa | Source: phone_checkin"
R02805,P013,Manoj Gupta,Lucknow,Uttar Pradesh,2026-03-09,8.1,69.0,6.2,0.7,No,"Indian home-care observation | Manoj Gupta | Lucknow, Uttar Pradesh | Source: phone_checkin"
R02806,P035,Prakash Patil,Nashik,Maharashtra,2026-03-23,6.2,,6.5,1.6,No,"Indian home-care observation | Prakash Patil | Nashik, Maharashtra | Source: nan"
R02807,P004,Ananya Iyer,Bengaluru,Karnataka,2026-03-25,8.7,81.7,6.9,1.1,No,"Indian home-care observation | Ananya Iyer | Bengaluru, Karnataka | Source: phone_checkin"
R02808,P030,Nandini Shetty,Mangaluru,Karnataka,2026-03-14,7.8,74.2,2.5,2.6,No,"Indian home-care observation | Nandini Shetty | Mangaluru, Karnataka | Source: phone_checkin"
R02809,P037,Ramesh Chandran,Puducherry,Puducherry,2026-03-19,7.0,80.7,7.6,2.8,No,"Indian home-care observation | Ramesh Chandran | Puducherry, Puducherry | Source: tablet_kiosk"
R02810,P033,Ganesh Iyer,Chennai,Tamil Nadu,2026-03-10,8.5,83.1,6.9,1.2,No,"Indian home-care observation | Ganesh Iyer | Chennai, Tamil Nadu | Source: phone_checkin"
R02811,P026,Keerthana S,Tiruchirappalli,Tamil Nadu,2026-03-15,6.6,,5.0,2.8,No,"Indian home-care observation | Keerthana S | Tiruchirappalli, Tamil Nadu | Source: phone_checkin"
R02812,P037,Ramesh Chandran,Puducherry,Puducherry,2026-03-20,,91.2,8.1,1.6,No,"Indian home-care observation | Ramesh Chandran | Puducherry, Puducherry | Source: phone_checkin"
R02813,P005,Vikram Singh,Mumbai,Maharashtra,2026-03-17,8.6,76.2,7.2,3.1,No,"Indian home-care observation | Vikram Singh | Mumbai, Maharashtra | Source: phone_checkin"
R02814,P008,Lakshmi Rao,Vijayawada,Andhra Pradesh,2026-03-04,7.2,76.0,5.3,2.3,No,"Indian home-care observation | Lakshmi Rao | Vijayawada, Andhra Pradesh | Source: tablet_kiosk"
R02815,P001,Arjun Mehta,Chennai,Tamil Nadu,2026-03-12,8.1,69.1,7.0,4.1,No,"Indian home-care observation | Arjun Mehta | Chennai, Tamil Nadu | Source: phone_checkin"
R02816,P004,Ananya Iyer,Bengaluru,Karnataka,2026-03-26,6.2,67.9,4.7,1.7,No,"Indian home-care observation | Ananya Iyer | Bengaluru, Karnataka | Source: tablet_kiosk"
R02817,P039,Imran Khan,Bhopal,Madhya Pradesh,2026-03-09,7.4,76.2,7.9,2.7,No,"Indian home-care observation | Imran Khan | Bhopal, Madhya Pradesh | Source: wearable_sync"
R02818,P008,Lakshmi Rao,Vijayawada,Andhra Pradesh,2026-03-05,7.3,72.6,5.9,1.8,No,"Indian home-care observation | Lakshmi Rao | Vijayawada, Andhra Pradesh | Source: wearable_sync"
R02819,P016,Aishwarya Pillai,Kollam,Kerala,2026-03-09,6.8,85.6,9.2,0.7,No,"Indian home-care observation | Aishwarya Pillai | Kollam, Kerala | Source: wearable_sync"
R02820,P012,Kavya Menon,Thiruvananthapuram,Kerala,2026-02-28,6.4,91.4,8.0,2.0,No,"Indian home-care observation | Kavya Menon | Thiruvananthapuram, Kerala | Source: tablet_kiosk"
R02821,P019,Deepak Verma,Chandigarh,Chandigarh,2026-03-19,7.7,80.4,,4.3,No,"Indian home-care observation | Deepak Verma | Chandigarh, Chandigarh | Source: tablet_kiosk"
R02822,P028,Swathi Rao,Visakhapatnam,Andhra Pradesh,2026-03-12,,89.0,6.8,2.8,No,"Indian home-care observation | Swathi Rao | Visakhapatnam, Andhra Pradesh | Source: tablet_kiosk"
R02823,P036,Sowmya N,Hyderabad,Telangana,2026-03-12,7.7,86.7,7.8,2.3,No,"Indian home-care observation | Sowmya N | Hyderabad, Telangana | Source: mobile_app"
R02824,P005,Vikram Singh,Mumbai,Maharashtra,2026-03-18,9.3,83.3,7.8,2.3,No,"Indian home-care observation | Vikram Singh | Mumbai, Maharashtra | Source: mobile_app"
R02825,P026,Keerthana S,Tiruchirappalli,Tamil Nadu,2026-03-16,6.9,80.4,6.4,2.7,No,"Indian home-care observation | Keerthana S | Tiruchirappalli, Tamil Nadu | Source: mobile_app"
R02826,P025,Ravi Prasad,Patna,Bihar,2026-03-02,7.5,71.9,7.4,3.3,No,"Indian home-care observation | Ravi Prasad | Patna, Bihar | Source: phone_checkin"
R02827,P017,Naveen Kumar,Mysuru,Karnataka,2026-03-10,8.2,84.2,7.1,2.9,No,"Indian home-care observation | Naveen Kumar | Mysuru, Karnataka | Source: mobile_app"
R02828,P026,Keerthana S,Tiruchirappalli,Tamil Nadu,2026-03-17,7.0,83.0,5.9,3.3,No,"Indian home-care observation | Keerthana S | Tiruchirappalli, Tamil Nadu | Source: tablet_kiosk"
R02829,P006,Meena Krishnan,Coimbatore,Tamil Nadu,2026-03-18,6.1,86.5,6.4,,No,"Indian home-care observation | Meena Krishnan | Coimbatore, Tamil Nadu | Source: phone_checkin"
R02830,P005,Vikram Singh,Mumbai,Maharashtra,2026-03-19,9.6,85.5,7.5,1.3,No,"Indian home-care observation | Vikram Singh | Mumbai, Maharashtra | Source: phone_checkin"
R02831,P027,Aditya Kulkarni,Nagpur,Maharashtra,2026-03-12,6.5,72.7,9.4,2.1,No,"Indian home-care observation | Aditya Kulkarni | Nagpur, Maharashtra | Source: phone_checkin"
R02832,P026,Keerthana S,Tiruchirappalli,Tamil Nadu,2026-03-18,7.3,74.5,5.8,2.3,No,"Indian home-care observation | Keerthana S | Tiruchirappalli, Tamil Nadu | Source: wearable_sync"
R02833,P032,Bhavana R,Bengaluru,Karnataka,2026-03-16,7.2,86.3,,1.3,No,"Indian home-care observation | Bhavana R | Bengaluru, Karnataka | Source: phone_checkin"
R02834,P021,Ajay Menon,Kozhikode,Kerala,2026-03-12,7.5,91.9,4.6,3.1,No,"Indian home-care observation | Ajay Menon | Kozhikode, Kerala | Source: phone_checkin"
R02835,P020,Pooja Shah,Surat,Gujarat,2026-03-05,5.4,75.7,5.3,1.9,No,"Indian home-care observation | Pooja Shah | Surat, Gujarat | Source: mobile_app"
R02836,P014,Sneha Joshi,Pune,Maharashtra,2026-03-11,,76.3,,1.6,No,"Indian home-care observation | Sneha Joshi | Pune, Maharashtra | Source: phone_checkin"
R02837,P001,Arjun Mehta,Chennai,Tamil Nadu,2026-03-13,8.3,66.4,7.4,,No,"Indian home-care observation | Arjun Mehta | Chennai, Tamil Nadu | Source: tablet_kiosk"
R02838,P033,Ganesh Iyer,Chennai,Tamil Nadu,2026-03-11,7.7,86.9,7.1,4.2,No,"Indian home-care observation | Ganesh Iyer | Chennai, Tamil Nadu | Source: wearable_sync"
R02839,P019,Deepak Verma,Chandigarh,Chandigarh,2026-03-20,8.8,75.0,8.1,3.2,No,"Indian home-care observation | Deepak Verma | Chandigarh, Chandigarh | Source: mobile_app"
R02840,P021,Ajay Menon,Kozhikode,Kerala,2026-03-13,6.5,92.3,6.3,4.2,No,"Indian home-care observation | Ajay Menon | Kozhikode, Kerala | Source: mobile_app"
R02841,P020,Pooja Shah,Surat,Gujarat,2026-03-06,6.0,80.3,6.3,3.0,No,"Indian home-care observation | Pooja Shah | Surat, Gujarat | Source: tablet_kiosk"
R02842,P032,Bhavana R,Bengaluru,Karnataka,2026-03-17,7.6,99.3,8.8,1.7,No,"Indian home-care observation | Bhavana R | Bengaluru, Karnataka | Source: tablet_kiosk"
R02843,P018,Harini Reddy,Warangal,Telangana,2026-03-15,7.7,74.2,7.8,2.8,No,"Indian home-care observation | Harini Reddy | Warangal, Telangana | Source: phone_checkin"
R02844,P004,Ananya Iyer,Bengaluru,Karnataka,2026-03-27,6.3,64.9,5.3,2.6,No,"Indian home-care observation | Ananya Iyer | Bengaluru, Karnataka | Source: wearable_sync"
R02845,P035,Prakash Patil,Nashik,Maharashtra,2026-03-24,,70.7,7.1,0.6,No,"Indian home-care observation | Prakash Patil | Nashik, Maharashtra | Source: wearable_sync"
R02846,P015,Suresh Babu,Madurai,Tamil Nadu,2026-03-17,9.7,69.4,6.7,1.3,No,"Indian home-care observation | Suresh Babu | Madurai, Tamil Nadu | Source: wearable_sync"
R02847,P017,Naveen Kumar,Mysuru,Karnataka,2026-03-11,8.4,83.2,6.1,3.1,No,"Indian home-care observation | Naveen Kumar | Mysuru, Karnataka | Source: wearable_sync"
R02848,P009,Sanjay Kumar,Jaipur,Rajasthan,2026-03-06,7.0,71.5,6.8,2.7,No,"Indian home-care observation | Sanjay Kumar | Jaipur, Rajasthan | Source: wearable_sync"
R02849,P001,Arjun Mehta,Chennai,Tamil Nadu,2026-03-14,7.9,71.4,6.4,1.9,No,"Indian home-care observation | Arjun Mehta | Chennai, Tamil Nadu | Source: wearable_sync"
R02850,P033,Ganesh Iyer,Chennai,Tamil Nadu,2026-03-12,8.2,87.4,,,No,"Indian home-care observation | Ganesh Iyer | Chennai, Tamil Nadu | Source: tablet_kiosk"
R02851,P027,Aditya Kulkarni,Nagpur,Maharashtra,2026-03-13,7.4,76.5,9.5,2.2,No,"Indian home-care observation | Aditya Kulkarni | Nagpur, Maharashtra | Source: mobile_app"
R02852,P011,Rohan Das,Kolkata,West Bengal,2026-03-16,5.8,71.6,5.6,3.8,No,"Indian home-care observation | Rohan Das | Kolkata, West Bengal | Source: wearable_sync"
R02853,P040,Deepa Thomas,Thrissur,Kerala,2026-03-09,6.4,88.6,5.5,1.9,No,"Indian home-care observation | Deepa Thomas | Thrissur, Kerala | Source: tablet_kiosk"
R02854,P030,Nandini Shetty,Mangaluru,Karnataka,2026-03-15,6.9,72.1,3.2,1.3,No,"Indian home-care observation | Nandini Shetty | Mangaluru, Karnataka | Source: phone_checkin"
R02855,P019,Deepak Verma,Chandigarh,Chandigarh,2026-03-21,9.2,79.6,6.5,3.6,No,"Indian home-care observation | Deepak Verma | Chandigarh, Chandigarh | Source: phone_checkin"
R02856,P039,Imran Khan,Bhopal,Madhya Pradesh,2026-03-10,8.8,79.5,8.1,2.2,No,"Indian home-care observation | Imran Khan | Bhopal, Madhya Pradesh | Source: mobile_app"
R02857,P024,Neha Kapoor,New Delhi,Delhi,2026-04-04,6.7,88.4,5.9,3.3,No,"Indian home-care observation | Neha Kapoor | New Delhi, Delhi | Source: phone_checkin"
R02858,P036,Sowmya N,Hyderabad,Telangana,2026-03-13,7.7,87.9,8.4,3.2,No,"Indian home-care observation | Sowmya N | Hyderabad, Telangana | Source: wearable_sync"
R02859,P040,Deepa Thomas,Thrissur,Kerala,2026-03-10,6.6,87.5,,1.5,No,"Indian home-care observation | Deepa Thomas | Thrissur, Kerala | Source: phone_checkin"
R02860,P029,Gopal Krishnan,Madurai,Tamil Nadu,2026-03-16,7.3,92.3,6.2,2.2,No,"Indian home-care observation | Gopal Krishnan | Madurai, Tamil Nadu | Source: wearable_sync"
R02861,P003,Rahul Sharma,Delhi,Delhi,2026-03-01,7.7,88.7,8.0,2.8,No,"Indian home-care observation | Rahul Sharma | Delhi, Delhi | Source: tablet_kiosk"
R02862,P033,Ganesh Iyer,Chennai,Tamil Nadu,2026-03-13,,86.4,6.4,2.1,No,"Indian home-care observation | Ganesh Iyer | Chennai, Tamil Nadu | Source: tablet_kiosk"
R02863,P020,Pooja Shah,Surat,Gujarat,2026-03-07,6.4,70.0,5.4,2.3,No,"Indian home-care observation | Pooja Shah | Surat, Gujarat | Source: phone_checkin"
R02864,P038,Janani Murugan,Erode,Tamil Nadu,2026-03-10,7.2,71.5,6.1,,No,"Indian home-care observation | Janani Murugan | Erode, Tamil Nadu | Source: phone_checkin"
R02865,P007,Karthik Reddy,Hyderabad,Telangana,2026-03-14,9.1,92.7,5.4,1.7,No,"Indian home-care observation | Karthik Reddy | Hyderabad, Telangana | Source: wearable_sync"
R02866,P039,Imran Khan,Bhopal,Madhya Pradesh,2026-03-11,7.6,82.3,7.9,3.5,No,"Indian home-care observation | Imran Khan | Bhopal, Madhya Pradesh | Source: mobile_app"
R02867,P040,Deepa Thomas,Thrissur,Kerala,2026-03-11,6.2,81.5,4.8,1.6,No,"Indian home-care observation | Deepa Thomas | Thrissur, Kerala | Source: tablet_kiosk"
R02868,P018,Harini Reddy,Warangal,Telangana,2026-03-16,8.8,81.8,8.1,1.7,No,"Indian home-care observation | Harini Reddy | Warangal, Telangana | Source: phone_checkin"
R02869,P004,Ananya Iyer,Bengaluru,Karnataka,2026-03-28,6.4,67.8,5.7,0.9,No,"Indian home-care observation | Ananya Iyer | Bengaluru, Karnataka | Source: tablet_kiosk"
R02870,P028,Swathi Rao,Visakhapatnam,Andhra Pradesh,2026-03-13,7.9,,6.1,3.4,No,"Indian home-care observation | Swathi Rao | Visakhapatnam, Andhra Pradesh | Source: wearable_sync"
R02871,P035,Prakash Patil,Nashik,Maharashtra,2026-03-25,,69.9,7.4,3.5,No,"Indian home-care observation | Prakash Patil | Nashik, Maharashtra | Source: mobile_app"
R02872,P013,Manoj Gupta,Lucknow,Uttar Pradesh,2026-03-10,8.2,85.4,6.6,2.0,No,"Indian home-care observation | Manoj Gupta | Lucknow, Uttar Pradesh | Source: tablet_kiosk"
R02873,P036,Sowmya N,Hyderabad,Telangana,2026-03-14,7.5,83.8,8.0,2.4,No,"Indian home-care observation | Sowmya N | Hyderabad, Telangana | Source: mobile_app"
R02874,P035,Prakash Patil,Nashik,Maharashtra,2026-03-26,7.1,66.8,7.5,1.4,No,"Indian home-care observation | Prakash Patil | Nashik, Maharashtra | Source: tablet_kiosk"
R02875,P038,Janani Murugan,Erode,Tamil Nadu,2026-03-11,7.7,73.9,6.3,2.5,No,"Indian home-care observation | Janani Murugan | Erode, Tamil Nadu | Source: phone_checkin"
R02876,P037,Ramesh Chandran,Puducherry,Puducherry,2026-03-21,6.8,85.0,7.5,2.7,No,"Indian home-care observation | Ramesh Chandran | Puducherry, Puducherry | Source: wearable_sync"
R02877,P004,Ananya Iyer,Bengaluru,Karnataka,2026-03-29,8.6,78.8,7.1,4.7,No,"Indian home-care observation | Ananya Iyer | Bengaluru, Karnataka | Source: mobile_app"
R02878,P002,Priya Nair,Kochi,Kerala,2026-03-10,8.8,75.6,5.4,1.7,No,"Indian home-care observation | Priya Nair | Kochi, Kerala | Source: mobile_app"
R02879,P016,Aishwarya Pillai,Kollam,Kerala,2026-03-10,7.4,82.2,9.3,2.7,No,"Indian home-care observation | Aishwarya Pillai | Kollam, Kerala | Source: mobile_app"
R02880,P006,Meena Krishnan,Coimbatore,Tamil Nadu,2026-03-19,5.6,91.4,6.7,2.9,No,"Indian home-care observation | Meena Krishnan | Coimbatore, Tamil Nadu | Source: mobile_app"
R02881,P020,Pooja Shah,Surat,Gujarat,2026-03-08,6.2,78.4,6.1,2.3,No,"Indian home-care observation | Pooja Shah | Surat, Gujarat | Source: mobile_app"
R02882,P012,Kavya Menon,Thiruvananthapuram,Kerala,2026-03-01,6.8,99.0,8.6,2.9,No,"Indian home-care observation | Kavya Menon | Thiruvananthapuram, Kerala | Source: tablet_kiosk"
R02883,P027,Aditya Kulkarni,Nagpur,Maharashtra,2026-03-14,6.8,,8.7,1.8,No,"Indian home-care observation | Aditya Kulkarni | Nagpur, Maharashtra | Source: mobile_app"
R02884,P023,Mohan Raj,Salem,Tamil Nadu,2026-03-12,6.6,97.2,,2.3,No,"Indian home-care observation | Mohan Raj | Salem, Tamil Nadu | Source: phone_checkin"
R02885,P019,Deepak Verma,Chandigarh,Chandigarh,2026-03-22,7.5,79.8,,1.1,No,"Indian home-care observation | Deepak Verma | Chandigarh, Chandigarh | Source: mobile_app"
R02886,P004,Ananya Iyer,Bengaluru,Karnataka,2026-03-30,8.8,76.3,5.6,2.3,No,"Indian home-care observation | Ananya Iyer | Bengaluru, Karnataka | Source: mobile_app"
R02887,P033,Ganesh Iyer,Chennai,Tamil Nadu,2026-03-14,7.9,,6.4,2.9,No,"Indian home-care observation | Ganesh Iyer | Chennai, Tamil Nadu | Source: mobile_app"
R02888,P019,Deepak Verma,Chandigarh,Chandigarh,2026-03-23,8.4,97.0,6.8,1.1,No,"Indian home-care observation | Deepak Verma | Chandigarh, Chandigarh | Source: tablet_kiosk"
R02889,P019,Deepak Verma,Chandigarh,Chandigarh,2026-03-24,9.8,67.7,,2.5,No,"Indian home-care observation | Deepak Verma | Chandigarh, Chandigarh | Source: PHONE_CHECKIN"
R02890,P004,Ananya Iyer,Bengaluru,Karnataka,2026-03-31,5.9,63.2,4.6,0.0,Yes,"Indian home-care observation | Ananya Iyer | Bengaluru, Karnataka | Source: tablet_kiosk"
R02891,P010,Divya Patel,Ahmedabad,Gujarat,2026-03-09,5.9,61.9,6.6,1.5,No,"Indian home-care observation | Divya Patel | Ahmedabad, Gujarat | Source: wearable_sync"
R02892,P003,Rahul Sharma,Delhi,Delhi,2026-03-02,8.1,80.9,8.3,2.2,No,"Indian home-care observation | Rahul Sharma | Delhi, Delhi | Source: wearable_sync"
R02893,P021,Ajay Menon,Kozhikode,Kerala,2026-03-14,5.8,,5.5,3.0,No,"Indian home-care observation | Ajay Menon | Kozhikode, Kerala | Source: phone_checkin"
R02894,P014,Sneha Joshi,Pune,Maharashtra,2026-03-12,8.3,82.2,5.6,1.2,No,"Indian home-care observation | Sneha Joshi | Pune, Maharashtra | Source: wearable_sync"
R02895,P031,Ashok Yadav,Kanpur,Uttar Pradesh,2026-03-15,6.3,47.3,6.7,,No,"Indian home-care observation | Ashok Yadav | Kanpur, Uttar Pradesh | Source: phone_checkin"
R02896,P020,Pooja Shah,Surat,Gujarat,2026-03-09,5.4,,6.1,2.7,No,"Indian home-care observation | Pooja Shah | Surat, Gujarat | Source: wearable_sync"
R02897,P024,Neha Kapoor,New Delhi,Delhi,2026-04-05,7.0,,8.5,2.4,No,"Indian home-care observation | Neha Kapoor | New Delhi, Delhi | Source: wearable_sync"
R02898,P036,Sowmya N,Hyderabad,Telangana,2026-03-15,7.6,87.2,7.7,1.9,No,"Indian home-care observation | Sowmya N | Hyderabad, Telangana | Source: mobile_app"
R02899,P017,Naveen Kumar,Mysuru,Karnataka,2026-03-12,7.4,82.3,6.4,1.3,No,"Indian home-care observation | Naveen Kumar | Mysuru, Karnataka | Source: phone_checkin"
R02900,P027,Aditya Kulkarni,Nagpur,Maharashtra,2026-03-15,6.8,79.3,9.4,1.9,No,"Indian home-care observation | Aditya Kulkarni | Nagpur, Maharashtra | Source: mobile_app"
R02901,P021,Ajay Menon,Kozhikode,Kerala,2026-03-15,6.1,93.8,7.2,2.7,Yes,"Indian home-care observation | Ajay Menon | Kozhikode, Kerala | Source: phone_checkin"
R02902,P025,Ravi Prasad,Patna,Bihar,2026-03-03,6.4,82.5,8.7,2.3,No,"Indian home-care observation | Ravi Prasad | Patna, Bihar | Source: wearable_sync"
R02903,P010,Divya Patel,Ahmedabad,Gujarat,2026-03-10,6.8,66.5,8.4,,No,"Indian home-care observation | Divya Patel | Ahmedabad, Gujarat | Source: tablet_kiosk"
R02904,P037,Ramesh Chandran,Puducherry,Puducherry,2026-03-22,6.7,87.2,7.8,2.8,No,"Indian home-care observation | Ramesh Chandran | Puducherry, Puducherry | Source: tablet_kiosk"
R02905,P034,Madhuri Naik,Panaji,Goa,2026-03-03,7.4,88.1,5.7,2.7,No,"Indian home-care observation | Madhuri Naik | Panaji, Goa | Source: tablet_kiosk"
R02906,P014,Sneha Joshi,Pune,Maharashtra,2026-03-13,8.9,91.1,5.9,3.7,No,"Indian home-care observation | Sneha Joshi | Pune, Maharashtra | Source: tablet_kiosk"
R02907,P001,Arjun Mehta,Chennai,Tamil Nadu,2026-03-15,8.7,72.9,,2.8,No,"Indian home-care observation | Arjun Mehta | Chennai, Tamil Nadu | Source: mobile_app"
R02908,P008,Lakshmi Rao,Vijayawada,Andhra Pradesh,2026-03-06,6.3,77.6,6.8,1.4,No,"Indian home-care observation | Lakshmi Rao | Vijayawada, Andhra Pradesh | Source: wearable_sync"
R02909,P003,Rahul Sharma,Delhi,Delhi,2026-03-03,,77.8,7.5,2.7,No,"Indian home-care observation | Rahul Sharma | Delhi, Delhi | Source: phone_checkin"
R02910,P035,Prakash Patil,Nashik,Maharashtra,2026-03-27,6.7,66.8,6.8,1.9,No,"Indian home-care observation | Prakash Patil | Nashik, Maharashtra | Source: wearable_sync"
R02911,P015,Suresh Babu,Madurai,Tamil Nadu,2026-03-18,9.5,70.9,,2.7,No,"Indian home-care observation | Suresh Babu | Madurai, Tamil Nadu | Source: tablet_kiosk"
R02912,P007,Karthik Reddy,Hyderabad,Telangana,2026-03-15,7.5,81.3,6.9,1.2,No,"Indian home-care observation | Karthik Reddy | Hyderabad, Telangana | Source: phone_checkin"
R02913,P014,Sneha Joshi,Pune,Maharashtra,2026-03-14,7.6,,4.2,2.1,No,"Indian home-care observation | Sneha Joshi | Pune, Maharashtra | Source: phone_checkin"
R02914,P001,Arjun Mehta,Chennai,Tamil Nadu,2026-03-16,7.3,68.9,6.0,2.2,No,"Indian home-care observation | Arjun Mehta | Chennai, Tamil Nadu | Source: phone_checkin"
R02915,P007,Karthik Reddy,Hyderabad,Telangana,2026-03-16,9.5,76.2,6.8,2.2,No,"Indian home-care observation | Karthik Reddy | Hyderabad, Telangana | Source: phone_checkin"
R02916,P037,Ramesh Chandran,Puducherry,Puducherry,2026-03-23,6.3,82.2,7.3,2.0,No,"Indian home-care observation | Ramesh Chandran | Puducherry, Puducherry | Source: wearable_sync"
R02917,P026,Keerthana S,Tiruchirappalli,Tamil Nadu,2026-03-19,7.3,81.9,5.8,2.9,No,"Indian home-care observation | Keerthana S | Tiruchirappalli, Tamil Nadu | Source: mobile_app"
R02918,P025,Ravi Prasad,Patna,Bihar,2026-03-04,5.4,74.2,10.0,3.6,No,"Indian home-care observation | Ravi Prasad | Patna, Bihar | Source: mobile_app"
R02919,P039,Imran Khan,Bhopal,Madhya Pradesh,2026-03-12,7.2,,7.3,2.9,No,"Indian home-care observation | Imran Khan | Bhopal, Madhya Pradesh | Source: mobile_app"
R02920,P035,Prakash Patil,Nashik,Maharashtra,2026-03-28,7.5,72.1,,1.7,No,"Indian home-care observation | Prakash Patil | Nashik, Maharashtra | Source: mobile_app"
R02921,P036,Sowmya N,Hyderabad,Telangana,2026-03-16,8.0,94.6,7.5,1.8,No,"Indian home-care observation | Sowmya N | Hyderabad, Telangana | Source: mobile_app"
R02922,P035,Prakash Patil,Nashik,Maharashtra,2026-03-29,,65.2,6.9,1.4,No,"Indian home-care observation | Prakash Patil | Nashik, Maharashtra | Source: tablet_kiosk"
R02923,P010,Divya Patel,Ahmedabad,Gujarat,2026-03-11,6.8,67.8,7.5,3.1,No,"Indian home-care observation | Divya Patel | Ahmedabad, Gujarat | Source: tablet_kiosk"
R02924,P020,Pooja Shah,Surat,Gujarat,2026-03-10,5.7,71.2,5.3,3.1,No,"Indian home-care observation | Pooja Shah | Surat, Gujarat | Source: wearable_sync"
R02925,P018,Harini Reddy,Warangal,Telangana,2026-03-17,7.7,73.8,7.3,2.7,No,"Indian home-care observation | Harini Reddy | Warangal, Telangana | Source: mobile_app"
R02926,P016,Aishwarya Pillai,Kollam,Kerala,2026-03-11,7.4,85.6,8.3,,No,"Indian home-care observation | Aishwarya Pillai | Kollam, Kerala | Source: phone_checkin"
R02927,P019,Deepak Verma,Chandigarh,Chandigarh,2026-03-25,10.0,77.6,7.5,2.5,No,"Indian home-care observation | Deepak Verma | Chandigarh, Chandigarh | Source: phone_checkin"
R02928,P022,Shreya Das,Bhubaneswar,Odisha,2026-03-01,8.1,78.2,4.2,1.3,No,"Indian home-care observation | Shreya Das | Bhubaneswar, Odisha | Source: phone_checkin"
R02929,P021,Ajay Menon,Kozhikode,Kerala,2026-03-16,7.4,68.2,5.3,2.1,No,"Indian home-care observation | Ajay Menon | Kozhikode, Kerala | Source: tablet_kiosk"
R02930,P026,Keerthana S,Tiruchirappalli,Tamil Nadu,2026-03-20,,84.5,5.9,2.2,No,"Indian home-care observation | Keerthana S | Tiruchirappalli, Tamil Nadu | Source: phone_checkin"
R02931,P037,Ramesh Chandran,Puducherry,Puducherry,2026-03-24,6.3,93.3,7.4,2.8,No,"Indian home-care observation | Ramesh Chandran | Puducherry, Puducherry | Source: tablet_kiosk"
R02932,P029,Gopal Krishnan,Madurai,Tamil Nadu,2026-03-17,7.7,,7.1,2.6,No,"Indian home-care observation | Gopal Krishnan | Madurai, Tamil Nadu | Source: phone_checkin"
R02933,P003,Rahul Sharma,Delhi,Delhi,2026-03-04,,64.1,7.6,0.9,No,"Indian home-care observation | Rahul Sharma | Delhi, Delhi | Source: tablet_kiosk"
R02934,P033,Ganesh Iyer,Chennai,Tamil Nadu,2026-03-15,8.1,82.6,5.6,0.9,No,"Indian home-care observation | Ganesh Iyer | Chennai, Tamil Nadu | Source: phone_checkin"
R02935,P038,Janani Murugan,Erode,Tamil Nadu,2026-03-12,7.2,,5.8,2.8,No,"Indian home-care observation | Janani Murugan | Erode, Tamil Nadu | Source: wearable_sync"
R02936,P015,Suresh Babu,Madurai,Tamil Nadu,2026-03-19,10.0,69.6,7.7,1.8,No,"Indian home-care observation | Suresh Babu | Madurai, Tamil Nadu | Source: phone_checkin"
R02937,P014,Sneha Joshi,Pune,Maharashtra,2026-03-15,8.0,65.8,,3.0,No,"Indian home-care observation | Sneha Joshi | Pune, Maharashtra | Source: mobile_app"
R02938,P008,Lakshmi Rao,Vijayawada,Andhra Pradesh,2026-03-07,7.2,72.4,7.5,2.4,No,"Indian home-care observation | Lakshmi Rao | Vijayawada, Andhra Pradesh | Source: wearable_sync"
R02939,P038,Janani Murugan,Erode,Tamil Nadu,2026-03-13,7.1,79.7,6.3,3.4,No,"Indian home-care observation | Janani Murugan | Erode, Tamil Nadu | Source: wearable_sync"
R02940,P022,Shreya Das,Bhubaneswar,Odisha,2026-03-02,8.7,76.6,4.3,2.3,No,"Indian home-care observation | Shreya Das | Bhubaneswar, Odisha | Source: phone_checkin"
R02941,P011,Rohan Das,Kolkata,West Bengal,2026-03-17,6.1,72.3,,2.3,No,"Indian home-care observation | Rohan Das | Kolkata, West Bengal | Source: mobile_app"
R02942,P010,Divya Patel,Ahmedabad,Gujarat,2026-03-12,6.2,66.3,7.0,0.6,No,"Indian home-care observation | Divya Patel | Ahmedabad, Gujarat | Source: phone_checkin"
R02943,P003,Rahul Sharma,Delhi,Delhi,2026-03-05,7.2,77.6,6.8,2.5,No,"Indian home-care observation | Rahul Sharma | Delhi, Delhi | Source: tablet_kiosk"
R02944,P010,Divya Patel,Ahmedabad,Gujarat,2026-03-13,6.8,66.5,7.7,,No,"Indian home-care observation | Divya Patel | Ahmedabad, Gujarat | Source: tablet_kiosk"
R02945,P020,Pooja Shah,Surat,Gujarat,2026-03-11,5.8,80.1,5.8,2.3,No,"Indian home-care observation | Pooja Shah | Surat, Gujarat | Source: mobile_app"
R02946,P022,Shreya Das,Bhubaneswar,Odisha,2026-03-03,,77.0,4.0,3.6,No,"Indian home-care observation | Shreya Das | Bhubaneswar, Odisha | Source: tablet_kiosk"
R02947,P001,Arjun Mehta,Chennai,Tamil Nadu,2026-03-17,8.2,77.8,,1.4,No,"Indian home-care observation | Arjun Mehta | Chennai, Tamil Nadu | Source: tablet_kiosk"
R02948,P023,Mohan Raj,Salem,Tamil Nadu,2026-03-13,7.6,100.0,7.0,3.6,No,"Indian home-care observation | Mohan Raj | Salem, Tamil Nadu | Source: tablet_kiosk"
R02949,P026,Keerthana S,Tiruchirappalli,Tamil Nadu,2026-03-21,6.8,86.6,5.0,2.8,No,"Indian home-care observation | Keerthana S | Tiruchirappalli, Tamil Nadu | Source: wearable_sync"
R02950,P013,Manoj Gupta,Lucknow,Uttar Pradesh,2026-03-11,7.6,75.8,7.0,2.1,No,"Indian home-care observation | Manoj Gupta | Lucknow, Uttar Pradesh | Source: mobile_app"
R02951,P021,Ajay Menon,Kozhikode,Kerala,2026-03-17,6.1,85.5,5.4,3.5,No,"Indian home-care observation | Ajay Menon | Kozhikode, Kerala | Source: phone_checkin"
R02952,P039,Imran Khan,Bhopal,Madhya Pradesh,2026-03-13,7.5,81.0,8.2,1.9,No,"Indian home-care observation | Imran Khan | Bhopal, Madhya Pradesh | Source: phone_checkin"
R02953,P005,Vikram Singh,Mumbai,Maharashtra,2026-03-20,9.2,77.2,6.9,1.1,No,"Indian home-care observation | Vikram Singh | Mumbai, Maharashtra | Source: wearable_sync"
R02954,P005,Vikram Singh,Mumbai,Maharashtra,2026-03-21,8.5,90.2,8.3,2.4,No,"Indian home-care observation | Vikram Singh | Mumbai, Maharashtra | Source: wearable_sync"
R02955,P019,Deepak Verma,Chandigarh,Chandigarh,2026-03-26,,81.0,7.7,2.9,No,"Indian home-care observation | Deepak Verma | Chandigarh, Chandigarh | Source: mobile_app"
R02956,P023,Mohan Raj,Salem,Tamil Nadu,2026-03-14,5.8,94.2,6.0,2.2,No,"Indian home-care observation | Mohan Raj | Salem, Tamil Nadu | Source: mobile_app"
R02957,P013,Manoj Gupta,Lucknow,Uttar Pradesh,2026-03-12,,,6.1,,No,"Indian home-care observation | Manoj Gupta | Lucknow, Uttar Pradesh | Source: mobile_app"
R02958,P032,Bhavana R,Bengaluru,Karnataka,2026-03-18,7.3,86.9,7.6,3.3,No,"Indian home-care observation | Bhavana R | Bengaluru, Karnataka | Source: mobile_app"
R02959,P003,Rahul Sharma,Delhi,Delhi,2026-03-06,5.8,85.3,8.2,1.1,No,"Indian home-care observation | Rahul Sharma | Delhi, Delhi | Source: mobile_app"
R02960,P013,Manoj Gupta,Lucknow,Uttar Pradesh,2026-03-13,7.4,84.1,6.0,3.3,No,"Indian home-care observation | Manoj Gupta | Lucknow, Uttar Pradesh | Source: tablet_kiosk"
R02961,P011,Rohan Das,Kolkata,West Bengal,2026-03-18,7.3,73.8,5.9,3.9,No,"Indian home-care observation | Rohan Das | Kolkata, West Bengal | Source: phone_checkin"
R02962,P010,Divya Patel,Ahmedabad,Gujarat,2026-03-14,5.6,65.4,6.9,1.9,No,"Indian home-care observation | Divya Patel | Ahmedabad, Gujarat | Source: tablet_kiosk"
R02963,P013,Manoj Gupta,Lucknow,Uttar Pradesh,2026-03-14,8.4,,7.0,2.0,No,"Indian home-care observation | Manoj Gupta | Lucknow, Uttar Pradesh | Source: phone_checkin"
R02964,P027,Aditya Kulkarni,Nagpur,Maharashtra,2026-03-16,6.3,79.1,8.6,1.1,No,"Indian home-care observation | Aditya Kulkarni | Nagpur, Maharashtra | Source: phone_checkin"
R02965,P008,Lakshmi Rao,Vijayawada,Andhra Pradesh,2026-03-08,6.2,82.9,,1.6,No,"Indian home-care observation | Lakshmi Rao | Vijayawada, Andhra Pradesh | Source: nan"
R02966,P040,Deepa Thomas,Thrissur,Kerala,2026-03-12,5.1,85.7,4.7,0.6,Yes,"Indian home-care observation | Deepa Thomas | Thrissur, Kerala | Source: wearable_sync"
R02967,P010,Divya Patel,Ahmedabad,Gujarat,2026-03-15,5.9,68.4,7.1,1.3,No,"Indian home-care observation | Divya Patel | Ahmedabad, Gujarat | Source: nan"
R02968,P020,Pooja Shah,Surat,Gujarat,2026-03-12,6.0,67.7,,1.2,No,"Indian home-care observation | Pooja Shah | Surat, Gujarat | Source: phone_checkin"
R02969,P036,Sowmya N,Hyderabad,Telangana,2026-03-17,7.8,79.9,8.1,2.2,No,"Indian home-care observation | Sowmya N | Hyderabad, Telangana | Source: tablet_kiosk"
R02970,P032,Bhavana R,Bengaluru,Karnataka,2026-03-19,7.3,88.7,7.6,1.6,No,"Indian home-care observation | Bhavana R | Bengaluru, Karnataka | Source: tablet_kiosk"
R02971,P023,Mohan Raj,Salem,Tamil Nadu,2026-03-15,6.0,92.5,6.0,1.7,No,"Indian home-care observation | Mohan Raj | Salem, Tamil Nadu | Source: phone_checkin"
R02972,P014,Sneha Joshi,Pune,Maharashtra,2026-03-16,8.2,76.5,5.0,3.4,No,"Indian home-care observation | Sneha Joshi | Pune, Maharashtra | Source: phone_checkin"
R02973,P016,Aishwarya Pillai,Kollam,Kerala,2026-03-12,8.0,88.4,9.2,1.2,No,"Indian home-care observation | Aishwarya Pillai | Kollam, Kerala | Source: phone_checkin"
R02974,P005,Vikram Singh,Mumbai,Maharashtra,2026-03-22,9.4,93.4,7.4,1.8,No,"Indian home-care observation | Vikram Singh | Mumbai, Maharashtra | Source: tablet_kiosk"
R02975,P003,Rahul Sharma,Delhi,Delhi,2026-03-07,5.6,89.4,6.6,1.4,No,"Indian home-care observation | Rahul Sharma | Delhi, Delhi | Source: phone_checkin"
R02976,P007,Karthik Reddy,Hyderabad,Telangana,2026-03-17,7.0,79.6,6.3,2.9,No,"Indian home-care observation | Karthik Reddy | Hyderabad, Telangana | Source: tablet_kiosk"
R02977,P035,Prakash Patil,Nashik,Maharashtra,2026-03-30,7.1,66.7,7.1,2.5,No,"Indian home-care observation | Prakash Patil | Nashik, Maharashtra | Source: mobile_app"
R02978,P010,Divya Patel,Ahmedabad,Gujarat,2026-03-16,6.2,68.9,6.9,,No,"Indian home-care observation | Divya Patel | Ahmedabad, Gujarat | Source: phone_checkin"
R02979,P033,Ganesh Iyer,Chennai,Tamil Nadu,2026-03-16,8.8,83.9,,2.2,No,"Indian home-care observation | Ganesh Iyer | Chennai, Tamil Nadu | Source: mobile_app"
R02980,P013,Manoj Gupta,Lucknow,Uttar Pradesh,2026-03-15,8.5,87.7,7.0,1.6,No,"Indian home-care observation | Manoj Gupta | Lucknow, Uttar Pradesh | Source: tablet_kiosk"
R02981,P006,Meena Krishnan,Coimbatore,Tamil Nadu,2026-03-20,6.2,83.8,6.3,3.3,No,"Indian home-care observation | Meena Krishnan | Coimbatore, Tamil Nadu | Source: phone_checkin"
R02982,P033,Ganesh Iyer,Chennai,Tamil Nadu,2026-03-17,8.0,86.2,6.5,2.2,No,"Indian home-care observation | Ganesh Iyer | Chennai, Tamil Nadu | Source: tablet_kiosk"
R02983,P013,Manoj Gupta,Lucknow,Uttar Pradesh,2026-03-16,8.1,77.1,6.4,2.1,No,"Indian home-care observation | Manoj Gupta | Lucknow, Uttar Pradesh | Source: wearable_sync"
R02984,P032,Bhavana R,Bengaluru,Karnataka,2026-03-20,,100.0,9.5,2.6,No,"Indian home-care observation | Bhavana R | Bengaluru, Karnataka | Source: wearable_sync"
R02985,P033,Ganesh Iyer,Chennai,Tamil Nadu,2026-03-18,8.3,79.3,6.4,1.4,No,"Indian home-care observation | Ganesh Iyer | Chennai, Tamil Nadu | Source: mobile_app"
R02986,P017,Naveen Kumar,Mysuru,Karnataka,2026-03-13,7.7,79.4,,1.3,No,"Indian home-care observation | Naveen Kumar | Mysuru, Karnataka | Source: phone_checkin"
R02987,P033,Ganesh Iyer,Chennai,Tamil Nadu,2026-03-19,8.0,76.7,6.1,3.7,No,"Indian home-care observation | Ganesh Iyer | Chennai, Tamil Nadu | Source: wearable_sync"
R02988,P015,Suresh Babu,Madurai,Tamil Nadu,2026-03-20,9.1,64.2,6.0,1.9,No,"Indian home-care observation | Suresh Babu | Madurai, Tamil Nadu | Source: tablet_kiosk"
R02989,P028,Swathi Rao,Visakhapatnam,Andhra Pradesh,2026-03-14,7.8,86.1,7.3,2.1,No,"Indian home-care observation | Swathi Rao | Visakhapatnam, Andhra Pradesh | Source: tablet_kiosk"
R02990,P022,Shreya Das,Bhubaneswar,Odisha,2026-03-04,8.0,75.4,3.0,1.6,No,"Indian home-care observation | Shreya Das | Bhubaneswar, Odisha | Source: mobile_app"
R02991,P018,Harini Reddy,Warangal,Telangana,2026-03-18,7.4,86.3,7.2,3.8,Yes,"Indian home-care observation | Harini Reddy | Warangal, Telangana | Source: mobile_app"
R02992,P030,Nandini Shetty,Mangaluru,Karnataka,2026-03-16,6.0,57.8,2.9,0.4,No,"Indian home-care observation | Nandini Shetty | Mangaluru, Karnataka | Source: tablet_kiosk"
R02993,P001,Arjun Mehta,Chennai,Tamil Nadu,2026-03-18,8.7,85.3,7.0,3.1,No,"Indian home-care observation | Arjun Mehta | Chennai, Tamil Nadu | Source: wearable_sync"
R02994,P038,Janani Murugan,Erode,Tamil Nadu,2026-03-14,6.6,73.4,6.2,1.1,No,"Indian home-care observation | Janani Murugan | Erode, Tamil Nadu | Source: wearable_sync"
R02995,P034,Madhuri Naik,Panaji,Goa,2026-03-04,,82.2,4.9,3.3,No,"Indian home-care observation | Madhuri Naik | Panaji, Goa | Source: wearable_sync"
R02996,P010,Divya Patel,Ahmedabad,Gujarat,2026-03-17,6.7,63.5,,3.6,No,"Indian home-care observation | Divya Patel | Ahmedabad, Gujarat | Source: wearable_sync"
R02997,P021,Ajay Menon,Kozhikode,Kerala,2026-03-18,7.5,93.1,,1.6,No,"Indian home-care observation | Ajay Menon | Kozhikode, Kerala | Source: wearable_sync"
R02998,P034,Madhuri Naik,Panaji,Goa,2026-03-05,8.4,90.8,,2.5,No,"Indian home-care observation | Madhuri Naik | Panaji, Goa | Source: wearable_sync"
R02999,P030,Nandini Shetty,Mangaluru,Karnataka,2026-03-17,6.7,58.4,2.8,1.7,No,"Indian home-care observation | Nandini Shetty | Mangaluru, Karnataka | Source: mobile_app"
R03000,P021,Ajay Menon,Kozhikode,Kerala,2026-03-19,6.7,77.7,,1.9,No,"Indian home-care observation | Ajay Menon | Kozhikode, Kerala | Source: tablet_kiosk"
R03001,P028,Swathi Rao,Visakhapatnam,Andhra Pradesh,2026-03-15,7.1,82.4,6.5,4.3,No,"Indian home-care observation | Swathi Rao | Visakhapatnam, Andhra Pradesh | Source: wearable_sync"
R03002,P029,Gopal Krishnan,Madurai,Tamil Nadu,2026-03-18,7.5,86.1,7.1,3.1,No,"Indian home-care observation | Gopal Krishnan | Madurai, Tamil Nadu | Source: phone_checkin"
R03003,P029,Gopal Krishnan,Madurai,Tamil Nadu,2026-03-19,7.7,88.8,,3.2,No,"Indian home-care observation | Gopal Krishnan | Madurai, Tamil Nadu | Source: phone_checkin"
R03004,P022,Shreya Das,Bhubaneswar,Odisha,2026-03-05,8.6,81.3,3.9,3.1,No,"Indian home-care observation | Shreya Das | Bhubaneswar, Odisha | Source: tablet_kiosk"
R03005,P020,Pooja Shah,Surat,Gujarat,2026-03-13,6.1,74.3,5.5,2.6,No,"Indian home-care observation | Pooja Shah | Surat, Gujarat | Source: wearable_sync"
R03006,P010,Divya Patel,Ahmedabad,Gujarat,2026-03-18,6.8,72.0,7.3,2.6,No,"Indian home-care observation | Divya Patel | Ahmedabad, Gujarat | Source: phone_checkin"
R03007,P040,Deepa Thomas,Thrissur,Kerala,2026-03-13,5.5,80.6,3.0,,Yes,"Indian home-care observation | Deepa Thomas | Thrissur, Kerala | Source: tablet_kiosk"
R03008,P020,Pooja Shah,Surat,Gujarat,2026-03-14,5.9,71.4,5.0,1.6,No,"Indian home-care observation | Pooja Shah | Surat, Gujarat | Source: phone_checkin"
R03009,P030,Nandini Shetty,Mangaluru,Karnataka,2026-03-18,5.6,,1.7,0.0,No,"Indian home-care observation | Nandini Shetty | Mangaluru, Karnataka | Source: mobile_app"
R03010,P017,Naveen Kumar,Mysuru,Karnataka,2026-03-14,7.5,75.2,6.0,3.6,No,"Indian home-care observation | Naveen Kumar | Mysuru, Karnataka | Source: nan"
R03011,P033,Ganesh Iyer,Chennai,Tamil Nadu,2026-03-20,7.2,76.2,6.9,2.7,No,"Indian home-care observation | Ganesh Iyer | Chennai, Tamil Nadu | Source: tablet_kiosk"
R03012,P007,Karthik Reddy,Hyderabad,Telangana,2026-03-18,8.7,82.9,,1.1,No,"Indian home-care observation | Karthik Reddy | Hyderabad, Telangana | Source: mobile_app"
R03013,P040,Deepa Thomas,Thrissur,Kerala,2026-03-14,4.7,74.0,5.2,,No,"Indian home-care observation | Deepa Thomas | Thrissur, Kerala | Source: mobile_app"
R03014,P022,Shreya Das,Bhubaneswar,Odisha,2026-03-06,7.4,,4.1,4.1,No,"Indian home-care observation | Shreya Das | Bhubaneswar, Odisha | Source: mobile_app"
R03015,P004,Ananya Iyer,Bengaluru,Karnataka,2026-04-01,6.2,64.7,5.3,,No,"Indian home-care observation | Ananya Iyer | Bengaluru, Karnataka | Source: mobile_app"
R03016,P036,Sowmya N,Hyderabad,Telangana,2026-03-18,7.8,82.1,7.5,1.7,No,"Indian home-care observation | Sowmya N | Hyderabad, Telangana | Source: wearable_sync"
R03017,P027,Aditya Kulkarni,Nagpur,Maharashtra,2026-03-17,6.9,81.0,8.9,1.9,No,"Indian home-care observation | Aditya Kulkarni | Nagpur, Maharashtra | Source: mobile_app"
R03018,P012,Kavya Menon,Thiruvananthapuram,Kerala,2026-03-02,8.1,93.5,8.9,2.7,No,"Indian home-care observation | Kavya Menon | Thiruvananthapuram, Kerala | Source: phone_checkin"
R03019,P023,Mohan Raj,Salem,Tamil Nadu,2026-03-16,7.1,97.3,6.8,2.7,No,"Indian home-care observation | Mohan Raj | Salem, Tamil Nadu | Source: mobile_app"
R03020,P029,Gopal Krishnan,Madurai,Tamil Nadu,2026-03-20,7.2,90.3,5.8,2.9,No,"Indian home-care observation | Gopal Krishnan | Madurai, Tamil Nadu | Source: mobile_app"
R03021,P014,Sneha Joshi,Pune,Maharashtra,2026-03-17,8.7,72.4,,3.0,No,"Indian home-care observation | Sneha Joshi | Pune, Maharashtra | Source: mobile_app"
R03022,P040,Deepa Thomas,Thrissur,Kerala,2026-03-15,,81.5,5.4,1.1,No,"Indian home-care observation | Deepa Thomas | Thrissur, Kerala | Source: tablet_kiosk"
R03023,P009,Sanjay Kumar,Jaipur,Rajasthan,2026-03-07,8.2,81.2,7.7,2.5,No,"Indian home-care observation | Sanjay Kumar | Jaipur, Rajasthan | Source: phone_checkin"
R03024,P011,Rohan Das,Kolkata,West Bengal,2026-03-19,5.9,79.3,6.1,2.7,No,"Indian home-care observation | Rohan Das | Kolkata, West Bengal | Source: tablet_kiosk"
R03025,P011,Rohan Das,Kolkata,West Bengal,2026-03-20,6.6,67.2,6.5,2.1,No,"Indian home-care observation | Rohan Das | Kolkata, West Bengal | Source: mobile_app"
R03026,P036,Sowmya N,Hyderabad,Telangana,2026-03-19,8.2,83.9,8.0,3.6,No,"Indian home-care observation | Sowmya N | Hyderabad, Telangana | Source: mobile_app"
R03027,P036,Sowmya N,Hyderabad,Telangana,2026-03-20,7.6,76.9,7.8,2.9,No,"Indian home-care observation | Sowmya N | Hyderabad, Telangana | Source: phone_checkin"
R03028,P002,Priya Nair,Kochi,Kerala,2026-03-11,8.1,74.5,6.0,2.4,No,"Indian home-care observation | Priya Nair | Kochi, Kerala | Source: tablet_kiosk"
R03029,P005,Vikram Singh,Mumbai,Maharashtra,2026-03-23,8.7,86.2,7.0,1.2,No,"Indian home-care observation | Vikram Singh | Mumbai, Maharashtra | Source: nan"
R03030,P009,Sanjay Kumar,Jaipur,Rajasthan,2026-03-08,7.7,,,2.1,No,"Indian home-care observation | Sanjay Kumar | Jaipur, Rajasthan | Source: phone_checkin"
R03031,P008,Lakshmi Rao,Vijayawada,Andhra Pradesh,2026-03-09,7.4,71.7,5.2,2.5,No,"Indian home-care observation | Lakshmi Rao | Vijayawada, Andhra Pradesh | Source: wearable_sync"
R03032,P008,Lakshmi Rao,Vijayawada,Andhra Pradesh,2026-03-10,6.5,91.5,5.1,,No,"Indian home-care observation | Lakshmi Rao | Vijayawada, Andhra Pradesh | Source: tablet_kiosk"
R03033,P018,Harini Reddy,Warangal,Telangana,2026-03-19,8.3,80.1,7.0,3.0,Yes,"Indian home-care observation | Harini Reddy | Warangal, Telangana | Source: mobile_app"
R03034,P015,Suresh Babu,Madurai,Tamil Nadu,2026-03-21,10.0,69.7,6.6,0.8,No,"Indian home-care observation | Suresh Babu | Madurai, Tamil Nadu | Source: phone_checkin"
R03035,P012,Kavya Menon,Thiruvananthapuram,Kerala,2026-03-03,7.1,,7.7,,No,"Indian home-care observation | Kavya Menon | Thiruvananthapuram, Kerala | Source: nan"
R03036,P021,Ajay Menon,Kozhikode,Kerala,2026-03-20,6.6,80.8,,2.7,No,"Indian home-care observation | Ajay Menon | Kozhikode, Kerala | Source: tablet_kiosk"
R03037,P026,Keerthana S,Tiruchirappalli,Tamil Nadu,2026-03-22,7.2,,,3.6,No,"Indian home-care observation | Keerthana S | Tiruchirappalli, Tamil Nadu | Source: tablet_kiosk"
R03038,P019,Deepak Verma,Chandigarh,Chandigarh,2026-03-27,7.6,65.0,7.7,2.0,No,"Indian home-care observation | Deepak Verma | Chandigarh, Chandigarh | Source: wearable_sync"
R03039,P016,Aishwarya Pillai,Kollam,Kerala,2026-03-13,8.1,88.9,9.4,1.6,No,"Indian home-care observation | Aishwarya Pillai | Kollam, Kerala | Source: wearable_sync"
R03040,P020,Pooja Shah,Surat,Gujarat,2026-03-15,5.5,78.5,5.0,1.5,No,"Indian home-care observation | Pooja Shah | Surat, Gujarat | Source: phone_checkin"
R03041,P033,Ganesh Iyer,Chennai,Tamil Nadu,2026-03-21,7.3,82.9,6.8,,No,"Indian home-care observation | Ganesh Iyer | Chennai, Tamil Nadu | Source: tablet_kiosk"
R03042,P026,Keerthana S,Tiruchirappalli,Tamil Nadu,2026-03-23,6.7,84.5,,3.6,No,"Indian home-care observation | Keerthana S | Tiruchirappalli, Tamil Nadu | Source: phone_checkin"
R03043,P006,Meena Krishnan,Coimbatore,Tamil Nadu,2026-03-21,6.3,83.8,7.2,2.9,No,"Indian home-care observation | Meena Krishnan | Coimbatore, Tamil Nadu | Source: wearable_sync"
R03044,P006,Meena Krishnan,Coimbatore,Tamil Nadu,2026-03-22,7.3,,6.5,2.0,No,"Indian home-care observation | Meena Krishnan | Coimbatore, Tamil Nadu | Source: mobile_app"
R03045,P032,Bhavana R,Bengaluru,Karnataka,2026-03-21,8.2,91.6,8.7,3.0,No,"Indian home-care observation | Bhavana R | Bengaluru, Karnataka | Source: tablet_kiosk"
R03046,P012,Kavya Menon,Thiruvananthapuram,Kerala,2026-03-04,7.8,91.1,8.2,,No,"Indian home-care observation | Kavya Menon | Thiruvananthapuram, Kerala | Source: phone_checkin"
R03047,P026,Keerthana S,Tiruchirappalli,Tamil Nadu,2026-03-24,6.9,78.4,5.4,2.7,No,"Indian home-care observation | Keerthana S | Tiruchirappalli, Tamil Nadu | Source: phone_checkin"
R03048,P036,Sowmya N,Hyderabad,Telangana,2026-03-21,8.0,87.6,7.7,2.8,No,"Indian home-care observation | Sowmya N | Hyderabad, Telangana | Source: mobile_app"
R03049,P032,Bhavana R,Bengaluru,Karnataka,2026-03-22,8.7,100.0,8.5,3.3,No,"Indian home-care observation | Bhavana R | Bengaluru, Karnataka | Source: tablet_kiosk"
R03050,P006,Meena Krishnan,Coimbatore,Tamil Nadu,2026-03-23,6.2,87.6,6.6,0.7,No,"Indian home-care observation | Meena Krishnan | Coimbatore, Tamil Nadu | Source: tablet_kiosk"
R03051,P022,Shreya Das,Bhubaneswar,Odisha,2026-03-07,8.7,74.7,4.7,3.4,No,"Indian home-care observation | Shreya Das | Bhubaneswar, Odisha | Source: tablet_kiosk"
R03052,P040,Deepa Thomas,Thrissur,Kerala,2026-03-16,,,4.8,2.2,No,"Indian home-care observation | Deepa Thomas | Thrissur, Kerala | Source: phone_checkin"
R03053,P004,Ananya Iyer,Bengaluru,Karnataka,2026-04-02,6.1,63.4,5.6,1.2,No,"Indian home-care observation | Ananya Iyer | Bengaluru, Karnataka | Source: tablet_kiosk"
R03054,P014,Sneha Joshi,Pune,Maharashtra,2026-03-18,7.7,87.8,6.5,,No,"Indian home-care observation | Sneha Joshi | Pune, Maharashtra | Source: tablet_kiosk"
R03055,P007,Karthik Reddy,Hyderabad,Telangana,2026-03-19,7.5,80.8,,3.6,No,"Indian home-care observation | Karthik Reddy | Hyderabad, Telangana | Source: phone_checkin"
R03056,P022,Shreya Das,Bhubaneswar,Odisha,2026-03-08,8.1,69.1,3.9,3.3,No,"Indian home-care observation | Shreya Das | Bhubaneswar, Odisha | Source: tablet_kiosk"
R03057,P003,Rahul Sharma,Delhi,Delhi,2026-03-08,7.5,82.7,7.6,1.7,No,"Indian home-care observation | Rahul Sharma | Delhi, Delhi | Source: phone_checkin"
R03058,P019,Deepak Verma,Chandigarh,Chandigarh,2026-03-28,8.3,64.9,6.7,2.7,No,"Indian home-care observation | Deepak Verma | Chandigarh, Chandigarh | Source: mobile_app"
R03059,P021,Ajay Menon,Kozhikode,Kerala,2026-03-21,7.4,,6.8,3.7,No,"Indian home-care observation | Ajay Menon | Kozhikode, Kerala | Source: mobile_app"
R03060,P005,Vikram Singh,Mumbai,Maharashtra,2026-03-24,9.6,85.2,7.2,3.1,Yes,"Indian home-care observation | Vikram Singh | Mumbai, Maharashtra | Source: phone_checkin"
R03061,P001,Arjun Mehta,Chennai,Tamil Nadu,2026-03-19,7.1,81.3,7.1,3.9,No,"Indian home-care observation | Arjun Mehta | Chennai, Tamil Nadu | Source: tablet_kiosk"
R03062,P015,Suresh Babu,Madurai,Tamil Nadu,2026-03-22,9.3,75.2,7.2,2.3,No,"Indian home-care observation | Suresh Babu | Madurai, Tamil Nadu | Source: tablet_kiosk"
R03063,P009,Sanjay Kumar,Jaipur,Rajasthan,2026-03-09,8.0,79.0,7.8,2.8,No,"Indian home-care observation | Sanjay Kumar | Jaipur, Rajasthan | Source: wearable_sync"
R03064,P022,Shreya Das,Bhubaneswar,Odisha,2026-03-09,8.8,78.1,4.6,1.4,No,"Indian home-care observation | Shreya Das | Bhubaneswar, Odisha | Source: mobile_app"
R03065,P009,Sanjay Kumar,Jaipur,Rajasthan,2026-03-10,7.7,,6.7,2.5,No,"Indian home-care observation | Sanjay Kumar | Jaipur, Rajasthan | Source: mobile_app"
R03066,P030,Nandini Shetty,Mangaluru,Karnataka,2026-03-19,8.5,70.2,5.1,1.6,No,"Indian home-care observation | Nandini Shetty | Mangaluru, Karnataka | Source: phone_checkin"
R03067,P026,Keerthana S,Tiruchirappalli,Tamil Nadu,2026-03-25,7.2,90.1,5.5,,No,"Indian home-care observation | Keerthana S | Tiruchirappalli, Tamil Nadu | Source: wearable_sync"
R03068,P009,Sanjay Kumar,Jaipur,Rajasthan,2026-03-11,7.5,81.2,6.6,2.6,No,"Indian home-care observation | Sanjay Kumar | Jaipur, Rajasthan | Source: phone_checkin"
R03069,P010,Divya Patel,Ahmedabad,Gujarat,2026-03-19,5.5,57.1,7.0,1.6,No,"Indian home-care observation | Divya Patel | Ahmedabad, Gujarat | Source: mobile_app"
R03070,P012,Kavya Menon,Thiruvananthapuram,Kerala,2026-03-05,6.7,87.6,9.3,2.6,No,"Indian home-care observation | Kavya Menon | Thiruvananthapuram, Kerala | Source: phone_checkin"
R03071,P018,Harini Reddy,Warangal,Telangana,2026-03-20,8.0,73.0,6.9,2.3,No,"Indian home-care observation | Harini Reddy | Warangal, Telangana | Source: tablet_kiosk"
R03072,P032,Bhavana R,Bengaluru,Karnataka,2026-03-23,7.3,86.6,9.0,2.6,Yes,"Indian home-care observation | Bhavana R | Bengaluru, Karnataka | Source: tablet_kiosk"
R03073,P021,Ajay Menon,Kozhikode,Kerala,2026-03-22,6.5,88.4,8.5,3.2,No,"Indian home-care observation | Ajay Menon | Kozhikode, Kerala | Source: phone_checkin"
R03074,P035,Prakash Patil,Nashik,Maharashtra,2026-03-31,7.5,76.2,6.8,2.1,No,"Indian home-care observation | Prakash Patil | Nashik, Maharashtra | Source: phone_checkin"
R03075,P025,Ravi Prasad,Patna,Bihar,2026-03-05,7.3,90.0,8.8,0.5,No,"Indian home-care observation | Ravi Prasad | Patna, Bihar | Source: wearable_sync"
R03076,P020,Pooja Shah,Surat,Gujarat,2026-03-16,6.4,76.2,7.1,1.3,No,"Indian home-care observation | Pooja Shah | Surat, Gujarat | Source: nan"
R03077,P031,Ashok Yadav,Kanpur,Uttar Pradesh,2026-03-16,7.8,58.1,,0.1,No,"Indian home-care observation | Ashok Yadav | Kanpur, Uttar Pradesh | Source: mobile_app"
R03078,P018,Harini Reddy,Warangal,Telangana,2026-03-21,7.7,80.8,7.7,2.6,No,"Indian home-care observation | Harini Reddy | Warangal, Telangana | Source: nan"
R03079,P008,Lakshmi Rao,Vijayawada,Andhra Pradesh,2026-03-11,7.0,79.7,5.0,2.2,No,"Indian home-care observation | Lakshmi Rao | Vijayawada, Andhra Pradesh | Source: tablet_kiosk"
R03080,P032,Bhavana R,Bengaluru,Karnataka,2026-03-24,7.9,94.3,8.4,1.9,No,"Indian home-care observation | Bhavana R | Bengaluru, Karnataka | Source: wearable_sync"
R03081,P027,Aditya Kulkarni,Nagpur,Maharashtra,2026-03-18,6.9,81.8,8.9,2.8,No,"Indian home-care observation | Aditya Kulkarni | Nagpur, Maharashtra | Source: wearable_sync"
R03082,P033,Ganesh Iyer,Chennai,Tamil Nadu,2026-03-22,7.3,85.3,5.5,0.0,No,"Indian home-care observation | Ganesh Iyer | Chennai, Tamil Nadu | Source: phone_checkin"
R03083,P028,Swathi Rao,Visakhapatnam,Andhra Pradesh,2026-03-16,7.6,92.8,6.1,3.4,No,"Indian home-care observation | Swathi Rao | Visakhapatnam, Andhra Pradesh | Source: wearable_sync"
R03084,P027,Aditya Kulkarni,Nagpur,Maharashtra,2026-03-19,6.1,73.6,,1.6,No,"Indian home-care observation | Aditya Kulkarni | Nagpur, Maharashtra | Source: phone_checkin"
R03085,P032,Bhavana R,Bengaluru,Karnataka,2026-03-25,8.3,97.5,8.0,3.5,No,"Indian home-care observation | Bhavana R | Bengaluru, Karnataka | Source: wearable_sync"
R03086,P009,Sanjay Kumar,Jaipur,Rajasthan,2026-03-12,7.1,81.3,6.9,1.4,No,"Indian home-care observation | Sanjay Kumar | Jaipur, Rajasthan | Source: tablet_kiosk"
R03087,P026,Keerthana S,Tiruchirappalli,Tamil Nadu,2026-03-26,7.2,85.0,6.2,3.7,No,"Indian home-care observation | Keerthana S | Tiruchirappalli, Tamil Nadu | Source: nan"
R03088,P015,Suresh Babu,Madurai,Tamil Nadu,2026-03-23,9.5,72.4,6.2,1.7,No,"Indian home-care observation | Suresh Babu | Madurai, Tamil Nadu | Source: mobile_app"
R03089,P031,Ashok Yadav,Kanpur,Uttar Pradesh,2026-03-17,7.9,60.7,6.3,1.4,No,"Indian home-care observation | Ashok Yadav | Kanpur, Uttar Pradesh | Source: tablet_kiosk"
R03090,P016,Aishwarya Pillai,Kollam,Kerala,2026-03-14,,87.2,10.0,2.4,No,"Indian home-care observation | Aishwarya Pillai | Kollam, Kerala | Source: phone_checkin"
R03091,P025,Ravi Prasad,Patna,Bihar,2026-03-06,6.7,86.0,,2.6,No,"Indian home-care observation | Ravi Prasad | Patna, Bihar | Source: wearable_sync"
R03092,P011,Rohan Das,Kolkata,West Bengal,2026-03-21,7.2,73.3,6.3,2.5,Yes,"Indian home-care observation | Rohan Das | Kolkata, West Bengal | Source: phone_checkin"
R03093,P012,Kavya Menon,Thiruvananthapuram,Kerala,2026-03-06,7.8,95.2,8.5,3.3,No,"Indian home-care observation | Kavya Menon | Thiruvananthapuram, Kerala | Source: tablet_kiosk"
R03094,P040,Deepa Thomas,Thrissur,Kerala,2026-03-17,6.0,79.0,,2.3,No,"Indian home-care observation | Deepa Thomas | Thrissur, Kerala | Source: tablet_kiosk"
R03095,P036,Sowmya N,Hyderabad,Telangana,2026-03-22,8.1,94.0,7.7,1.9,No,"Indian home-care observation | Sowmya N | Hyderabad, Telangana | Source: phone_checkin"
R03096,P034,Madhuri Naik,Panaji,Goa,2026-03-06,8.0,86.6,5.4,0.1,No,"Indian home-care observation | Madhuri Naik | Panaji, Goa | Source: wearable_sync"
R03097,P014,Sneha Joshi,Pune,Maharashtra,2026-03-19,9.3,76.4,,2.4,No,"Indian home-care observation | Sneha Joshi | Pune, Maharashtra | Source: wearable_sync"
R03098,P017,Naveen Kumar,Mysuru,Karnataka,2026-03-15,7.3,83.5,7.0,0.4,No,"Indian home-care observation | Naveen Kumar | Mysuru, Karnataka | Source: tablet_kiosk"
R03099,P035,Prakash Patil,Nashik,Maharashtra,2026-04-01,5.9,70.2,6.9,1.8,No,"Indian home-care observation | Prakash Patil | Nashik, Maharashtra | Source: wearable_sync"
R03100,P004,Ananya Iyer,Bengaluru,Karnataka,2026-04-03,8.6,77.7,7.3,3.2,No,"Indian home-care observation | Ananya Iyer | Bengaluru, Karnataka | Source: mobile_app"
R03101,P027,Aditya Kulkarni,Nagpur,Maharashtra,2026-03-20,6.2,84.7,9.8,2.4,No,"Indian home-care observation | Aditya Kulkarni | Nagpur, Maharashtra | Source: phone_checkin"
R03102,P038,Janani Murugan,Erode,Tamil Nadu,2026-03-15,6.7,65.8,6.8,0.4,No,"Indian home-care observation | Janani Murugan | Erode, Tamil Nadu | Source: tablet_kiosk"
R03103,P007,Karthik Reddy,Hyderabad,Telangana,2026-03-20,7.3,87.8,7.0,1.4,Yes,"Indian home-care observation | Karthik Reddy | Hyderabad, Telangana | Source: wearable_sync"
R03104,P013,Manoj Gupta,Lucknow,Uttar Pradesh,2026-03-17,7.5,,5.8,1.9,No,"Indian home-care observation | Manoj Gupta | Lucknow, Uttar Pradesh | Source: tablet_kiosk"
R03105,P006,Meena Krishnan,Coimbatore,Tamil Nadu,2026-03-24,6.9,92.6,8.2,4.5,No,"Indian home-care observation | Meena Krishnan | Coimbatore, Tamil Nadu | Source: wearable_sync"
R03106,P034,Madhuri Naik,Panaji,Goa,2026-03-07,8.2,93.0,,1.2,No,"Indian home-care observation | Madhuri Naik | Panaji, Goa | Source: tablet_kiosk"
R03107,P039,Imran Khan,Bhopal,Madhya Pradesh,2026-03-14,7.3,75.9,7.4,3.3,No,"Indian home-care observation | Imran Khan | Bhopal, Madhya Pradesh | Source: mobile_app"
R03108,P023,Mohan Raj,Salem,Tamil Nadu,2026-03-17,7.2,100.0,6.2,2.4,No,"Indian home-care observation | Mohan Raj | Salem, Tamil Nadu | Source: phone_checkin"
R03109,P002,Priya Nair,Kochi,Kerala,2026-03-12,7.4,78.6,6.1,,No,"Indian home-care observation | Priya Nair | Kochi, Kerala | Source: phone_checkin"
R03110,P040,Deepa Thomas,Thrissur,Kerala,2026-03-18,7.4,,5.9,1.7,No,"Indian home-care observation | Deepa Thomas | Thrissur, Kerala | Source: nan"
R03111,P030,Nandini Shetty,Mangaluru,Karnataka,2026-03-20,7.5,72.4,3.8,0.3,No,"Indian home-care observation | Nandini Shetty | Mangaluru, Karnataka | Source: tablet_kiosk"
R03112,P029,Gopal Krishnan,Madurai,Tamil Nadu,2026-03-21,6.8,81.1,6.0,3.6,No,"Indian home-care observation | Gopal Krishnan | Madurai, Tamil Nadu | Source: mobile_app"
R03113,P012,Kavya Menon,Thiruvananthapuram,Kerala,2026-03-07,7.7,91.4,8.9,3.9,No,"Indian home-care observation | Kavya Menon | Thiruvananthapuram, Kerala | Source: wearable_sync"
R03114,P005,Vikram Singh,Mumbai,Maharashtra,2026-03-25,8.9,78.5,8.4,1.8,No,"Indian home-care observation | Vikram Singh | Mumbai, Maharashtra | Source: tablet_kiosk"
R03115,P037,Ramesh Chandran,Puducherry,Puducherry,2026-03-25,6.3,83.1,8.3,3.1,No,"Indian home-care observation | Ramesh Chandran | Puducherry, Puducherry | Source: tablet_kiosk"
R03116,P023,Mohan Raj,Salem,Tamil Nadu,2026-03-18,7.3,95.4,7.9,2.8,No,"Indian home-care observation | Mohan Raj | Salem, Tamil Nadu | Source: wearable_sync"
R03117,P018,Harini Reddy,Warangal,Telangana,2026-03-22,7.8,82.9,7.6,2.9,No,"Indian home-care observation | Harini Reddy | Warangal, Telangana | Source: mobile_app"
R03118,P027,Aditya Kulkarni,Nagpur,Maharashtra,2026-03-21,7.5,80.2,9.1,2.7,No,"Indian home-care observation | Aditya Kulkarni | Nagpur, Maharashtra | Source: tablet_kiosk"
R03119,P020,Pooja Shah,Surat,Gujarat,2026-03-17,6.7,79.9,5.8,3.3,No,"Indian home-care observation | Pooja Shah | Surat, Gujarat | Source: wearable_sync"
R03120,P035,Prakash Patil,Nashik,Maharashtra,2026-04-02,5.8,62.6,7.1,,No,"Indian home-care observation | Prakash Patil | Nashik, Maharashtra | Source: mobile_app"
R03121,P032,Bhavana R,Bengaluru,Karnataka,2026-03-26,7.5,91.2,8.6,,No,"Indian home-care observation | Bhavana R | Bengaluru, Karnataka | Source: phone_checkin"
R03122,P023,Mohan Raj,Salem,Tamil Nadu,2026-03-19,6.8,100.0,6.5,3.1,No,"Indian home-care observation | Mohan Raj | Salem, Tamil Nadu | Source: wearable_sync"
R03123,P009,Sanjay Kumar,Jaipur,Rajasthan,2026-03-13,7.5,78.1,6.5,3.2,No,"Indian home-care observation | Sanjay Kumar | Jaipur, Rajasthan | Source: phone_checkin"
R03124,P033,Ganesh Iyer,Chennai,Tamil Nadu,2026-03-23,7.3,85.3,5.5,0.0,No,"Indian home-care observation | Ganesh Iyer | Chennai, Tamil Nadu | Source: phone_checkin"
R03125,P019,Deepak Verma,Chandigarh,Chandigarh,2026-03-29,9.3,,7.5,3.4,No,"Indian home-care observation | Deepak Verma | Chandigarh, Chandigarh | Source: tablet_kiosk"
R03126,P017,Naveen Kumar,Mysuru,Karnataka,2026-03-16,,,7.5,2.4,No,"Indian home-care observation | Naveen Kumar | Mysuru, Karnataka | Source: wearable_sync"
R03127,P012,Kavya Menon,Thiruvananthapuram,Kerala,2026-03-08,6.8,85.0,7.0,1.8,No,"Indian home-care observation | Kavya Menon | Thiruvananthapuram, Kerala | Source: phone_checkin"
R03128,P004,Ananya Iyer,Bengaluru,Karnataka,2026-04-04,8.1,73.2,,2.0,No,"Indian home-care observation | Ananya Iyer | Bengaluru, Karnataka | Source: nan"
R03129,P039,Imran Khan,Bhopal,Madhya Pradesh,2026-03-15,8.5,74.4,7.8,3.8,No,"Indian home-care observation | Imran Khan | Bhopal, Madhya Pradesh | Source: tablet_kiosk"
R03130,P012,Kavya Menon,Thiruvananthapuram,Kerala,2026-03-09,6.5,82.2,7.5,,No,"Indian home-care observation | Kavya Menon | Thiruvananthapuram, Kerala | Source: wearable_sync"
R03131,P005,Vikram Singh,Mumbai,Maharashtra,2026-03-26,,78.1,7.4,3.3,No,"Indian home-care observation | Vikram Singh | Mumbai, Maharashtra | Source: phone_checkin"
R03132,P017,Naveen Kumar,Mysuru,Karnataka,2026-03-17,6.9,68.5,6.3,2.2,No,"Indian home-care observation | Naveen Kumar | Mysuru, Karnataka | Source: tablet_kiosk"
R03133,P035,Prakash Patil,Nashik,Maharashtra,2026-04-03,7.0,69.3,6.3,2.4,No,"Indian home-care observation | Prakash Patil | Nashik, Maharashtra | Source: wearable_sync"
R03134,P040,Deepa Thomas,Thrissur,Kerala,2026-03-19,6.0,84.1,4.4,0.3,No,"Indian home-care observation | Deepa Thomas | Thrissur, Kerala | Source: wearable_sync"
R03135,P003,Rahul Sharma,Delhi,Delhi,2026-03-09,7.2,78.9,7.8,3.4,No,"Indian home-care observation | Rahul Sharma | Delhi, Delhi | Source: phone_checkin"
R03136,P013,Manoj Gupta,Lucknow,Uttar Pradesh,2026-03-18,8.7,92.9,7.2,2.1,No,"Indian home-care observation | Manoj Gupta | Lucknow, Uttar Pradesh | Source: tablet_kiosk"
R03137,P006,Meena Krishnan,Coimbatore,Tamil Nadu,2026-03-25,6.4,85.2,7.4,3.8,No,"Indian home-care observation | Meena Krishnan | Coimbatore, Tamil Nadu | Source: wearable_sync"
R03138,P025,Ravi Prasad,Patna,Bihar,2026-03-07,7.0,92.0,8.4,2.1,No,"Indian home-care observation | Ravi Prasad | Patna, Bihar | Source: mobile_app"
R03139,P010,Divya Patel,Ahmedabad,Gujarat,2026-03-20,5.9,68.8,6.6,1.8,No,"Indian home-care observation | Divya Patel | Ahmedabad, Gujarat | Source: tablet_kiosk"
R03140,P011,Rohan Das,Kolkata,West Bengal,2026-03-22,6.0,80.9,5.3,2.0,No,"Indian home-care observation | Rohan Das | Kolkata, West Bengal | Source: wearable_sync"
R03141,P032,Bhavana R,Bengaluru,Karnataka,2026-03-27,6.8,92.9,7.8,,No,"Indian home-care observation | Bhavana R | Bengaluru, Karnataka | Source: tablet_kiosk"
R03142,P025,Ravi Prasad,Patna,Bihar,2026-03-08,8.2,94.6,,3.3,No,"Indian home-care observation | Ravi Prasad | Patna, Bihar | Source: tablet_kiosk"
R03143,P004,Ananya Iyer,Bengaluru,Karnataka,2026-04-05,8.5,0.0,,,No,"Indian home-care observation | Ananya Iyer | Bengaluru, Karnataka | Source: wearable_sync"
R03144,P037,Ramesh Chandran,Puducherry,Puducherry,2026-03-26,6.8,83.7,7.1,3.3,No,"Indian home-care observation | Ramesh Chandran | Puducherry, Puducherry | Source: WEARABLE_SYNC"
R03145,P038,Janani Murugan,Erode,Tamil Nadu,2026-03-16,7.4,75.5,6.9,2.7,No,"Indian home-care observation | Janani Murugan | Erode, Tamil Nadu | Source: phone_checkin"
R03146,P001,Arjun Mehta,Chennai,Tamil Nadu,2026-03-20,5.9,60.4,7.2,0.8,No,"Indian home-care observation | Arjun Mehta | Chennai, Tamil Nadu | Source: tablet_kiosk"
R03147,P028,Swathi Rao,Visakhapatnam,Andhra Pradesh,2026-03-17,8.0,84.4,6.4,4.4,No,"Indian home-care observation | Swathi Rao | Visakhapatnam, Andhra Pradesh | Source: wearable_sync"
R03148,P031,Ashok Yadav,Kanpur,Uttar Pradesh,2026-03-18,7.2,57.6,7.0,1.1,No,"Indian home-care observation | Ashok Yadav | Kanpur, Uttar Pradesh | Source: tablet_kiosk"
R03149,P017,Naveen Kumar,Mysuru,Karnataka,2026-03-18,8.4,76.9,7.1,2.5,No,"Indian home-care observation | Naveen Kumar | Mysuru, Karnataka | Source: wearable_sync"
R03150,P005,Vikram Singh,Mumbai,Maharashtra,2026-03-27,,76.9,7.0,3.0,No,"Indian home-care observation | Vikram Singh | Mumbai, Maharashtra | Source: phone_checkin"
R03151,P038,Janani Murugan,Erode,Tamil Nadu,2026-03-17,7.6,71.2,6.2,2.7,No,"Indian home-care observation | Janani Murugan | Erode, Tamil Nadu | Source: phone_checkin"
R03152,P030,Nandini Shetty,Mangaluru,Karnataka,2026-03-21,8.2,75.7,5.0,2.0,No,"Indian home-care observation | Nandini Shetty | Mangaluru, Karnataka | Source: tablet_kiosk"
R03153,P021,Ajay Menon,Kozhikode,Kerala,2026-03-23,6.0,75.9,7.6,1.7,No,"Indian home-care observation | Ajay Menon | Kozhikode, Kerala | Source: tablet_kiosk"
R03154,P011,Rohan Das,Kolkata,West Bengal,2026-03-23,6.6,100.0,6.4,1.3,No,"Indian home-care observation | Rohan Das | Kolkata, West Bengal | Source: wearable_sync"
R03155,P035,Prakash Patil,Nashik,Maharashtra,2026-04-04,6.0,,,1.4,No,"Indian home-care observation | Prakash Patil | Nashik, Maharashtra | Source: phone_checkin"
R03156,P021,Ajay Menon,Kozhikode,Kerala,2026-03-24,8.4,86.1,,4.2,No,"Indian home-care observation | Ajay Menon | Kozhikode, Kerala | Source: mobile_app"
R03157,P004,Ananya Iyer,Bengaluru,Karnataka,2026-04-06,6.5,68.0,,0.0,No,"Indian home-care observation | Ananya Iyer | Bengaluru, Karnataka | Source: mobile_app"
R03158,P020,Pooja Shah,Surat,Gujarat,2026-03-18,6.8,80.3,5.8,3.3,No,"Indian home-care observation | Pooja Shah | Surat, Gujarat | Source: mobile_app"
R03159,P012,Kavya Menon,Thiruvananthapuram,Kerala,2026-03-10,7.1,94.6,7.9,3.7,No,"Indian home-care observation | Kavya Menon | Thiruvananthapuram, Kerala | Source: mobile_app"
R03160,P002,Priya Nair,Kochi,Kerala,2026-03-13,7.2,75.0,,1.6,Yes,"Indian home-care observation | Priya Nair | Kochi, Kerala | Source: phone_checkin"
R03161,P021,Ajay Menon,Kozhikode,Kerala,2026-03-25,8.0,,5.5,3.9,No,"Indian home-care observation | Ajay Menon | Kozhikode, Kerala | Source: wearable_sync"
R03162,P028,Swathi Rao,Visakhapatnam,Andhra Pradesh,2026-03-18,6.5,83.7,5.8,0.8,No,"Indian home-care observation | Swathi Rao | Visakhapatnam, Andhra Pradesh | Source: phone_checkin"
R03163,P017,Naveen Kumar,Mysuru,Karnataka,2026-03-19,,79.2,5.9,1.6,No,"Indian home-care observation | Naveen Kumar | Mysuru, Karnataka | Source: tablet_kiosk"
R03164,P038,Janani Murugan,Erode,Tamil Nadu,2026-03-18,7.2,77.7,6.9,0.6,No,"Indian home-care observation | Janani Murugan | Erode, Tamil Nadu | Source: wearable_sync"
R03165,P002,Priya Nair,Kochi,Kerala,2026-03-14,8.0,82.2,5.8,1.1,No,"Indian home-care observation | Priya Nair | Kochi, Kerala | Source: phone_checkin"
R03166,P010,Divya Patel,Ahmedabad,Gujarat,2026-03-21,6.3,68.0,6.9,2.5,No,"Indian home-care observation | Divya Patel | Ahmedabad, Gujarat | Source: tablet_kiosk"
R03167,P003,Rahul Sharma,Delhi,Delhi,2026-03-10,8.6,68.3,6.8,1.0,No,"Indian home-care observation | Rahul Sharma | Delhi, Delhi | Source: tablet_kiosk"
R03168,P033,Ganesh Iyer,Chennai,Tamil Nadu,2026-03-24,8.3,87.6,,2.3,No,"Indian home-care observation | Ganesh Iyer | Chennai, Tamil Nadu | Source: wearable_sync"
R03169,P013,Manoj Gupta,Lucknow,Uttar Pradesh,2026-03-19,7.8,82.3,7.0,2.6,No,"Indian home-care observation | Manoj Gupta | Lucknow, Uttar Pradesh | Source: wearable_sync"
R03170,P033,Ganesh Iyer,Chennai,Tamil Nadu,2026-03-25,7.7,,6.3,2.8,No,"Indian home-care observation | Ganesh Iyer | Chennai, Tamil Nadu | Source: wearable_sync"
R03171,P004,Ananya Iyer,Bengaluru,Karnataka,2026-04-07,6.8,66.2,6.2,2.0,No,"Indian home-care observation | Ananya Iyer | Bengaluru, Karnataka | Source: mobile_app"
R03172,P008,Lakshmi Rao,Vijayawada,Andhra Pradesh,2026-03-12,7.5,82.0,7.3,3.1,No,"Indian home-care observation | Lakshmi Rao | Vijayawada, Andhra Pradesh | Source: wearable_sync"
R03173,P039,Imran Khan,Bhopal,Madhya Pradesh,2026-03-16,7.9,81.2,7.0,2.1,No,"Indian home-care observation | Imran Khan | Bhopal, Madhya Pradesh | Source: wearable_sync"
R03174,P023,Mohan Raj,Salem,Tamil Nadu,2026-03-20,5.9,94.5,6.3,3.0,No,"Indian home-care observation | Mohan Raj | Salem, Tamil Nadu | Source: mobile_app"
R03175,P031,Ashok Yadav,Kanpur,Uttar Pradesh,2026-03-19,8.4,61.9,,1.1,No,"Indian home-care observation | Ashok Yadav | Kanpur, Uttar Pradesh | Source: tablet_kiosk"
R03176,P029,Gopal Krishnan,Madurai,Tamil Nadu,2026-03-22,7.4,83.2,6.5,1.9,No,"Indian home-care observation | Gopal Krishnan | Madurai, Tamil Nadu | Source: mobile_app"
R03177,P020,Pooja Shah,Surat,Gujarat,2026-03-19,6.2,79.9,5.2,2.2,No,"Indian home-care observation | Pooja Shah | Surat, Gujarat | Source: mobile_app"
R03178,P019,Deepak Verma,Chandigarh,Chandigarh,2026-03-30,8.0,87.5,6.0,4.3,No,"Indian home-care observation | Deepak Verma | Chandigarh, Chandigarh | Source: mobile_app"
R03179,P040,Deepa Thomas,Thrissur,Kerala,2026-03-20,7.0,85.4,6.2,2.7,No,"Indian home-care observation | Deepa Thomas | Thrissur, Kerala | Source: mobile_app"
R03180,P029,Gopal Krishnan,Madurai,Tamil Nadu,2026-03-23,7.9,,6.5,3.3,No,"Indian home-care observation | Gopal Krishnan | Madurai, Tamil Nadu | Source: mobile_app"
R03181,P028,Swathi Rao,Visakhapatnam,Andhra Pradesh,2026-03-19,7.1,77.5,7.0,3.8,No,"Indian home-care observation | Swathi Rao | Visakhapatnam, Andhra Pradesh | Source: mobile_app"
R03182,P023,Mohan Raj,Salem,Tamil Nadu,2026-03-21,7.0,99.8,7.7,3.7,No,"Indian home-care observation | Mohan Raj | Salem, Tamil Nadu | Source: wearable_sync"
R03183,P012,Kavya Menon,Thiruvananthapuram,Kerala,2026-03-11,6.2,,7.3,0.6,No,"Indian home-care observation | Kavya Menon | Thiruvananthapuram, Kerala | Source: phone_checkin"
R03184,P015,Suresh Babu,Madurai,Tamil Nadu,2026-03-24,9.9,68.2,8.2,2.5,No,"Indian home-care observation | Suresh Babu | Madurai, Tamil Nadu | Source: mobile_app"
R03185,P008,Lakshmi Rao,Vijayawada,Andhra Pradesh,2026-03-13,8.3,85.7,7.4,2.8,No,"Indian home-care observation | Lakshmi Rao | Vijayawada, Andhra Pradesh | Source: tablet_kiosk"
R03186,P029,Gopal Krishnan,Madurai,Tamil Nadu,2026-03-24,7.3,79.2,6.4,2.8,No,"Indian home-care observation | Gopal Krishnan | Madurai, Tamil Nadu | Source: phone_checkin"
R03187,P038,Janani Murugan,Erode,Tamil Nadu,2026-03-19,7.7,82.0,7.0,1.9,Yes,"Indian home-care observation | Janani Murugan | Erode, Tamil Nadu | Source: phone_checkin"
R03188,P007,Karthik Reddy,Hyderabad,Telangana,2026-03-21,8.6,66.4,,2.5,No,"Indian home-care observation | Karthik Reddy | Hyderabad, Telangana | Source: phone_checkin"
R03189,P035,Prakash Patil,Nashik,Maharashtra,2026-04-05,6.9,,8.0,4.4,No,"Indian home-care observation | Prakash Patil | Nashik, Maharashtra | Source: mobile_app"
R03190,P002,Priya Nair,Kochi,Kerala,2026-03-15,7.2,86.1,6.0,2.8,No,"Indian home-care observation | Priya Nair | Kochi, Kerala | Source: phone_checkin"
R03191,P010,Divya Patel,Ahmedabad,Gujarat,2026-03-22,5.3,66.5,6.5,1.1,No,"Indian home-care observation | Divya Patel | Ahmedabad, Gujarat | Source: mobile_app"
R03192,P023,Mohan Raj,Salem,Tamil Nadu,2026-03-22,8.1,96.7,7.2,1.2,No,"Indian home-care observation | Mohan Raj | Salem, Tamil Nadu | Source: mobile_app"
R03193,P004,Ananya Iyer,Bengaluru,Karnataka,2026-04-08,7.6,75.6,,1.2,No,"Indian home-care observation | Ananya Iyer | Bengaluru, Karnataka | Source: mobile_app"
R03194,P030,Nandini Shetty,Mangaluru,Karnataka,2026-03-22,6.2,57.2,2.6,0.6,No,"Indian home-care observation | Nandini Shetty | Mangaluru, Karnataka | Source: wearable_sync"
R03195,P001,Arjun Mehta,Chennai,Tamil Nadu,2026-03-21,8.0,79.7,,,No,"Indian home-care observation | Arjun Mehta | Chennai, Tamil Nadu | Source: phone_checkin"
R03196,P028,Swathi Rao,Visakhapatnam,Andhra Pradesh,2026-03-20,7.0,,6.3,2.4,No,"Indian home-care observation | Swathi Rao | Visakhapatnam, Andhra Pradesh | Source: phone_checkin"
R03197,P003,Rahul Sharma,Delhi,Delhi,2026-03-11,7.2,73.7,6.0,2.3,No,"Indian home-care observation | Rahul Sharma | Delhi, Delhi | Source: tablet_kiosk"
R03198,P019,Deepak Verma,Chandigarh,Chandigarh,2026-03-31,7.5,71.3,7.5,2.1,No,"Indian home-care observation | Deepak Verma | Chandigarh, Chandigarh | Source: tablet_kiosk"
R03199,P039,Imran Khan,Bhopal,Madhya Pradesh,2026-03-17,7.5,72.2,7.3,,No,"Indian home-care observation | Imran Khan | Bhopal, Madhya Pradesh | Source: tablet_kiosk"
R03200,P017,Naveen Kumar,Mysuru,Karnataka,2026-03-20,7.8,75.0,6.8,1.9,No,"Indian home-care observation | Naveen Kumar | Mysuru, Karnataka | Source: tablet_kiosk"
R03201,P037,Ramesh Chandran,Puducherry,Puducherry,2026-03-27,6.8,88.5,8.2,4.7,No,"Indian home-care observation | Ramesh Chandran | Puducherry, Puducherry | Source: tablet_kiosk"
R03202,P021,Ajay Menon,Kozhikode,Kerala,2026-03-26,,75.5,6.3,1.4,No,"Indian home-care observation | Ajay Menon | Kozhikode, Kerala | Source: mobile_app"
R03203,P039,Imran Khan,Bhopal,Madhya Pradesh,2026-03-18,7.9,,6.9,2.9,No,"Indian home-care observation | Imran Khan | Bhopal, Madhya Pradesh | Source: tablet_kiosk"
R03204,P019,Deepak Verma,Chandigarh,Chandigarh,2026-04-01,9.1,82.8,5.9,3.1,No,"Indian home-care observation | Deepak Verma | Chandigarh, Chandigarh | Source: wearable_sync"
R03205,P024,Neha Kapoor,New Delhi,Delhi,2026-04-06,,93.1,,0.9,No,"Indian home-care observation | Neha Kapoor | New Delhi, Delhi | Source: tablet_kiosk"
R03206,P033,Ganesh Iyer,Chennai,Tamil Nadu,2026-03-26,8.3,88.3,6.9,4.0,No,"Indian home-care observation | Ganesh Iyer | Chennai, Tamil Nadu | Source: tablet_kiosk"
R03207,P018,Harini Reddy,Warangal,Telangana,2026-03-23,8.2,84.1,6.1,3.2,No,"Indian home-care observation | Harini Reddy | Warangal, Telangana | Source: tablet_kiosk"
R03208,P012,Kavya Menon,Thiruvananthapuram,Kerala,2026-03-12,6.8,94.5,7.9,,No,"Indian home-care observation | Kavya Menon | Thiruvananthapuram, Kerala | Source: wearable_sync"
R03209,P027,Aditya Kulkarni,Nagpur,Maharashtra,2026-03-22,6.6,81.0,9.6,1.0,No,"Indian home-care observation | Aditya Kulkarni | Nagpur, Maharashtra | Source: phone_checkin"
R03210,P021,Ajay Menon,Kozhikode,Kerala,2026-03-27,7.2,,6.3,1.7,No,"Indian home-care observation | Ajay Menon | Kozhikode, Kerala | Source: tablet_kiosk"
R03211,P008,Lakshmi Rao,Vijayawada,Andhra Pradesh,2026-03-14,6.2,61.9,6.3,2.6,No,"Indian home-care observation | Lakshmi Rao | Vijayawada, Andhra Pradesh | Source: tablet_kiosk"
R03212,P020,Pooja Shah,Surat,Gujarat,2026-03-20,6.4,81.7,6.9,0.9,No,"Indian home-care observation | Pooja Shah | Surat, Gujarat | Source: tablet_kiosk"
R03213,P026,Keerthana S,Tiruchirappalli,Tamil Nadu,2026-03-27,7.0,81.4,5.8,2.6,No,"Indian home-care observation | Keerthana S | Tiruchirappalli, Tamil Nadu | Source: phone_checkin"
R03214,P033,Ganesh Iyer,Chennai,Tamil Nadu,2026-03-27,6.5,82.4,7.1,,No,"Indian home-care observation | Ganesh Iyer | Chennai, Tamil Nadu | Source: phone_checkin"
R03215,P027,Aditya Kulkarni,Nagpur,Maharashtra,2026-03-23,6.5,81.5,8.3,1.3,No,"Indian home-care observation | Aditya Kulkarni | Nagpur, Maharashtra | Source: wearable_sync"
R03216,P017,Naveen Kumar,Mysuru,Karnataka,2026-03-21,8.4,76.3,6.6,1.8,No,"Indian home-care observation | Naveen Kumar | Mysuru, Karnataka | Source: mobile_app"
R03217,P036,Sowmya N,Hyderabad,Telangana,2026-03-23,7.8,81.5,8.1,0.8,No,"Indian home-care observation | Sowmya N | Hyderabad, Telangana | Source: mobile_app"
R03218,P023,Mohan Raj,Salem,Tamil Nadu,2026-03-23,5.7,93.6,7.2,2.1,No,"Indian home-care observation | Mohan Raj | Salem, Tamil Nadu | Source: tablet_kiosk"
R03219,P004,Ananya Iyer,Bengaluru,Karnataka,2026-04-09,6.7,65.2,6.0,1.2,No,"Indian home-care observation | Ananya Iyer | Bengaluru, Karnataka | Source: phone_checkin"
R03220,P006,Meena Krishnan,Coimbatore,Tamil Nadu,2026-03-26,5.8,92.4,6.2,3.7,No,"Indian home-care observation | Meena Krishnan | Coimbatore, Tamil Nadu | Source: mobile_app"
R03221,P001,Arjun Mehta,Chennai,Tamil Nadu,2026-03-22,7.3,78.4,7.5,2.3,No,"Indian home-care observation | Arjun Mehta | Chennai, Tamil Nadu | Source: wearable_sync"
R03222,P016,Aishwarya Pillai,Kollam,Kerala,2026-03-15,7.6,,9.1,4.1,No,"Indian home-care observation | Aishwarya Pillai | Kollam, Kerala | Source: tablet_kiosk"
R03223,P038,Janani Murugan,Erode,Tamil Nadu,2026-03-20,7.4,76.1,7.4,2.2,No,"Indian home-care observation | Janani Murugan | Erode, Tamil Nadu | Source: tablet_kiosk"
R03224,P012,Kavya Menon,Thiruvananthapuram,Kerala,2026-03-13,6.8,88.5,8.4,2.7,No,"Indian home-care observation | Kavya Menon | Thiruvananthapuram, Kerala | Source: mobile_app"
R03225,P014,Sneha Joshi,Pune,Maharashtra,2026-03-20,9.2,88.3,6.0,2.2,No,"Indian home-care observation | Sneha Joshi | Pune, Maharashtra | Source: phone_checkin"
R03226,P036,Sowmya N,Hyderabad,Telangana,2026-03-24,8.0,85.9,8.2,3.3,No,"Indian home-care observation | Sowmya N | Hyderabad, Telangana | Source: tablet_kiosk"
R03227,P001,Arjun Mehta,Chennai,Tamil Nadu,2026-03-23,6.5,79.6,7.8,0.6,No,"Indian home-care observation | Arjun Mehta | Chennai, Tamil Nadu | Source: tablet_kiosk"
R03228,P009,Sanjay Kumar,Jaipur,Rajasthan,2026-03-14,7.5,82.7,7.2,2.7,No,"Indian home-care observation | Sanjay Kumar | Jaipur, Rajasthan | Source: mobile_app"
R03229,P037,Ramesh Chandran,Puducherry,Puducherry,2026-03-28,6.1,82.9,7.8,1.8,No,"Indian home-care observation | Ramesh Chandran | Puducherry, Puducherry | Source: mobile_app"
R03230,P007,Karthik Reddy,Hyderabad,Telangana,2026-03-22,9.2,79.3,6.7,3.6,No,"Indian home-care observation | Karthik Reddy | Hyderabad, Telangana | Source: phone_checkin"
R03231,P016,Aishwarya Pillai,Kollam,Kerala,2026-03-16,7.5,87.0,8.8,4.1,No,"Indian home-care observation | Aishwarya Pillai | Kollam, Kerala | Source: wearable_sync"
R03232,P002,Priya Nair,Kochi,Kerala,2026-03-16,7.1,69.2,5.6,2.6,No,"Indian home-care observation | Priya Nair | Kochi, Kerala | Source: tablet_kiosk"
R03233,P022,Shreya Das,Bhubaneswar,Odisha,2026-03-10,7.5,77.5,4.0,1.8,No,"Indian home-care observation | Shreya Das | Bhubaneswar, Odisha | Source: tablet_kiosk"
R03234,P012,Kavya Menon,Thiruvananthapuram,Kerala,2026-03-14,6.9,88.5,9.5,2.1,No,"Indian home-care observation | Kavya Menon | Thiruvananthapuram, Kerala | Source: mobile_app"
R03235,P013,Manoj Gupta,Lucknow,Uttar Pradesh,2026-03-20,7.7,79.2,6.3,2.4,No,"Indian home-care observation | Manoj Gupta | Lucknow, Uttar Pradesh | Source: wearable_sync"
R03236,P035,Prakash Patil,Nashik,Maharashtra,2026-04-06,5.8,62.5,6.7,2.7,No,"Indian home-care observation | Prakash Patil | Nashik, Maharashtra | Source: mobile_app"
R03237,P015,Suresh Babu,Madurai,Tamil Nadu,2026-03-25,10.0,71.4,6.9,3.3,No,"Indian home-care observation | Suresh Babu | Madurai, Tamil Nadu | Source: wearable_sync"
R03238,P033,Ganesh Iyer,Chennai,Tamil Nadu,2026-03-28,7.8,80.3,6.5,1.9,No,"Indian home-care observation | Ganesh Iyer | Chennai, Tamil Nadu | Source: mobile_app"
R03239,P036,Sowmya N,Hyderabad,Telangana,2026-03-25,8.2,81.6,8.2,2.0,No,"Indian home-care observation | Sowmya N | Hyderabad, Telangana | Source: tablet_kiosk"
R03240,P028,Swathi Rao,Visakhapatnam,Andhra Pradesh,2026-03-21,7.2,94.5,6.3,1.1,No,"Indian home-care observation | Swathi Rao | Visakhapatnam, Andhra Pradesh | Source: phone_checkin"
R03241,P001,Arjun Mehta,Chennai,Tamil Nadu,2026-03-24,7.5,78.5,5.9,,No,"Indian home-care observation | Arjun Mehta | Chennai, Tamil Nadu | Source: wearable_sync"
R03242,P008,Lakshmi Rao,Vijayawada,Andhra Pradesh,2026-03-15,6.6,90.5,6.1,1.6,No,"Indian home-care observation | Lakshmi Rao | Vijayawada, Andhra Pradesh | Source: wearable_sync"
R03243,P034,Madhuri Naik,Panaji,Goa,2026-03-08,8.3,,4.9,1.7,No,"Indian home-care observation | Madhuri Naik | Panaji, Goa | Source: wearable_sync"
R03244,P035,Prakash Patil,Nashik,Maharashtra,2026-04-07,5.4,62.1,,2.6,No,"Indian home-care observation | Prakash Patil | Nashik, Maharashtra | Source: tablet_kiosk"
R03245,P016,Aishwarya Pillai,Kollam,Kerala,2026-03-17,8.5,,9.4,3.3,No,"Indian home-care observation | Aishwarya Pillai | Kollam, Kerala | Source: phone_checkin"
R03246,P025,Ravi Prasad,Patna,Bihar,2026-03-09,5.5,83.8,8.4,2.2,No,"Indian home-care observation | Ravi Prasad | Patna, Bihar | Source: wearable_sync"
R03247,P004,Ananya Iyer,Bengaluru,Karnataka,2026-04-10,8.1,80.2,7.8,2.2,No,"Indian home-care observation | Ananya Iyer | Bengaluru, Karnataka | Source: tablet_kiosk"
R03248,P002,Priya Nair,Kochi,Kerala,2026-03-17,7.9,77.3,5.9,3.0,No,"Indian home-care observation | Priya Nair | Kochi, Kerala | Source: phone_checkin"
R03249,P040,Deepa Thomas,Thrissur,Kerala,2026-03-21,6.7,99.0,5.4,2.2,No,"Indian home-care observation | Deepa Thomas | Thrissur, Kerala | Source: tablet_kiosk"
R03250,P001,Arjun Mehta,Chennai,Tamil Nadu,2026-03-25,8.2,73.8,8.3,3.6,No,"Indian home-care observation | Arjun Mehta | Chennai, Tamil Nadu | Source: mobile_app"
R03251,P005,Vikram Singh,Mumbai,Maharashtra,2026-03-28,8.3,79.8,7.5,2.3,No,"Indian home-care observation | Vikram Singh | Mumbai, Maharashtra | Source: wearable_sync"
R03252,P013,Manoj Gupta,Lucknow,Uttar Pradesh,2026-03-21,9.5,85.2,7.2,3.8,No,"Indian home-care observation | Manoj Gupta | Lucknow, Uttar Pradesh | Source: mobile_app"
R03253,P023,Mohan Raj,Salem,Tamil Nadu,2026-03-24,5.8,92.7,5.6,2.1,No,"Indian home-care observation | Mohan Raj | Salem, Tamil Nadu | Source: phone_checkin"
R03254,P021,Ajay Menon,Kozhikode,Kerala,2026-03-28,5.7,96.3,6.8,1.3,No,"Indian home-care observation | Ajay Menon | Kozhikode, Kerala | Source: wearable_sync"
R03255,P009,Sanjay Kumar,Jaipur,Rajasthan,2026-03-15,7.4,72.9,5.9,2.9,No,"Indian home-care observation | Sanjay Kumar | Jaipur, Rajasthan | Source: mobile_app"
R03256,P015,Suresh Babu,Madurai,Tamil Nadu,2026-03-26,10.0,78.1,7.9,3.7,Yes,"Indian home-care observation | Suresh Babu | Madurai, Tamil Nadu | Source: phone_checkin"
R03257,P022,Shreya Das,Bhubaneswar,Odisha,2026-03-11,8.1,71.9,4.0,2.9,No,"Indian home-care observation | Shreya Das | Bhubaneswar, Odisha | Source: mobile_app"
R03258,P033,Ganesh Iyer,Chennai,Tamil Nadu,2026-03-29,7.8,86.4,6.1,1.9,No,"Indian home-care observation | Ganesh Iyer | Chennai, Tamil Nadu | Source: mobile_app"
R03259,P027,Aditya Kulkarni,Nagpur,Maharashtra,2026-03-24,6.6,81.3,9.0,3.3,No,"Indian home-care observation | Aditya Kulkarni | Nagpur, Maharashtra | Source: mobile_app"
R03260,P032,Bhavana R,Bengaluru,Karnataka,2026-03-28,7.8,93.4,8.3,2.9,No,"Indian home-care observation | Bhavana R | Bengaluru, Karnataka | Source: tablet_kiosk"
R03261,P035,Prakash Patil,Nashik,Maharashtra,2026-04-08,6.9,77.3,7.1,1.6,No,"Indian home-care observation | Prakash Patil | Nashik, Maharashtra | Source: phone_checkin"
R03262,P037,Ramesh Chandran,Puducherry,Puducherry,2026-03-29,7.3,80.8,6.7,,No,"Indian home-care observation | Ramesh Chandran | Puducherry, Puducherry | Source: wearable_sync"
R03263,P004,Ananya Iyer,Bengaluru,Karnataka,2026-04-11,8.3,68.4,,0.9,No,"Indian home-care observation | Ananya Iyer | Bengaluru, Karnataka | Source: phone_checkin"
R03264,P036,Sowmya N,Hyderabad,Telangana,2026-03-26,7.1,83.8,8.8,2.1,No,"Indian home-care observation | Sowmya N | Hyderabad, Telangana | Source: wearable_sync"
R03265,P040,Deepa Thomas,Thrissur,Kerala,2026-03-22,5.1,75.3,4.2,0.0,No,"Indian home-care observation | Deepa Thomas | Thrissur, Kerala | Source: mobile_app"
R03266,P028,Swathi Rao,Visakhapatnam,Andhra Pradesh,2026-03-22,7.5,,6.7,3.3,No,"Indian home-care observation | Swathi Rao | Visakhapatnam, Andhra Pradesh | Source: wearable_sync"
R03267,P036,Sowmya N,Hyderabad,Telangana,2026-03-27,8.1,82.2,7.8,2.4,No,"Indian home-care observation | Sowmya N | Hyderabad, Telangana | Source: tablet_kiosk"
R03268,P016,Aishwarya Pillai,Kollam,Kerala,2026-03-18,7.8,88.4,9.0,2.6,No,"Indian home-care observation | Aishwarya Pillai | Kollam, Kerala | Source: phone_checkin"
R03269,P009,Sanjay Kumar,Jaipur,Rajasthan,2026-03-16,7.3,77.0,6.7,3.0,No,"Indian home-care observation | Sanjay Kumar | Jaipur, Rajasthan | Source: wearable_sync"
R03270,P036,Sowmya N,Hyderabad,Telangana,2026-03-28,7.6,,7.0,2.6,No,"Indian home-care observation | Sowmya N | Hyderabad, Telangana | Source: MOBILE_APP"
R03271,P032,Bhavana R,Bengaluru,Karnataka,2026-03-29,6.9,81.3,8.7,1.7,No,"Indian home-care observation | Bhavana R | Bengaluru, Karnataka | Source: phone_checkin"
R03272,P001,Arjun Mehta,Chennai,Tamil Nadu,2026-03-26,7.8,73.9,8.3,1.7,No,"Indian home-care observation | Arjun Mehta | Chennai, Tamil Nadu | Source: mobile_app"
R03273,P030,Nandini Shetty,Mangaluru,Karnataka,2026-03-23,8.6,73.6,,1.6,No,"Indian home-care observation | Nandini Shetty | Mangaluru, Karnataka | Source: phone_checkin"
R03274,P018,Harini Reddy,Warangal,Telangana,2026-03-24,,74.0,7.4,2.7,No,"Indian home-care observation | Harini Reddy | Warangal, Telangana | Source: tablet_kiosk"
R03275,P038,Janani Murugan,Erode,Tamil Nadu,2026-03-21,7.0,,5.2,1.9,Yes,"Indian home-care observation | Janani Murugan | Erode, Tamil Nadu | Source: mobile_app"
R03276,P027,Aditya Kulkarni,Nagpur,Maharashtra,2026-03-25,7.5,76.6,9.5,2.5,No,"Indian home-care observation | Aditya Kulkarni | Nagpur, Maharashtra | Source: mobile_app"
R03277,P013,Manoj Gupta,Lucknow,Uttar Pradesh,2026-03-22,7.3,82.3,,1.7,No,"Indian home-care observation | Manoj Gupta | Lucknow, Uttar Pradesh | Source: tablet_kiosk"
R03278,P024,Neha Kapoor,New Delhi,Delhi,2026-04-07,7.3,90.9,8.5,3.7,No,"Indian home-care observation | Neha Kapoor | New Delhi, Delhi | Source: mobile_app"
R03279,P035,Prakash Patil,Nashik,Maharashtra,2026-04-09,5.5,67.9,,2.2,No,"Indian home-care observation | Prakash Patil | Nashik, Maharashtra | Source: wearable_sync"
R03280,P030,Nandini Shetty,Mangaluru,Karnataka,2026-03-24,5.9,58.6,1.1,0.8,No,"Indian home-care observation | Nandini Shetty | Mangaluru, Karnataka | Source: mobile_app"
R03281,P040,Deepa Thomas,Thrissur,Kerala,2026-03-23,5.2,75.1,3.5,0.1,No,"Indian home-care observation | Deepa Thomas | Thrissur, Kerala | Source: tablet_kiosk"
R03282,P023,Mohan Raj,Salem,Tamil Nadu,2026-03-25,7.1,89.6,7.9,2.8,No,"Indian home-care observation | Mohan Raj | Salem, Tamil Nadu | Source: wearable_sync"
R03283,P013,Manoj Gupta,Lucknow,Uttar Pradesh,2026-03-23,7.9,,6.4,1.4,No,"Indian home-care observation | Manoj Gupta | Lucknow, Uttar Pradesh | Source: mobile_app"
R03284,P034,Madhuri Naik,Panaji,Goa,2026-03-09,8.2,93.7,6.2,2.8,No,"Indian home-care observation | Madhuri Naik | Panaji, Goa | Source: mobile_app"
R03285,P022,Shreya Das,Bhubaneswar,Odisha,2026-03-12,8.1,77.7,2.9,2.8,No,"Indian home-care observation | Shreya Das | Bhubaneswar, Odisha | Source: mobile_app"
R03286,P022,Shreya Das,Bhubaneswar,Odisha,2026-03-13,8.7,75.9,4.2,1.6,No,"Indian home-care observation | Shreya Das | Bhubaneswar, Odisha | Source: wearable_sync"
R03287,P036,Sowmya N,Hyderabad,Telangana,2026-03-29,8.1,79.7,8.4,2.9,Yes,"Indian home-care observation | Sowmya N | Hyderabad, Telangana | Source: phone_checkin"
R03288,P019,Deepak Verma,Chandigarh,Chandigarh,2026-04-02,8.3,,,0.3,No,"Indian home-care observation | Deepak Verma | Chandigarh, Chandigarh | Source: phone_checkin"
R03289,P017,Naveen Kumar,Mysuru,Karnataka,2026-03-22,8.0,83.5,,1.7,No,"Indian home-care observation | Naveen Kumar | Mysuru, Karnataka | Source: wearable_sync"
R03290,P017,Naveen Kumar,Mysuru,Karnataka,2026-03-23,7.9,,6.1,0.0,No,"Indian home-care observation | Naveen Kumar | Mysuru, Karnataka | Source: phone_checkin"
R03291,P015,Suresh Babu,Madurai,Tamil Nadu,2026-03-27,10.0,82.6,8.1,2.7,No,"Indian home-care observation | Suresh Babu | Madurai, Tamil Nadu | Source: phone_checkin"
R03292,P024,Neha Kapoor,New Delhi,Delhi,2026-04-08,8.2,92.7,8.2,1.5,No,"Indian home-care observation | Neha Kapoor | New Delhi, Delhi | Source: tablet_kiosk"
R03293,P034,Madhuri Naik,Panaji,Goa,2026-03-10,8.4,90.6,5.5,3.2,No,"Indian home-care observation | Madhuri Naik | Panaji, Goa | Source: nan"
R03294,P001,Arjun Mehta,Chennai,Tamil Nadu,2026-03-27,8.9,73.2,,2.2,No,"Indian home-care observation | Arjun Mehta | Chennai, Tamil Nadu | Source: wearable_sync"
R03295,P015,Suresh Babu,Madurai,Tamil Nadu,2026-03-28,9.5,68.3,6.8,1.6,No,"Indian home-care observation | Suresh Babu | Madurai, Tamil Nadu | Source: phone_checkin"
R03296,P023,Mohan Raj,Salem,Tamil Nadu,2026-03-26,7.4,100.0,7.7,3.9,No,"Indian home-care observation | Mohan Raj | Salem, Tamil Nadu | Source: mobile_app"
R03297,P040,Deepa Thomas,Thrissur,Kerala,2026-03-24,5.3,86.4,5.4,0.0,No,"Indian home-care observation | Deepa Thomas | Thrissur, Kerala | Source: mobile_app"
R03298,P037,Ramesh Chandran,Puducherry,Puducherry,2026-03-30,,84.2,7.4,3.4,No,"Indian home-care observation | Ramesh Chandran | Puducherry, Puducherry | Source: mobile_app"
R03299,P028,Swathi Rao,Visakhapatnam,Andhra Pradesh,2026-03-23,7.8,90.2,7.2,2.0,Yes,"Indian home-care observation | Swathi Rao | Visakhapatnam, Andhra Pradesh | Source: phone_checkin"
R03300,P027,Aditya Kulkarni,Nagpur,Maharashtra,2026-03-26,6.7,81.8,9.0,1.8,No,"Indian home-care observation | Aditya Kulkarni | Nagpur, Maharashtra | Source: mobile_app"
R03301,P003,Rahul Sharma,Delhi,Delhi,2026-03-12,7.8,85.1,,2.4,No,"Indian home-care observation | Rahul Sharma | Delhi, Delhi | Source: wearable_sync"
R03302,P015,Suresh Babu,Madurai,Tamil Nadu,2026-03-29,10.0,82.4,7.2,2.3,No,"Indian home-care observation | Suresh Babu | Madurai, Tamil Nadu | Source: phone_checkin"
R03303,P030,Nandini Shetty,Mangaluru,Karnataka,2026-03-25,6.0,62.3,3.2,0.0,No,"Indian home-care observation | Nandini Shetty | Mangaluru, Karnataka | Source: mobile_app"
R03304,P018,Harini Reddy,Warangal,Telangana,2026-03-25,7.1,79.6,8.4,3.8,No,"Indian home-care observation | Harini Reddy | Warangal, Telangana | Source: phone_checkin"
R03305,P013,Manoj Gupta,Lucknow,Uttar Pradesh,2026-03-24,7.9,86.6,7.3,0.4,No,"Indian home-care observation | Manoj Gupta | Lucknow, Uttar Pradesh | Source: mobile_app"
R03306,P018,Harini Reddy,Warangal,Telangana,2026-03-26,,78.0,7.2,4.8,No,"Indian home-care observation | Harini Reddy | Warangal, Telangana | Source: mobile_app"
R03307,P004,Ananya Iyer,Bengaluru,Karnataka,2026-04-12,8.0,74.3,7.1,2.2,No,"Indian home-care observation | Ananya Iyer | Bengaluru, Karnataka | Source: phone_checkin"
R03308,P021,Ajay Menon,Kozhikode,Kerala,2026-03-29,6.9,81.9,,2.2,No,"Indian home-care observation | Ajay Menon | Kozhikode, Kerala | Source: phone_checkin"
R03309,P010,Divya Patel,Ahmedabad,Gujarat,2026-03-23,,,6.9,2.9,No,"Indian home-care observation | Divya Patel | Ahmedabad, Gujarat | Source: mobile_app"
R03310,P031,Ashok Yadav,Kanpur,Uttar Pradesh,2026-03-20,6.9,54.0,6.0,0.0,No,"Indian home-care observation | Ashok Yadav | Kanpur, Uttar Pradesh | Source: wearable_sync"
R03311,P034,Madhuri Naik,Panaji,Goa,2026-03-11,8.9,92.1,6.1,2.3,No,"Indian home-care observation | Madhuri Naik | Panaji, Goa | Source: mobile_app"
R03312,P016,Aishwarya Pillai,Kollam,Kerala,2026-03-19,7.5,85.3,8.5,0.8,Yes,"Indian home-care observation | Aishwarya Pillai | Kollam, Kerala | Source: tablet_kiosk"
R03313,P021,Ajay Menon,Kozhikode,Kerala,2026-03-30,6.4,86.4,7.2,2.7,Yes,"Indian home-care observation | Ajay Menon | Kozhikode, Kerala | Source: phone_checkin"
R03314,P002,Priya Nair,Kochi,Kerala,2026-03-18,7.9,93.3,6.0,2.6,No,"Indian home-care observation | Priya Nair | Kochi, Kerala | Source: mobile_app"
R03315,P009,Sanjay Kumar,Jaipur,Rajasthan,2026-03-17,7.8,74.8,7.2,,No,"Indian home-care observation | Sanjay Kumar | Jaipur, Rajasthan | Source: mobile_app"
R03316,P016,Aishwarya Pillai,Kollam,Kerala,2026-03-20,7.4,88.1,8.8,2.2,No,"Indian home-care observation | Aishwarya Pillai | Kollam, Kerala | Source: tablet_kiosk"
R03317,P031,Ashok Yadav,Kanpur,Uttar Pradesh,2026-03-21,8.2,61.2,7.9,2.9,No,"Indian home-care observation | Ashok Yadav | Kanpur, Uttar Pradesh | Source: nan"
R03318,P006,Meena Krishnan,Coimbatore,Tamil Nadu,2026-03-27,6.8,86.4,7.2,4.1,No,"Indian home-care observation | Meena Krishnan | Coimbatore, Tamil Nadu | Source: phone_checkin"
R03319,P011,Rohan Das,Kolkata,West Bengal,2026-03-24,6.5,70.2,7.4,2.0,No,"Indian home-care observation | Rohan Das | Kolkata, West Bengal | Source: wearable_sync"
R03320,P028,Swathi Rao,Visakhapatnam,Andhra Pradesh,2026-03-24,7.4,81.5,6.9,2.4,No,"Indian home-care observation | Swathi Rao | Visakhapatnam, Andhra Pradesh | Source: mobile_app"
R03321,P024,Neha Kapoor,New Delhi,Delhi,2026-04-09,7.6,92.6,9.6,3.2,No,"Indian home-care observation | Neha Kapoor | New Delhi, Delhi | Source: phone_checkin"
R03322,P002,Priya Nair,Kochi,Kerala,2026-03-19,7.4,80.2,5.0,0.3,Yes,"Indian home-care observation | Priya Nair | Kochi, Kerala | Source: mobile_app"
R03323,P029,Gopal Krishnan,Madurai,Tamil Nadu,2026-03-25,7.3,75.9,7.3,2.5,No,"Indian home-care observation | Gopal Krishnan | Madurai, Tamil Nadu | Source: nan"
R03324,P013,Manoj Gupta,Lucknow,Uttar Pradesh,2026-03-25,8.2,82.8,6.5,3.2,No,"Indian home-care observation | Manoj Gupta | Lucknow, Uttar Pradesh | Source: wearable_sync"
R03325,P016,Aishwarya Pillai,Kollam,Kerala,2026-03-21,7.2,83.5,9.2,2.1,No,"Indian home-care observation | Aishwarya Pillai | Kollam, Kerala | Source: tablet_kiosk"
R03326,P009,Sanjay Kumar,Jaipur,Rajasthan,2026-03-18,7.4,74.0,7.5,,No,"Indian home-care observation | Sanjay Kumar | Jaipur, Rajasthan | Source: wearable_sync"
R03327,P027,Aditya Kulkarni,Nagpur,Maharashtra,2026-03-27,6.4,87.2,,3.0,No,"Indian home-care observation | Aditya Kulkarni | Nagpur, Maharashtra | Source: mobile_app"
R03328,P021,Ajay Menon,Kozhikode,Kerala,2026-03-31,6.3,,5.7,1.3,No,"Indian home-care observation | Ajay Menon | Kozhikode, Kerala | Source: tablet_kiosk"
R03329,P033,Ganesh Iyer,Chennai,Tamil Nadu,2026-03-30,7.6,80.1,6.9,2.4,No,"Indian home-care observation | Ganesh Iyer | Chennai, Tamil Nadu | Source: phone_checkin"
R03330,P021,Ajay Menon,Kozhikode,Kerala,2026-04-01,7.0,73.3,,3.3,No,"Indian home-care observation | Ajay Menon | Kozhikode, Kerala | Source: phone_checkin"
R03331,P009,Sanjay Kumar,Jaipur,Rajasthan,2026-03-19,7.7,77.5,6.6,2.2,No,"Indian home-care observation | Sanjay Kumar | Jaipur, Rajasthan | Source: mobile_app"
R03332,P006,Meena Krishnan,Coimbatore,Tamil Nadu,2026-03-28,5.9,83.0,6.4,2.4,No,"Indian home-care observation | Meena Krishnan | Coimbatore, Tamil Nadu | Source: wearable_sync"
R03333,P009,Sanjay Kumar,Jaipur,Rajasthan,2026-03-20,7.2,75.7,7.3,2.6,No,"Indian home-care observation | Sanjay Kumar | Jaipur, Rajasthan | Source: mobile_app"
R03334,P002,Priya Nair,Kochi,Kerala,2026-03-20,7.1,75.9,,0.9,No,"Indian home-care observation | Priya Nair | Kochi, Kerala | Source: nan"
R03335,P039,Imran Khan,Bhopal,Madhya Pradesh,2026-03-19,7.8,81.7,7.5,1.3,No,"Indian home-care observation | Imran Khan | Bhopal, Madhya Pradesh | Source: tablet_kiosk"
R03336,P017,Naveen Kumar,Mysuru,Karnataka,2026-03-24,7.8,,,1.9,Yes,"Indian home-care observation | Naveen Kumar | Mysuru, Karnataka | Source: mobile_app"
R03337,P034,Madhuri Naik,Panaji,Goa,2026-03-12,8.5,91.3,6.4,1.8,No,"Indian home-care observation | Madhuri Naik | Panaji, Goa | Source: phone_checkin"
R03338,P011,Rohan Das,Kolkata,West Bengal,2026-03-25,6.3,73.2,6.0,,Yes,"Indian home-care observation | Rohan Das | Kolkata, West Bengal | Source: phone_checkin"
R03339,P029,Gopal Krishnan,Madurai,Tamil Nadu,2026-03-26,7.8,82.1,7.3,2.4,No,"Indian home-care observation | Gopal Krishnan | Madurai, Tamil Nadu | Source: wearable_sync"
R03340,P032,Bhavana R,Bengaluru,Karnataka,2026-03-30,9.0,97.6,9.1,4.3,No,"Indian home-care observation | Bhavana R | Bengaluru, Karnataka | Source: tablet_kiosk"
R03341,P031,Ashok Yadav,Kanpur,Uttar Pradesh,2026-03-22,8.2,57.4,6.3,1.7,No,"Indian home-care observation | Ashok Yadav | Kanpur, Uttar Pradesh | Source: mobile_app"
R03342,P017,Naveen Kumar,Mysuru,Karnataka,2026-03-25,,71.6,5.5,2.3,No,"Indian home-care observation | Naveen Kumar | Mysuru, Karnataka | Source: mobile_app"
R03343,P021,Ajay Menon,Kozhikode,Kerala,2026-04-02,,76.4,,2.9,No,"Indian home-care observation | Ajay Menon | Kozhikode, Kerala | Source: mobile_app"
R03344,P022,Shreya Das,Bhubaneswar,Odisha,2026-03-14,7.7,79.3,4.7,2.4,No,"Indian home-care observation | Shreya Das | Bhubaneswar, Odisha | Source: phone_checkin"
R03345,P021,Ajay Menon,Kozhikode,Kerala,2026-04-03,5.8,94.1,,2.4,No,"Indian home-care observation | Ajay Menon | Kozhikode, Kerala | Source: nan"
R03346,P034,Madhuri Naik,Panaji,Goa,2026-03-13,7.2,91.1,4.9,,No,"Indian home-care observation | Madhuri Naik | Panaji, Goa | Source: phone_checkin"
R03347,P030,Nandini Shetty,Mangaluru,Karnataka,2026-03-26,6.4,67.0,,1.6,No,"Indian home-care observation | Nandini Shetty | Mangaluru, Karnataka | Source: phone_checkin"
R03348,P027,Aditya Kulkarni,Nagpur,Maharashtra,2026-03-28,7.0,80.1,8.5,2.4,No,"Indian home-care observation | Aditya Kulkarni | Nagpur, Maharashtra | Source: mobile_app"
R03349,P039,Imran Khan,Bhopal,Madhya Pradesh,2026-03-20,7.7,75.7,7.6,1.4,No,"Indian home-care observation | Imran Khan | Bhopal, Madhya Pradesh | Source: tablet_kiosk"
R03350,P027,Aditya Kulkarni,Nagpur,Maharashtra,2026-03-29,6.2,81.1,8.7,2.3,No,"Indian home-care observation | Aditya Kulkarni | Nagpur, Maharashtra | Source: tablet_kiosk"
R03351,P038,Janani Murugan,Erode,Tamil Nadu,2026-03-22,8.0,80.3,9.2,2.1,No,"Indian home-care observation | Janani Murugan | Erode, Tamil Nadu | Source: tablet_kiosk"
R03352,P011,Rohan Das,Kolkata,West Bengal,2026-03-26,6.3,,6.5,1.7,Yes,"Indian home-care observation | Rohan Das | Kolkata, West Bengal | Source: wearable_sync"
R03353,P020,Pooja Shah,Surat,Gujarat,2026-03-21,5.5,73.6,4.9,1.9,Yes,"Indian home-care observation | Pooja Shah | Surat, Gujarat | Source: mobile_app"
R03354,P020,Pooja Shah,Surat,Gujarat,2026-03-22,6.1,77.4,5.6,1.1,No,"Indian home-care observation | Pooja Shah | Surat, Gujarat | Source: wearable_sync"
R03355,P004,Ananya Iyer,Bengaluru,Karnataka,2026-04-13,8.7,84.7,8.2,1.8,No,"Indian home-care observation | Ananya Iyer | Bengaluru, Karnataka | Source: phone_checkin"
R03356,P016,Aishwarya Pillai,Kollam,Kerala,2026-03-22,6.5,85.7,9.4,1.4,No,"Indian home-care observation | Aishwarya Pillai | Kollam, Kerala | Source: wearable_sync"
R03357,P014,Sneha Joshi,Pune,Maharashtra,2026-03-21,7.8,79.6,3.0,2.4,No,"Indian home-care observation | Sneha Joshi | Pune, Maharashtra | Source: wearable_sync"
R03358,P001,Arjun Mehta,Chennai,Tamil Nadu,2026-03-28,8.6,73.9,6.0,2.3,No,"Indian home-care observation | Arjun Mehta | Chennai, Tamil Nadu | Source: mobile_app"
R03359,P040,Deepa Thomas,Thrissur,Kerala,2026-03-25,4.8,75.3,3.7,0.1,No,"Indian home-care observation | Deepa Thomas | Thrissur, Kerala | Source: wearable_sync"
R03360,P019,Deepak Verma,Chandigarh,Chandigarh,2026-04-03,9.4,86.5,6.8,2.9,No,"Indian home-care observation | Deepak Verma | Chandigarh, Chandigarh | Source: phone_checkin"
R03361,P029,Gopal Krishnan,Madurai,Tamil Nadu,2026-03-27,7.0,82.6,7.0,1.9,No,"Indian home-care observation | Gopal Krishnan | Madurai, Tamil Nadu | Source: phone_checkin"
R03362,P038,Janani Murugan,Erode,Tamil Nadu,2026-03-23,7.0,73.2,5.8,0.8,No,"Indian home-care observation | Janani Murugan | Erode, Tamil Nadu | Source: phone_checkin"
R03363,P022,Shreya Das,Bhubaneswar,Odisha,2026-03-15,7.9,73.7,,1.6,No,"Indian home-care observation | Shreya Das | Bhubaneswar, Odisha | Source: mobile_app"
R03364,P040,Deepa Thomas,Thrissur,Kerala,2026-03-26,5.5,80.6,3.0,,Yes,"Indian home-care observation | Deepa Thomas | Thrissur, Kerala | Source: tablet_kiosk"
R03365,P011,Rohan Das,Kolkata,West Bengal,2026-03-27,6.7,73.8,5.6,3.3,No,"Indian home-care observation | Rohan Das | Kolkata, West Bengal | Source: tablet_kiosk"
R03366,P019,Deepak Verma,Chandigarh,Chandigarh,2026-04-04,7.5,79.8,7.0,2.1,No,"Indian home-care observation | Deepak Verma | Chandigarh, Chandigarh | Source: tablet_kiosk"
R03367,P005,Vikram Singh,Mumbai,Maharashtra,2026-03-29,9.3,80.4,,2.8,No,"Indian home-care observation | Vikram Singh | Mumbai, Maharashtra | Source: nan"
R03368,P017,Naveen Kumar,Mysuru,Karnataka,2026-03-26,8.1,76.6,6.4,2.5,No,"Indian home-care observation | Naveen Kumar | Mysuru, Karnataka | Source: mobile_app"
R03369,P025,Ravi Prasad,Patna,Bihar,2026-03-10,6.3,90.3,7.4,1.9,No,"Indian home-care observation | Ravi Prasad | Patna, Bihar | Source: phone_checkin"
R03370,P039,Imran Khan,Bhopal,Madhya Pradesh,2026-03-21,8.0,75.8,7.8,3.0,No,"Indian home-care observation | Imran Khan | Bhopal, Madhya Pradesh | Source: mobile_app"
R03371,P008,Lakshmi Rao,Vijayawada,Andhra Pradesh,2026-03-16,6.9,77.0,5.3,1.1,No,"Indian home-care observation | Lakshmi Rao | Vijayawada, Andhra Pradesh | Source: phone_checkin"
R03372,P019,Deepak Verma,Chandigarh,Chandigarh,2026-04-05,,73.9,8.6,2.3,No,"Indian home-care observation | Deepak Verma | Chandigarh, Chandigarh | Source: wearable_sync"
R03373,P037,Ramesh Chandran,Puducherry,Puducherry,2026-03-31,6.8,92.9,6.9,2.2,No,"Indian home-care observation | Ramesh Chandran | Puducherry, Puducherry | Source: tablet_kiosk"
R03374,P024,Neha Kapoor,New Delhi,Delhi,2026-04-10,,84.1,8.3,1.7,No,"Indian home-care observation | Neha Kapoor | New Delhi, Delhi | Source: wearable_sync"
R03375,P018,Harini Reddy,Warangal,Telangana,2026-03-27,7.8,80.3,6.4,2.9,No,"Indian home-care observation | Harini Reddy | Warangal, Telangana | Source: tablet_kiosk"
R03376,P016,Aishwarya Pillai,Kollam,Kerala,2026-03-23,6.9,85.9,9.2,2.4,No,"Indian home-care observation | Aishwarya Pillai | Kollam, Kerala | Source: phone_checkin"
R03377,P023,Mohan Raj,Salem,Tamil Nadu,2026-03-27,6.4,94.6,7.3,1.2,Yes,"Indian home-care observation | Mohan Raj | Salem, Tamil Nadu | Source: mobile_app"
R03378,P039,Imran Khan,Bhopal,Madhya Pradesh,2026-03-22,7.8,76.6,7.3,2.8,No,"Indian home-care observation | Imran Khan | Bhopal, Madhya Pradesh | Source: mobile_app"
R03379,P017,Naveen Kumar,Mysuru,Karnataka,2026-03-27,7.8,82.2,6.7,4.3,No,"Indian home-care observation | Naveen Kumar | Mysuru, Karnataka | Source: tablet_kiosk"
R03380,P016,Aishwarya Pillai,Kollam,Kerala,2026-03-24,7.1,87.4,8.8,,No,"Indian home-care observation | Aishwarya Pillai | Kollam, Kerala | Source: mobile_app"
R03381,P038,Janani Murugan,Erode,Tamil Nadu,2026-03-24,7.2,74.7,6.5,1.6,No,"Indian home-care observation | Janani Murugan | Erode, Tamil Nadu | Source: wearable_sync"
R03382,P008,Lakshmi Rao,Vijayawada,Andhra Pradesh,2026-03-17,7.9,71.6,,3.9,No,"Indian home-care observation | Lakshmi Rao | Vijayawada, Andhra Pradesh | Source: mobile_app"
R03383,P001,Arjun Mehta,Chennai,Tamil Nadu,2026-03-29,9.7,80.5,7.3,3.6,No,"Indian home-care observation | Arjun Mehta | Chennai, Tamil Nadu | Source: phone_checkin"
R03384,P034,Madhuri Naik,Panaji,Goa,2026-03-14,7.7,94.8,5.1,2.8,No,"Indian home-care observation | Madhuri Naik | Panaji, Goa | Source: wearable_sync"
R03385,P021,Ajay Menon,Kozhikode,Kerala,2026-04-04,7.6,83.4,6.2,1.7,No,"Indian home-care observation | Ajay Menon | Kozhikode, Kerala | Source: phone_checkin"
R03386,P034,Madhuri Naik,Panaji,Goa,2026-03-15,8.0,88.0,5.8,3.1,No,"Indian home-care observation | Madhuri Naik | Panaji, Goa | Source: tablet_kiosk"
R03387,P028,Swathi Rao,Visakhapatnam,Andhra Pradesh,2026-03-25,7.6,90.3,7.0,2.6,No,"Indian home-care observation | Swathi Rao | Visakhapatnam, Andhra Pradesh | Source: mobile_app"
R03388,P006,Meena Krishnan,Coimbatore,Tamil Nadu,2026-03-29,6.0,77.1,5.9,1.8,No,"Indian home-care observation | Meena Krishnan | Coimbatore, Tamil Nadu | Source: phone_checkin"
R03389,P009,Sanjay Kumar,Jaipur,Rajasthan,2026-03-21,7.6,78.1,6.6,3.4,No,"Indian home-care observation | Sanjay Kumar | Jaipur, Rajasthan | Source: mobile_app"
R03390,P011,Rohan Das,Kolkata,West Bengal,2026-03-28,6.1,78.7,6.1,2.6,No,"Indian home-care observation | Rohan Das | Kolkata, West Bengal | Source: mobile_app"
R03391,P001,Arjun Mehta,Chennai,Tamil Nadu,2026-03-30,8.7,71.9,7.3,2.4,No,"Indian home-care observation | Arjun Mehta | Chennai, Tamil Nadu | Source: wearable_sync"
R03392,P013,Manoj Gupta,Lucknow,Uttar Pradesh,2026-03-26,8.6,77.3,6.2,2.0,No,"Indian home-care observation | Manoj Gupta | Lucknow, Uttar Pradesh | Source: mobile_app"
R03393,P004,Ananya Iyer,Bengaluru,Karnataka,2026-04-14,8.0,74.2,6.1,2.6,No,"Indian home-care observation | Ananya Iyer | Bengaluru, Karnataka | Source: tablet_kiosk"
R03394,P008,Lakshmi Rao,Vijayawada,Andhra Pradesh,2026-03-18,6.2,79.2,6.9,,No,"Indian home-care observation | Lakshmi Rao | Vijayawada, Andhra Pradesh | Source: mobile_app"
R03395,P001,Arjun Mehta,Chennai,Tamil Nadu,2026-03-31,8.3,81.5,,2.3,No,"Indian home-care observation | Arjun Mehta | Chennai, Tamil Nadu | Source: mobile_app"
R03396,P007,Karthik Reddy,Hyderabad,Telangana,2026-03-23,9.5,92.7,7.6,3.2,No,"Indian home-care observation | Karthik Reddy | Hyderabad, Telangana | Source: tablet_kiosk"
R03397,P021,Ajay Menon,Kozhikode,Kerala,2026-04-05,7.6,87.4,7.1,3.1,No,"Indian home-care observation | Ajay Menon | Kozhikode, Kerala | Source: tablet_kiosk"
R03398,P019,Deepak Verma,Chandigarh,Chandigarh,2026-04-06,8.8,85.2,,1.3,No,"Indian home-care observation | Deepak Verma | Chandigarh, Chandigarh | Source: tablet_kiosk"
R03399,P023,Mohan Raj,Salem,Tamil Nadu,2026-03-28,6.4,97.2,6.3,,No,"Indian home-care observation | Mohan Raj | Salem, Tamil Nadu | Source: tablet_kiosk"
R03400,P004,Ananya Iyer,Bengaluru,Karnataka,2026-04-15,9.6,84.2,7.9,1.9,No,"Indian home-care observation | Ananya Iyer | Bengaluru, Karnataka | Source: wearable_sync"
R03401,P016,Aishwarya Pillai,Kollam,Kerala,2026-03-25,7.7,86.4,9.8,2.8,No,"Indian home-care observation | Aishwarya Pillai | Kollam, Kerala | Source: wearable_sync"
R03402,P021,Ajay Menon,Kozhikode,Kerala,2026-04-06,,92.9,,2.9,No,"Indian home-care observation | Ajay Menon | Kozhikode, Kerala | Source: phone_checkin"
R03403,P009,Sanjay Kumar,Jaipur,Rajasthan,2026-03-22,8.1,79.9,,3.1,No,"Indian home-care observation | Sanjay Kumar | Jaipur, Rajasthan | Source: phone_checkin"
R03404,P012,Kavya Menon,Thiruvananthapuram,Kerala,2026-03-15,6.7,,7.2,3.5,No,"Indian home-care observation | Kavya Menon | Thiruvananthapuram, Kerala | Source: tablet_kiosk"
R03405,P029,Gopal Krishnan,Madurai,Tamil Nadu,2026-03-28,7.2,,7.1,3.0,No,"Indian home-care observation | Gopal Krishnan | Madurai, Tamil Nadu | Source: tablet_kiosk"
R03406,P026,Keerthana S,Tiruchirappalli,Tamil Nadu,2026-03-28,7.2,81.1,5.5,2.1,No,"Indian home-care observation | Keerthana S | Tiruchirappalli, Tamil Nadu | Source: phone_checkin"
R03407,P003,Rahul Sharma,Delhi,Delhi,2026-03-13,7.4,77.2,,1.9,No,"Indian home-care observation | Rahul Sharma | Delhi, Delhi | Source: mobile_app"
R03408,P007,Karthik Reddy,Hyderabad,Telangana,2026-03-24,,85.6,7.9,1.7,No,"Indian home-care observation | Karthik Reddy | Hyderabad, Telangana | Source: phone_checkin"
R03409,P001,Arjun Mehta,Chennai,Tamil Nadu,2026-04-01,6.5,71.7,8.5,2.9,No,"Indian home-care observation | Arjun Mehta | Chennai, Tamil Nadu | Source: phone_checkin"
R03410,P030,Nandini Shetty,Mangaluru,Karnataka,2026-03-27,,70.8,4.3,1.9,No,"Indian home-care observation | Nandini Shetty | Mangaluru, Karnataka | Source: phone_checkin"
R03411,P013,Manoj Gupta,Lucknow,Uttar Pradesh,2026-03-27,8.1,83.9,6.1,1.2,No,"Indian home-care observation | Manoj Gupta | Lucknow, Uttar Pradesh | Source: mobile_app"
R03412,P032,Bhavana R,Bengaluru,Karnataka,2026-03-31,7.2,97.1,8.8,0.7,No,"Indian home-care observation | Bhavana R | Bengaluru, Karnataka | Source: phone_checkin"
R03413,P015,Suresh Babu,Madurai,Tamil Nadu,2026-03-30,9.3,75.7,6.5,1.9,No,"Indian home-care observation | Suresh Babu | Madurai, Tamil Nadu | Source: nan"
R03414,P008,Lakshmi Rao,Vijayawada,Andhra Pradesh,2026-03-19,7.0,85.5,,2.1,No,"Indian home-care observation | Lakshmi Rao | Vijayawada, Andhra Pradesh | Source: wearable_sync"
R03415,P030,Nandini Shetty,Mangaluru,Karnataka,2026-03-28,5.7,60.8,1.6,0.1,No,"Indian home-care observation | Nandini Shetty | Mangaluru, Karnataka | Source: phone_checkin"
R03416,P006,Meena Krishnan,Coimbatore,Tamil Nadu,2026-03-30,7.7,97.3,7.1,1.9,No,"Indian home-care observation | Meena Krishnan | Coimbatore, Tamil Nadu | Source: nan"
R03417,P005,Vikram Singh,Mumbai,Maharashtra,2026-03-30,9.0,81.4,8.4,2.4,No,"Indian home-care observation | Vikram Singh | Mumbai, Maharashtra | Source: tablet_kiosk"
R03418,P033,Ganesh Iyer,Chennai,Tamil Nadu,2026-03-31,7.7,78.5,5.8,1.6,No,"Indian home-care observation | Ganesh Iyer | Chennai, Tamil Nadu | Source: tablet_kiosk"
R03419,P018,Harini Reddy,Warangal,Telangana,2026-03-28,7.7,75.0,6.2,2.9,No,"Indian home-care observation | Harini Reddy | Warangal, Telangana | Source: phone_checkin"
R03420,P032,Bhavana R,Bengaluru,Karnataka,2026-04-01,8.6,96.6,9.5,3.5,No,"Indian home-care observation | Bhavana R | Bengaluru, Karnataka | Source: tablet_kiosk"
R03421,P002,Priya Nair,Kochi,Kerala,2026-03-21,8.4,71.6,5.7,1.6,No,"Indian home-care observation | Priya Nair | Kochi, Kerala | Source: tablet_kiosk"
R03422,P026,Keerthana S,Tiruchirappalli,Tamil Nadu,2026-03-29,6.3,84.8,,1.9,No,"Indian home-care observation | Keerthana S | Tiruchirappalli, Tamil Nadu | Source: tablet_kiosk"
R03423,P019,Deepak Verma,Chandigarh,Chandigarh,2026-04-07,9.1,73.3,6.6,2.5,No,"Indian home-care observation | Deepak Verma | Chandigarh, Chandigarh | Source: mobile_app"
R03424,P035,Prakash Patil,Nashik,Maharashtra,2026-04-10,6.5,67.5,6.0,0.2,No,"Indian home-care observation | Prakash Patil | Nashik, Maharashtra | Source: mobile_app"
R03425,P030,Nandini Shetty,Mangaluru,Karnataka,2026-03-29,7.2,64.8,3.5,0.4,No,"Indian home-care observation | Nandini Shetty | Mangaluru, Karnataka | Source: tablet_kiosk"
R03426,P022,Shreya Das,Bhubaneswar,Odisha,2026-03-16,8.6,74.4,4.0,2.1,No,"Indian home-care observation | Shreya Das | Bhubaneswar, Odisha | Source: phone_checkin"
R03427,P012,Kavya Menon,Thiruvananthapuram,Kerala,2026-03-16,7.5,95.9,9.1,4.2,No,"Indian home-care observation | Kavya Menon | Thiruvananthapuram, Kerala | Source: nan"
R03428,P014,Sneha Joshi,Pune,Maharashtra,2026-03-22,9.1,86.3,5.6,3.4,No,"Indian home-care observation | Sneha Joshi | Pune, Maharashtra | Source: phone_checkin"
R03429,P019,Deepak Verma,Chandigarh,Chandigarh,2026-04-08,9.3,78.8,6.9,3.1,No,"Indian home-care observation | Deepak Verma | Chandigarh, Chandigarh | Source: wearable_sync"
R03430,P029,Gopal Krishnan,Madurai,Tamil Nadu,2026-03-29,7.1,85.4,6.0,1.9,No,"Indian home-care observation | Gopal Krishnan | Madurai, Tamil Nadu | Source: tablet_kiosk"
R03431,P019,Deepak Verma,Chandigarh,Chandigarh,2026-04-09,7.3,64.3,7.3,2.1,No,"Indian home-care observation | Deepak Verma | Chandigarh, Chandigarh | Source: mobile_app"
R03432,P033,Ganesh Iyer,Chennai,Tamil Nadu,2026-04-01,6.9,81.5,6.5,2.9,No,"Indian home-care observation | Ganesh Iyer | Chennai, Tamil Nadu | Source: wearable_sync"
R03433,P032,Bhavana R,Bengaluru,Karnataka,2026-04-02,8.2,94.2,9.3,3.3,No,"Indian home-care observation | Bhavana R | Bengaluru, Karnataka | Source: mobile_app"
R03434,P014,Sneha Joshi,Pune,Maharashtra,2026-03-23,8.9,80.0,5.8,4.0,No,"Indian home-care observation | Sneha Joshi | Pune, Maharashtra | Source: mobile_app"
R03435,P024,Neha Kapoor,New Delhi,Delhi,2026-04-11,6.4,97.8,6.8,2.3,No,"Indian home-care observation | Neha Kapoor | New Delhi, Delhi | Source: wearable_sync"
R03436,P022,Shreya Das,Bhubaneswar,Odisha,2026-03-17,7.8,79.4,,2.7,No,"Indian home-care observation | Shreya Das | Bhubaneswar, Odisha | Source: phone_checkin"
R03437,P026,Keerthana S,Tiruchirappalli,Tamil Nadu,2026-03-30,6.8,87.9,5.6,2.8,No,"Indian home-care observation | Keerthana S | Tiruchirappalli, Tamil Nadu | Source: mobile_app"
R03438,P016,Aishwarya Pillai,Kollam,Kerala,2026-03-26,7.0,83.4,,3.3,No,"Indian home-care observation | Aishwarya Pillai | Kollam, Kerala | Source: phone_checkin"
R03439,P019,Deepak Verma,Chandigarh,Chandigarh,2026-04-10,,75.0,8.5,2.5,No,"Indian home-care observation | Deepak Verma | Chandigarh, Chandigarh | Source: wearable_sync"
R03440,P001,Arjun Mehta,Chennai,Tamil Nadu,2026-04-02,7.6,69.4,7.6,1.4,No,"Indian home-care observation | Arjun Mehta | Chennai, Tamil Nadu | Source: phone_checkin"
R03441,P029,Gopal Krishnan,Madurai,Tamil Nadu,2026-03-30,7.5,75.7,6.2,2.4,Yes,"Indian home-care observation | Gopal Krishnan | Madurai, Tamil Nadu | Source: phone_checkin"
R03442,P040,Deepa Thomas,Thrissur,Kerala,2026-03-27,6.2,93.8,5.6,3.4,No,"Indian home-care observation | Deepa Thomas | Thrissur, Kerala | Source: phone_checkin"
R03443,P009,Sanjay Kumar,Jaipur,Rajasthan,2026-03-23,7.8,76.0,7.2,1.9,No,"Indian home-care observation | Sanjay Kumar | Jaipur, Rajasthan | Source: mobile_app"
R03444,P021,Ajay Menon,Kozhikode,Kerala,2026-04-07,7.0,,6.3,3.9,No,"Indian home-care observation | Ajay Menon | Kozhikode, Kerala | Source: tablet_kiosk"
R03445,P026,Keerthana S,Tiruchirappalli,Tamil Nadu,2026-03-31,6.5,76.9,5.8,2.7,No,"Indian home-care observation | Keerthana S | Tiruchirappalli, Tamil Nadu | Source: mobile_app"
R03446,P014,Sneha Joshi,Pune,Maharashtra,2026-03-24,8.2,79.8,3.9,4.6,No,"Indian home-care observation | Sneha Joshi | Pune, Maharashtra | Source: wearable_sync"
R03447,P004,Ananya Iyer,Bengaluru,Karnataka,2026-04-16,7.0,70.6,6.5,3.9,No,"Indian home-care observation | Ananya Iyer | Bengaluru, Karnataka | Source: mobile_app"
R03448,P032,Bhavana R,Bengaluru,Karnataka,2026-04-03,7.8,95.2,8.6,3.3,No,"Indian home-care observation | Bhavana R | Bengaluru, Karnataka | Source: wearable_sync"
R03449,P031,Ashok Yadav,Kanpur,Uttar Pradesh,2026-03-23,7.8,55.5,6.7,1.9,No,"Indian home-care observation | Ashok Yadav | Kanpur, Uttar Pradesh | Source: wearable_sync"
R03450,P012,Kavya Menon,Thiruvananthapuram,Kerala,2026-03-17,6.6,88.8,7.8,2.2,No,"Indian home-care observation | Kavya Menon | Thiruvananthapuram, Kerala | Source: phone_checkin"
R03451,P028,Swathi Rao,Visakhapatnam,Andhra Pradesh,2026-03-26,7.4,82.5,6.8,2.8,No,"Indian home-care observation | Swathi Rao | Visakhapatnam, Andhra Pradesh | Source: mobile_app"
R03452,P012,Kavya Menon,Thiruvananthapuram,Kerala,2026-03-18,6.5,86.9,7.9,,No,"Indian home-care observation | Kavya Menon | Thiruvananthapuram, Kerala | Source: wearable_sync"
R03453,P031,Ashok Yadav,Kanpur,Uttar Pradesh,2026-03-24,8.4,,7.2,0.6,Yes,"Indian home-care observation | Ashok Yadav | Kanpur, Uttar Pradesh | Source: tablet_kiosk"
R03454,P029,Gopal Krishnan,Madurai,Tamil Nadu,2026-03-31,7.0,89.4,6.8,1.1,No,"Indian home-care observation | Gopal Krishnan | Madurai, Tamil Nadu | Source: mobile_app"
R03455,P034,Madhuri Naik,Panaji,Goa,2026-03-16,7.8,85.7,4.8,2.4,No,"Indian home-care observation | Madhuri Naik | Panaji, Goa | Source: mobile_app"
R03456,P034,Madhuri Naik,Panaji,Goa,2026-03-17,8.5,88.8,5.8,3.2,No,"Indian home-care observation | Madhuri Naik | Panaji, Goa | Source: wearable_sync"
R03457,P037,Ramesh Chandran,Puducherry,Puducherry,2026-04-01,6.7,85.8,7.5,1.9,No,"Indian home-care observation | Ramesh Chandran | Puducherry, Puducherry | Source: tablet_kiosk"
R03458,P022,Shreya Das,Bhubaneswar,Odisha,2026-03-18,8.0,75.7,4.3,1.6,No,"Indian home-care observation | Shreya Das | Bhubaneswar, Odisha | Source: tablet_kiosk"
R03459,P026,Keerthana S,Tiruchirappalli,Tamil Nadu,2026-04-01,7.2,82.6,5.5,3.8,No,"Indian home-care observation | Keerthana S | Tiruchirappalli, Tamil Nadu | Source: wearable_sync"
R03460,P007,Karthik Reddy,Hyderabad,Telangana,2026-03-25,7.8,91.4,8.2,2.5,No,"Indian home-care observation | Karthik Reddy | Hyderabad, Telangana | Source: WEARABLE_SYNC"
R03461,P021,Ajay Menon,Kozhikode,Kerala,2026-04-08,6.4,76.7,5.7,2.7,Yes,"Indian home-care observation | Ajay Menon | Kozhikode, Kerala | Source: tablet_kiosk"
R03462,P022,Shreya Das,Bhubaneswar,Odisha,2026-03-19,7.5,75.8,4.8,,No,"Indian home-care observation | Shreya Das | Bhubaneswar, Odisha | Source: wearable_sync"
R03463,P037,Ramesh Chandran,Puducherry,Puducherry,2026-04-02,7.4,87.0,8.2,2.5,No,"Indian home-care observation | Ramesh Chandran | Puducherry, Puducherry | Source: tablet_kiosk"
R03464,P012,Kavya Menon,Thiruvananthapuram,Kerala,2026-03-19,6.0,92.7,8.4,3.4,No,"Indian home-care observation | Kavya Menon | Thiruvananthapuram, Kerala | Source: nan"
R03465,P028,Swathi Rao,Visakhapatnam,Andhra Pradesh,2026-03-27,7.4,79.5,6.6,3.7,No,"Indian home-care observation | Swathi Rao | Visakhapatnam, Andhra Pradesh | Source: phone_checkin"
R03466,P001,Arjun Mehta,Chennai,Tamil Nadu,2026-04-03,7.4,78.6,8.4,1.6,No,"Indian home-care observation | Arjun Mehta | Chennai, Tamil Nadu | Source: mobile_app"
R03467,P001,Arjun Mehta,Chennai,Tamil Nadu,2026-04-04,7.5,76.8,5.5,0.6,No,"Indian home-care observation | Arjun Mehta | Chennai, Tamil Nadu | Source: phone_checkin"
R03468,P029,Gopal Krishnan,Madurai,Tamil Nadu,2026-04-01,7.3,91.9,7.4,,No,"Indian home-care observation | Gopal Krishnan | Madurai, Tamil Nadu | Source: phone_checkin"
R03469,P031,Ashok Yadav,Kanpur,Uttar Pradesh,2026-03-25,6.8,58.5,,0.2,No,"Indian home-care observation | Ashok Yadav | Kanpur, Uttar Pradesh | Source: mobile_app"
R03470,P010,Divya Patel,Ahmedabad,Gujarat,2026-03-24,6.0,65.7,6.5,,No,"Indian home-care observation | Divya Patel | Ahmedabad, Gujarat | Source: mobile_app"
R03471,P010,Divya Patel,Ahmedabad,Gujarat,2026-03-25,6.1,60.3,6.5,2.8,No,"Indian home-care observation | Divya Patel | Ahmedabad, Gujarat | Source: tablet_kiosk"
R03472,P005,Vikram Singh,Mumbai,Maharashtra,2026-03-31,9.0,80.8,8.2,2.2,No,"Indian home-care observation | Vikram Singh | Mumbai, Maharashtra | Source: tablet_kiosk"
R03473,P014,Sneha Joshi,Pune,Maharashtra,2026-03-25,6.7,76.3,,0.8,Yes,"Indian home-care observation | Sneha Joshi | Pune, Maharashtra | Source: phone_checkin"
R03474,P040,Deepa Thomas,Thrissur,Kerala,2026-03-28,,87.0,5.4,1.4,No,"Indian home-care observation | Deepa Thomas | Thrissur, Kerala | Source: mobile_app"
R03475,P035,Prakash Patil,Nashik,Maharashtra,2026-04-11,6.0,,,1.4,No,"Indian home-care observation | Prakash Patil | Nashik, Maharashtra | Source: phone_checkin"
R03476,P013,Manoj Gupta,Lucknow,Uttar Pradesh,2026-03-28,7.9,83.8,6.7,2.2,No,"Indian home-care observation | Manoj Gupta | Lucknow, Uttar Pradesh | Source: phone_checkin"
R03477,P030,Nandini Shetty,Mangaluru,Karnataka,2026-03-30,6.5,61.4,1.5,0.7,No,"Indian home-care observation | Nandini Shetty | Mangaluru, Karnataka | Source: mobile_app"
R03478,P010,Divya Patel,Ahmedabad,Gujarat,2026-03-26,5.8,60.3,6.8,2.3,No,"Indian home-care observation | Divya Patel | Ahmedabad, Gujarat | Source: mobile_app"
R03479,P010,Divya Patel,Ahmedabad,Gujarat,2026-03-27,5.9,64.7,7.0,2.5,No,"Indian home-care observation | Divya Patel | Ahmedabad, Gujarat | Source: tablet_kiosk"
R03480,P006,Meena Krishnan,Coimbatore,Tamil Nadu,2026-03-31,5.6,84.3,6.7,1.9,No,"Indian home-care observation | Meena Krishnan | Coimbatore, Tamil Nadu | Source: mobile_app"
R03481,P006,Meena Krishnan,Coimbatore,Tamil Nadu,2026-04-01,6.1,91.5,6.4,2.0,No,"Indian home-care observation | Meena Krishnan | Coimbatore, Tamil Nadu | Source: phone_checkin"
R03482,P006,Meena Krishnan,Coimbatore,Tamil Nadu,2026-04-02,,83.2,,1.2,Yes,"Indian home-care observation | Meena Krishnan | Coimbatore, Tamil Nadu | Source: wearable_sync"
R03483,P028,Swathi Rao,Visakhapatnam,Andhra Pradesh,2026-03-28,6.8,80.2,7.4,,No,"Indian home-care observation | Swathi Rao | Visakhapatnam, Andhra Pradesh | Source: mobile_app"
R03484,P022,Shreya Das,Bhubaneswar,Odisha,2026-03-20,8.5,64.0,3.9,3.1,No,"Indian home-care observation | Shreya Das | Bhubaneswar, Odisha | Source: wearable_sync"
R03485,P024,Neha Kapoor,New Delhi,Delhi,2026-04-12,8.1,,4.5,3.2,No,"Indian home-care observation | Neha Kapoor | New Delhi, Delhi | Source: tablet_kiosk"
R03486,P010,Divya Patel,Ahmedabad,Gujarat,2026-03-28,6.2,59.8,7.6,1.8,No,"Indian home-care observation | Divya Patel | Ahmedabad, Gujarat | Source: wearable_sync"
R03487,P024,Neha Kapoor,New Delhi,Delhi,2026-04-13,8.2,,7.3,2.2,No,"Indian home-care observation | Neha Kapoor | New Delhi, Delhi | Source: phone_checkin"
R03488,P014,Sneha Joshi,Pune,Maharashtra,2026-03-26,8.6,86.9,5.5,4.2,No,"Indian home-care observation | Sneha Joshi | Pune, Maharashtra | Source: nan"
R03489,P013,Manoj Gupta,Lucknow,Uttar Pradesh,2026-03-29,8.2,89.2,6.8,2.9,No,"Indian home-care observation | Manoj Gupta | Lucknow, Uttar Pradesh | Source: tablet_kiosk"
R03490,P023,Mohan Raj,Salem,Tamil Nadu,2026-03-29,6.5,90.4,6.6,2.8,No,"Indian home-care observation | Mohan Raj | Salem, Tamil Nadu | Source: wearable_sync"
R03491,P004,Ananya Iyer,Bengaluru,Karnataka,2026-04-17,9.1,80.4,7.6,3.1,No,"Indian home-care observation | Ananya Iyer | Bengaluru, Karnataka | Source: tablet_kiosk"
R03492,P008,Lakshmi Rao,Vijayawada,Andhra Pradesh,2026-03-20,5.7,67.3,5.8,2.9,No,"Indian home-care observation | Lakshmi Rao | Vijayawada, Andhra Pradesh | Source: mobile_app"
R03493,P027,Aditya Kulkarni,Nagpur,Maharashtra,2026-03-30,6.1,66.1,8.9,0.5,No,"Indian home-care observation | Aditya Kulkarni | Nagpur, Maharashtra | Source: phone_checkin"
R03494,P038,Janani Murugan,Erode,Tamil Nadu,2026-03-25,6.7,64.9,7.3,1.5,No,"Indian home-care observation | Janani Murugan | Erode, Tamil Nadu | Source: wearable_sync"
R03495,P007,Karthik Reddy,Hyderabad,Telangana,2026-03-26,7.8,78.4,,0.6,No,"Indian home-care observation | Karthik Reddy | Hyderabad, Telangana | Source: mobile_app"
R03496,P040,Deepa Thomas,Thrissur,Kerala,2026-03-29,6.1,92.9,5.7,0.9,No,"Indian home-care observation | Deepa Thomas | Thrissur, Kerala | Source: wearable_sync"
R03497,P040,Deepa Thomas,Thrissur,Kerala,2026-03-30,7.0,97.5,6.3,1.9,No,"Indian home-care observation | Deepa Thomas | Thrissur, Kerala | Source: tablet_kiosk"
R03498,P006,Meena Krishnan,Coimbatore,Tamil Nadu,2026-04-03,7.0,82.6,,2.5,No,"Indian home-care observation | Meena Krishnan | Coimbatore, Tamil Nadu | Source: phone_checkin"
R03499,P035,Prakash Patil,Nashik,Maharashtra,2026-04-12,6.6,70.5,7.3,2.7,No,"Indian home-care observation | Prakash Patil | Nashik, Maharashtra | Source: wearable_sync"
R03500,P024,Neha Kapoor,New Delhi,Delhi,2026-04-14,6.7,77.1,8.8,2.4,No,"Indian home-care observation | Neha Kapoor | New Delhi, Delhi | Source: wearable_sync"
R03501,P022,Shreya Das,Bhubaneswar,Odisha,2026-03-21,,74.8,4.2,1.4,No,"Indian home-care observation | Shreya Das | Bhubaneswar, Odisha | Source: nan | Missing mobility test case"
R03502,P031,Ashok Yadav,Kanpur,Uttar Pradesh,2026-03-26,6.8,54.1,6.2,2.1,No,"Indian home-care observation | Ashok Yadav | Kanpur, Uttar Pradesh | Source: mobile_app"
R03503,P021,Ajay Menon,Kozhikode,Kerala,2026-04-09,7.5,85.1,6.5,5.2,No,"Indian home-care observation | Ajay Menon | Kozhikode, Kerala | Source: tablet_kiosk"
R03504,P004,Ananya Iyer,Bengaluru,Karnataka,2026-04-18,7.3,66.0,,1.6,No,"Indian home-care observation | Ananya Iyer | Bengaluru, Karnataka | Source: tablet_kiosk"
R03505,P029,Gopal Krishnan,Madurai,Tamil Nadu,2026-04-02,7.3,86.4,6.8,2.1,No,"Indian home-care observation | Gopal Krishnan | Madurai, Tamil Nadu | Source: wearable_sync"
R03506,P002,Priya Nair,Kochi,Kerala,2026-03-22,8.2,72.4,5.9,3.1,No,"Indian home-care observation | Priya Nair | Kochi, Kerala | Source: tablet_kiosk"
R03507,P028,Swathi Rao,Visakhapatnam,Andhra Pradesh,2026-03-29,7.4,91.4,7.4,2.6,No,"Indian home-care observation | Swathi Rao | Visakhapatnam, Andhra Pradesh | Source: tablet_kiosk"
R03508,P040,Deepa Thomas,Thrissur,Kerala,2026-03-31,6.8,94.0,,2.4,No,"Indian home-care observation | Deepa Thomas | Thrissur, Kerala | Source: mobile_app"
R03509,P020,Pooja Shah,Surat,Gujarat,2026-03-23,,70.0,5.2,0.6,No,"Indian home-care observation | Pooja Shah | Surat, Gujarat | Source: tablet_kiosk"
R03510,P018,Harini Reddy,Warangal,Telangana,2026-03-29,6.8,82.0,7.2,3.3,No,"Indian home-care observation | Harini Reddy | Warangal, Telangana | Source: tablet_kiosk"
R03511,P017,Naveen Kumar,Mysuru,Karnataka,2026-03-28,8.4,73.1,6.9,2.2,No,"Indian home-care observation | Naveen Kumar | Mysuru, Karnataka | Source: wearable_sync"
R03512,P030,Nandini Shetty,Mangaluru,Karnataka,2026-03-31,6.8,57.9,,0.5,No,"Indian home-care observation | Nandini Shetty | Mangaluru, Karnataka | Source: mobile_app"
R03513,P015,Suresh Babu,Madurai,Tamil Nadu,2026-03-31,10.0,68.3,7.4,1.9,No,"Indian home-care observation | Suresh Babu | Madurai, Tamil Nadu | Source: wearable_sync"
R03514,P024,Neha Kapoor,New Delhi,Delhi,2026-04-15,7.3,83.8,,2.1,No,"Indian home-care observation | Neha Kapoor | New Delhi, Delhi | Source: tablet_kiosk"
R03515,P021,Ajay Menon,Kozhikode,Kerala,2026-04-10,8.1,83.1,6.1,2.2,No,"Indian home-care observation | Ajay Menon | Kozhikode, Kerala | Source: tablet_kiosk"
R03516,P010,Divya Patel,Ahmedabad,Gujarat,2026-03-29,6.2,68.9,6.9,,No,"Indian home-care observation | Divya Patel | Ahmedabad, Gujarat | Source: phone_checkin"
R03517,P029,Gopal Krishnan,Madurai,Tamil Nadu,2026-04-03,7.7,,6.5,3.3,No,"Indian home-care observation | Gopal Krishnan | Madurai, Tamil Nadu | Source: phone_checkin"
R03518,P035,Prakash Patil,Nashik,Maharashtra,2026-04-13,6.3,71.0,5.6,2.3,No,"Indian home-care observation | Prakash Patil | Nashik, Maharashtra | Source: tablet_kiosk"
R03519,P027,Aditya Kulkarni,Nagpur,Maharashtra,2026-03-31,6.4,73.4,9.2,3.7,No,"Indian home-care observation | Aditya Kulkarni | Nagpur, Maharashtra | Source: tablet_kiosk"
R03520,P033,Ganesh Iyer,Chennai,Tamil Nadu,2026-04-02,7.8,83.8,6.4,2.8,Yes,"Indian home-care observation | Ganesh Iyer | Chennai, Tamil Nadu | Source: PHONE_CHECKIN"
R03521,P034,Madhuri Naik,Panaji,Goa,2026-03-18,7.8,94.3,5.4,2.2,No,"Indian home-care observation | Madhuri Naik | Panaji, Goa | Source: tablet_kiosk"
R03522,P016,Aishwarya Pillai,Kollam,Kerala,2026-03-27,6.8,89.2,,1.8,No,"Indian home-care observation | Aishwarya Pillai | Kollam, Kerala | Source: phone_checkin"
R03523,P003,Rahul Sharma,Delhi,Delhi,2026-03-14,7.3,79.4,,2.3,No,"Indian home-care observation | Rahul Sharma | Delhi, Delhi | Source: mobile_app"
R03524,P037,Ramesh Chandran,Puducherry,Puducherry,2026-04-03,7.1,92.0,6.9,2.9,No,"Indian home-care observation | Ramesh Chandran | Puducherry, Puducherry | Source: phone_checkin"
R03525,P009,Sanjay Kumar,Jaipur,Rajasthan,2026-03-24,7.7,76.6,7.6,1.8,No,"Indian home-care observation | Sanjay Kumar | Jaipur, Rajasthan | Source: mobile_app"
R03526,P016,Aishwarya Pillai,Kollam,Kerala,2026-03-28,,80.3,9.1,2.4,No,"Indian home-care observation | Aishwarya Pillai | Kollam, Kerala | Source: wearable_sync"
R03527,P017,Naveen Kumar,Mysuru,Karnataka,2026-03-29,8.3,83.4,6.9,2.8,Yes,"Indian home-care observation | Naveen Kumar | Mysuru, Karnataka | Source: phone_checkin"
R03528,P025,Ravi Prasad,Patna,Bihar,2026-03-11,6.6,73.6,8.2,1.0,No,"Indian home-care observation | Ravi Prasad | Patna, Bihar | Source: mobile_app"
R03529,P025,Ravi Prasad,Patna,Bihar,2026-03-12,6.7,81.3,8.4,1.9,No,"Indian home-care observation | Ravi Prasad | Patna, Bihar | Source: mobile_app"
R03530,P031,Ashok Yadav,Kanpur,Uttar Pradesh,2026-03-27,7.9,62.9,,1.1,No,"Indian home-care observation | Ashok Yadav | Kanpur, Uttar Pradesh | Source: mobile_app"
R03531,P021,Ajay Menon,Kozhikode,Kerala,2026-04-11,6.0,,6.3,1.3,No,"Indian home-care observation | Ajay Menon | Kozhikode, Kerala | Source: phone_checkin"
R03532,P005,Vikram Singh,Mumbai,Maharashtra,2026-04-01,9.2,83.2,7.2,2.7,No,"Indian home-care observation | Vikram Singh | Mumbai, Maharashtra | Source: phone_checkin"
R03533,P028,Swathi Rao,Visakhapatnam,Andhra Pradesh,2026-03-30,7.4,81.5,6.9,2.4,No,"Indian home-care observation | Swathi Rao | Visakhapatnam, Andhra Pradesh | Source: mobile_app"
R03534,P028,Swathi Rao,Visakhapatnam,Andhra Pradesh,2026-03-31,7.2,81.4,6.1,2.2,No,"Indian home-care observation | Swathi Rao | Visakhapatnam, Andhra Pradesh | Source: wearable_sync"
R03535,P017,Naveen Kumar,Mysuru,Karnataka,2026-03-30,7.6,75.3,5.9,1.3,No,"Indian home-care observation | Naveen Kumar | Mysuru, Karnataka | Source: mobile_app"
R03536,P020,Pooja Shah,Surat,Gujarat,2026-03-24,7.1,79.8,6.6,1.7,No,"Indian home-care observation | Pooja Shah | Surat, Gujarat | Source: tablet_kiosk"
R03537,P001,Arjun Mehta,Chennai,Tamil Nadu,2026-04-05,,64.8,6.4,0.8,No,"Indian home-care observation | Arjun Mehta | Chennai, Tamil Nadu | Source: mobile_app"
R03538,P034,Madhuri Naik,Panaji,Goa,2026-03-19,7.9,94.5,4.9,2.8,No,"Indian home-care observation | Madhuri Naik | Panaji, Goa | Source: mobile_app"
R03539,P015,Suresh Babu,Madurai,Tamil Nadu,2026-04-01,10.0,75.0,7.1,1.9,No,"Indian home-care observation | Suresh Babu | Madurai, Tamil Nadu | Source: phone_checkin"
R03540,P003,Rahul Sharma,Delhi,Delhi,2026-03-15,7.8,89.6,8.8,1.8,No,"Indian home-care observation | Rahul Sharma | Delhi, Delhi | Source: wearable_sync"
R03541,P010,Divya Patel,Ahmedabad,Gujarat,2026-03-30,6.0,70.3,7.8,2.8,No,"Indian home-care observation | Divya Patel | Ahmedabad, Gujarat | Source: wearable_sync"
R03542,P010,Divya Patel,Ahmedabad,Gujarat,2026-03-31,7.4,68.9,7.5,3.2,No,"Indian home-care observation | Divya Patel | Ahmedabad, Gujarat | Source: phone_checkin"
R03543,P032,Bhavana R,Bengaluru,Karnataka,2026-04-04,8.5,95.0,8.8,2.5,No,"Indian home-care observation | Bhavana R | Bengaluru, Karnataka | Source: phone_checkin"
R03544,P034,Madhuri Naik,Panaji,Goa,2026-03-20,8.4,82.7,6.7,,No,"Indian home-care observation | Madhuri Naik | Panaji, Goa | Source: mobile_app"
R03545,P033,Ganesh Iyer,Chennai,Tamil Nadu,2026-04-03,7.4,81.8,7.3,2.3,No,"Indian home-care observation | Ganesh Iyer | Chennai, Tamil Nadu | Source: phone_checkin"
R03546,P038,Janani Murugan,Erode,Tamil Nadu,2026-03-26,7.0,77.0,7.1,,No,"Indian home-care observation | Janani Murugan | Erode, Tamil Nadu | Source: tablet_kiosk"
R03547,P020,Pooja Shah,Surat,Gujarat,2026-03-25,5.8,75.8,5.9,3.4,No,"Indian home-care observation | Pooja Shah | Surat, Gujarat | Source: tablet_kiosk"
R03548,P029,Gopal Krishnan,Madurai,Tamil Nadu,2026-04-04,7.0,,6.8,2.0,No,"Indian home-care observation | Gopal Krishnan | Madurai, Tamil Nadu | Source: phone_checkin"
R03549,P037,Ramesh Chandran,Puducherry,Puducherry,2026-04-04,6.4,86.3,7.9,2.9,No,"Indian home-care observation | Ramesh Chandran | Puducherry, Puducherry | Source: wearable_sync"
R03550,P012,Kavya Menon,Thiruvananthapuram,Kerala,2026-03-20,6.7,88.8,8.0,1.1,No,"Indian home-care observation | Kavya Menon | Thiruvananthapuram, Kerala | Source: tablet_kiosk"
R03551,P005,Vikram Singh,Mumbai,Maharashtra,2026-04-02,9.5,87.4,7.5,1.9,No,"Indian home-care observation | Vikram Singh | Mumbai, Maharashtra | Source: wearable_sync"
R03552,P008,Lakshmi Rao,Vijayawada,Andhra Pradesh,2026-03-21,6.9,79.8,,2.1,No,"Indian home-care observation | Lakshmi Rao | Vijayawada, Andhra Pradesh | Source: wearable_sync"
R03553,P007,Karthik Reddy,Hyderabad,Telangana,2026-03-27,8.2,87.9,6.3,2.9,No,"Indian home-care observation | Karthik Reddy | Hyderabad, Telangana | Source: tablet_kiosk"
R03554,P037,Ramesh Chandran,Puducherry,Puducherry,2026-04-05,7.4,89.7,7.1,3.2,No,"Indian home-care observation | Ramesh Chandran | Puducherry, Puducherry | Source: tablet_kiosk"
R03555,P023,Mohan Raj,Salem,Tamil Nadu,2026-03-30,6.6,100.0,5.6,1.1,Yes,"Indian home-care observation | Mohan Raj | Salem, Tamil Nadu | Source: wearable_sync"
R03556,P011,Rohan Das,Kolkata,West Bengal,2026-03-29,6.7,78.8,6.6,4.1,No,"Indian home-care observation | Rohan Das | Kolkata, West Bengal | Source: mobile_app"
R03557,P033,Ganesh Iyer,Chennai,Tamil Nadu,2026-04-04,7.5,78.3,,2.3,No,"Indian home-care observation | Ganesh Iyer | Chennai, Tamil Nadu | Source: tablet_kiosk"
R03558,P026,Keerthana S,Tiruchirappalli,Tamil Nadu,2026-04-02,7.6,86.1,5.5,3.1,No,"Indian home-care observation | Keerthana S | Tiruchirappalli, Tamil Nadu | Source: wearable_sync"
R03559,P013,Manoj Gupta,Lucknow,Uttar Pradesh,2026-03-30,8.1,,6.4,1.1,No,"Indian home-care observation | Manoj Gupta | Lucknow, Uttar Pradesh | Source: wearable_sync"
R03560,P032,Bhavana R,Bengaluru,Karnataka,2026-04-05,7.6,94.5,9.4,2.2,No,"Indian home-care observation | Bhavana R | Bengaluru, Karnataka | Source: tablet_kiosk"
R03561,P014,Sneha Joshi,Pune,Maharashtra,2026-03-27,9.8,79.5,6.0,3.3,No,"Indian home-care observation | Sneha Joshi | Pune, Maharashtra | Source: tablet_kiosk"
R03562,P007,Karthik Reddy,Hyderabad,Telangana,2026-03-28,8.0,78.3,6.7,3.2,No,"Indian home-care observation | Karthik Reddy | Hyderabad, Telangana | Source: wearable_sync"
R03563,P011,Rohan Das,Kolkata,West Bengal,2026-03-30,6.9,76.3,5.8,1.3,No,"Indian home-care observation | Rohan Das | Kolkata, West Bengal | Source: wearable_sync"
R03564,P033,Ganesh Iyer,Chennai,Tamil Nadu,2026-04-05,7.8,86.2,,3.4,No,"Indian home-care observation | Ganesh Iyer | Chennai, Tamil Nadu | Source: tablet_kiosk"
R03565,P009,Sanjay Kumar,Jaipur,Rajasthan,2026-03-25,7.8,74.6,6.9,1.5,No,"Indian home-care observation | Sanjay Kumar | Jaipur, Rajasthan | Source: tablet_kiosk"
R03566,P003,Rahul Sharma,Delhi,Delhi,2026-03-16,,72.9,7.5,3.1,No,"Indian home-care observation | Rahul Sharma | Delhi, Delhi | Source: tablet_kiosk"
R03567,P023,Mohan Raj,Salem,Tamil Nadu,2026-03-31,6.4,86.9,,2.6,No,"Indian home-care observation | Mohan Raj | Salem, Tamil Nadu | Source: phone_checkin"
R03568,P040,Deepa Thomas,Thrissur,Kerala,2026-04-01,6.1,82.3,6.0,,No,"Indian home-care observation | Deepa Thomas | Thrissur, Kerala | Source: phone_checkin"
R03569,P039,Imran Khan,Bhopal,Madhya Pradesh,2026-03-23,7.1,88.2,7.9,3.4,No,"Indian home-care observation | Imran Khan | Bhopal, Madhya Pradesh | Source: wearable_sync"
R03570,P023,Mohan Raj,Salem,Tamil Nadu,2026-04-01,7.3,,7.6,2.0,No,"Indian home-care observation | Mohan Raj | Salem, Tamil Nadu | Source: nan"
R03571,P031,Ashok Yadav,Kanpur,Uttar Pradesh,2026-03-28,,60.7,8.1,2.4,No,"Indian home-care observation | Ashok Yadav | Kanpur, Uttar Pradesh | Source: wearable_sync"
R03572,P022,Shreya Das,Bhubaneswar,Odisha,2026-03-22,8.9,74.4,4.8,2.1,No,"Indian home-care observation | Shreya Das | Bhubaneswar, Odisha | Source: tablet_kiosk"
R03573,P006,Meena Krishnan,Coimbatore,Tamil Nadu,2026-04-04,6.2,86.2,5.7,2.6,No,"Indian home-care observation | Meena Krishnan | Coimbatore, Tamil Nadu | Source: tablet_kiosk"
R03574,P031,Ashok Yadav,Kanpur,Uttar Pradesh,2026-03-29,6.4,53.1,6.0,0.7,No,"Indian home-care observation | Ashok Yadav | Kanpur, Uttar Pradesh | Source: mobile_app"
R03575,P010,Divya Patel,Ahmedabad,Gujarat,2026-04-01,6.3,64.6,7.0,3.7,No,"Indian home-care observation | Divya Patel | Ahmedabad, Gujarat | Source: wearable_sync"
R03576,P008,Lakshmi Rao,Vijayawada,Andhra Pradesh,2026-03-22,5.4,93.2,,2.7,No,"Indian home-care observation | Lakshmi Rao | Vijayawada, Andhra Pradesh | Source: phone_checkin"
R03577,P004,Ananya Iyer,Bengaluru,Karnataka,2026-04-19,10.0,67.5,,2.5,No,"Indian home-care observation | Ananya Iyer | Bengaluru, Karnataka | Source: tablet_kiosk"
R03578,P025,Ravi Prasad,Patna,Bihar,2026-03-13,5.5,84.3,8.7,1.8,No,"Indian home-care observation | Ravi Prasad | Patna, Bihar | Source: tablet_kiosk"
R03579,P037,Ramesh Chandran,Puducherry,Puducherry,2026-04-06,7.0,,,2.7,No,"Indian home-care observation | Ramesh Chandran | Puducherry, Puducherry | Source: tablet_kiosk"
R03580,P009,Sanjay Kumar,Jaipur,Rajasthan,2026-03-26,,79.2,,,No,"Indian home-care observation | Sanjay Kumar | Jaipur, Rajasthan | Source: phone_checkin"
R03581,P002,Priya Nair,Kochi,Kerala,2026-03-23,7.8,75.4,5.6,1.6,No,"Indian home-care observation | Priya Nair | Kochi, Kerala | Source: phone_checkin"
R03582,P008,Lakshmi Rao,Vijayawada,Andhra Pradesh,2026-03-23,8.0,78.3,5.2,1.8,No,"Indian home-care observation | Lakshmi Rao | Vijayawada, Andhra Pradesh | Source: mobile_app"
R03583,P008,Lakshmi Rao,Vijayawada,Andhra Pradesh,2026-03-24,,73.0,5.7,,No,"Indian home-care observation | Lakshmi Rao | Vijayawada, Andhra Pradesh | Source: tablet_kiosk"
R03584,P024,Neha Kapoor,New Delhi,Delhi,2026-04-16,6.0,79.1,6.9,3.4,No,"Indian home-care observation | Neha Kapoor | New Delhi, Delhi | Source: mobile_app"
R03585,P001,Arjun Mehta,Chennai,Tamil Nadu,2026-04-06,9.6,86.5,7.8,3.9,No,"Indian home-care observation | Arjun Mehta | Chennai, Tamil Nadu | Source: mobile_app"
R03586,P025,Ravi Prasad,Patna,Bihar,2026-03-14,7.3,88.3,9.3,4.9,No,"Indian home-care observation | Ravi Prasad | Patna, Bihar | Source: tablet_kiosk"
R03587,P039,Imran Khan,Bhopal,Madhya Pradesh,2026-03-24,7.7,77.1,8.5,2.6,No,"Indian home-care observation | Imran Khan | Bhopal, Madhya Pradesh | Source: phone_checkin"
R03588,P026,Keerthana S,Tiruchirappalli,Tamil Nadu,2026-04-03,7.1,,6.2,1.4,No,"Indian home-care observation | Keerthana S | Tiruchirappalli, Tamil Nadu | Source: mobile_app"
R03589,P017,Naveen Kumar,Mysuru,Karnataka,2026-03-31,7.5,81.1,,1.7,No,"Indian home-care observation | Naveen Kumar | Mysuru, Karnataka | Source: mobile_app"
R03590,P001,Arjun Mehta,Chennai,Tamil Nadu,2026-04-07,7.7,,8.2,2.5,No,"Indian home-care observation | Arjun Mehta | Chennai, Tamil Nadu | Source: phone_checkin"
R03591,P034,Madhuri Naik,Panaji,Goa,2026-03-21,7.7,84.3,5.4,2.2,No,"Indian home-care observation | Madhuri Naik | Panaji, Goa | Source: tablet_kiosk"
R03592,P023,Mohan Raj,Salem,Tamil Nadu,2026-04-02,,,5.7,3.9,No,"Indian home-care observation | Mohan Raj | Salem, Tamil Nadu | Source: mobile_app"
R03593,P006,Meena Krishnan,Coimbatore,Tamil Nadu,2026-04-05,7.1,90.1,6.7,3.1,No,"Indian home-care observation | Meena Krishnan | Coimbatore, Tamil Nadu | Source: nan"
R03594,P027,Aditya Kulkarni,Nagpur,Maharashtra,2026-04-01,,87.5,9.9,2.8,No,"Indian home-care observation | Aditya Kulkarni | Nagpur, Maharashtra | Source: tablet_kiosk"
R03595,P021,Ajay Menon,Kozhikode,Kerala,2026-04-12,7.2,87.6,6.2,3.4,No,"Indian home-care observation | Ajay Menon | Kozhikode, Kerala | Source: mobile_app"
R03596,P039,Imran Khan,Bhopal,Madhya Pradesh,2026-03-25,,72.0,7.7,3.1,No,"Indian home-care observation | Imran Khan | Bhopal, Madhya Pradesh | Source: mobile_app"
R03597,P019,Deepak Verma,Chandigarh,Chandigarh,2026-04-11,8.4,87.8,8.5,0.4,No,"Indian home-care observation | Deepak Verma | Chandigarh, Chandigarh | Source: tablet_kiosk"
R03598,P018,Harini Reddy,Warangal,Telangana,2026-03-30,8.0,80.9,7.6,2.7,No,"Indian home-care observation | Harini Reddy | Warangal, Telangana | Source: mobile_app"
R03599,P024,Neha Kapoor,New Delhi,Delhi,2026-04-17,7.8,,,2.2,No,"Indian home-care observation | Neha Kapoor | New Delhi, Delhi | Source: tablet_kiosk"
R03600,P003,Rahul Sharma,Delhi,Delhi,2026-03-17,7.5,77.4,7.4,2.7,No,"Indian home-care observation | Rahul Sharma | Delhi, Delhi | Source: wearable_sync"
R03601,P005,Vikram Singh,Mumbai,Maharashtra,2026-04-03,9.8,82.9,7.9,3.4,Yes,"Indian home-care observation | Vikram Singh | Mumbai, Maharashtra | Source: mobile_app"
R03602,P011,Rohan Das,Kolkata,West Bengal,2026-03-31,5.5,,6.5,2.7,No,"Indian home-care observation | Rohan Das | Kolkata, West Bengal | Source: mobile_app"
R03603,P008,Lakshmi Rao,Vijayawada,Andhra Pradesh,2026-03-25,5.6,70.4,5.6,1.0,No,"Indian home-care observation | Lakshmi Rao | Vijayawada, Andhra Pradesh | Source: wearable_sync"
R03604,P037,Ramesh Chandran,Puducherry,Puducherry,2026-04-07,7.7,85.4,6.9,2.1,No,"Indian home-care observation | Ramesh Chandran | Puducherry, Puducherry | Source: phone_checkin"
R03605,P004,Ananya Iyer,Bengaluru,Karnataka,2026-04-20,8.0,77.9,7.2,0.3,No,"Indian home-care observation | Ananya Iyer | Bengaluru, Karnataka | Source: phone_checkin"
R03606,P031,Ashok Yadav,Kanpur,Uttar Pradesh,2026-03-30,,52.2,6.3,1.4,No,"Indian home-care observation | Ashok Yadav | Kanpur, Uttar Pradesh | Source: nan"
R03607,P022,Shreya Das,Bhubaneswar,Odisha,2026-03-23,8.1,74.5,4.2,2.3,No,"Indian home-care observation | Shreya Das | Bhubaneswar, Odisha | Source: mobile_app"
R03608,P020,Pooja Shah,Surat,Gujarat,2026-03-26,6.1,77.6,,3.6,No,"Indian home-care observation | Pooja Shah | Surat, Gujarat | Source: wearable_sync"
R03609,P001,Arjun Mehta,Chennai,Tamil Nadu,2026-04-08,6.4,62.2,9.8,1.3,No,"Indian home-care observation | Arjun Mehta | Chennai, Tamil Nadu | Source: mobile_app"
R03610,P033,Ganesh Iyer,Chennai,Tamil Nadu,2026-04-06,8.1,80.7,,4.5,No,"Indian home-care observation | Ganesh Iyer | Chennai, Tamil Nadu | Source: tablet_kiosk"
R03611,P027,Aditya Kulkarni,Nagpur,Maharashtra,2026-04-02,6.7,76.5,7.2,1.9,No,"Indian home-care observation | Aditya Kulkarni | Nagpur, Maharashtra | Source: mobile_app"
R03612,P032,Bhavana R,Bengaluru,Karnataka,2026-04-06,7.2,,8.1,2.6,No,"Indian home-care observation | Bhavana R | Bengaluru, Karnataka | Source: wearable_sync"
R03613,P012,Kavya Menon,Thiruvananthapuram,Kerala,2026-03-21,7.4,100.0,9.7,,No,"Indian home-care observation | Kavya Menon | Thiruvananthapuram, Kerala | Source: phone_checkin"
R03614,P038,Janani Murugan,Erode,Tamil Nadu,2026-03-27,7.9,77.5,6.5,1.8,No,"Indian home-care observation | Janani Murugan | Erode, Tamil Nadu | Source: tablet_kiosk"
R03615,P014,Sneha Joshi,Pune,Maharashtra,2026-03-28,9.0,,5.7,1.9,No,"Indian home-care observation | Sneha Joshi | Pune, Maharashtra | Source: wearable_sync"
R03616,P027,Aditya Kulkarni,Nagpur,Maharashtra,2026-04-03,6.1,82.0,9.7,1.2,No,"Indian home-care observation | Aditya Kulkarni | Nagpur, Maharashtra | Source: tablet_kiosk"
R03617,P029,Gopal Krishnan,Madurai,Tamil Nadu,2026-04-05,7.3,85.1,6.2,2.2,No,"Indian home-care observation | Gopal Krishnan | Madurai, Tamil Nadu | Source: wearable_sync"
R03618,P001,Arjun Mehta,Chennai,Tamil Nadu,2026-04-09,8.6,,7.2,,No,"Indian home-care observation | Arjun Mehta | Chennai, Tamil Nadu | Source: phone_checkin"
R03619,P016,Aishwarya Pillai,Kollam,Kerala,2026-03-29,7.1,80.9,9.0,2.3,No,"Indian home-care observation | Aishwarya Pillai | Kollam, Kerala | Source: phone_checkin"
R03620,P028,Swathi Rao,Visakhapatnam,Andhra Pradesh,2026-04-01,7.4,85.0,6.5,1.4,No,"Indian home-care observation | Swathi Rao | Visakhapatnam, Andhra Pradesh | Source: mobile_app"
R03621,P010,Divya Patel,Ahmedabad,Gujarat,2026-04-02,5.8,55.4,6.6,1.1,No,"Indian home-care observation | Divya Patel | Ahmedabad, Gujarat | Source: tablet_kiosk"
R03622,P030,Nandini Shetty,Mangaluru,Karnataka,2026-04-01,8.1,69.0,,1.2,No,"Indian home-care observation | Nandini Shetty | Mangaluru, Karnataka | Source: tablet_kiosk"
R03623,P012,Kavya Menon,Thiruvananthapuram,Kerala,2026-03-22,,93.7,,0.4,No,"Indian home-care observation | Kavya Menon | Thiruvananthapuram, Kerala | Source: phone_checkin"
R03624,P011,Rohan Das,Kolkata,West Bengal,2026-04-01,6.9,81.3,6.8,2.5,No,"Indian home-care observation | Rohan Das | Kolkata, West Bengal | Source: wearable_sync"
R03625,P024,Neha Kapoor,New Delhi,Delhi,2026-04-18,7.3,88.6,7.1,2.4,No,"Indian home-care observation | Neha Kapoor | New Delhi, Delhi | Source: phone_checkin"
R03626,P016,Aishwarya Pillai,Kollam,Kerala,2026-03-30,7.1,,8.2,1.3,No,"Indian home-care observation | Aishwarya Pillai | Kollam, Kerala | Source: mobile_app"
R03627,P039,Imran Khan,Bhopal,Madhya Pradesh,2026-03-26,,74.8,8.5,2.3,No,"Indian home-care observation | Imran Khan | Bhopal, Madhya Pradesh | Source: wearable_sync"
R03628,P031,Ashok Yadav,Kanpur,Uttar Pradesh,2026-03-31,8.5,63.5,7.9,1.9,No,"Indian home-care observation | Ashok Yadav | Kanpur, Uttar Pradesh | Source: MOBILE_APP"
R03629,P011,Rohan Das,Kolkata,West Bengal,2026-04-02,,73.5,6.5,3.5,No,"Indian home-care observation | Rohan Das | Kolkata, West Bengal | Source: wearable_sync"
R03630,P027,Aditya Kulkarni,Nagpur,Maharashtra,2026-04-04,5.8,76.3,8.6,2.9,No,"Indian home-care observation | Aditya Kulkarni | Nagpur, Maharashtra | Source: mobile_app"
R03631,P030,Nandini Shetty,Mangaluru,Karnataka,2026-04-02,6.7,68.4,3.7,2.1,No,"Indian home-care observation | Nandini Shetty | Mangaluru, Karnataka | Source: phone_checkin"
R03632,P009,Sanjay Kumar,Jaipur,Rajasthan,2026-03-27,7.2,75.6,6.3,1.8,No,"Indian home-care observation | Sanjay Kumar | Jaipur, Rajasthan | Source: tablet_kiosk"
R03633,P027,Aditya Kulkarni,Nagpur,Maharashtra,2026-04-05,5.7,83.4,9.2,,No,"Indian home-care observation | Aditya Kulkarni | Nagpur, Maharashtra | Source: wearable_sync"
R03634,P005,Vikram Singh,Mumbai,Maharashtra,2026-04-04,9.2,82.4,7.5,1.2,No,"Indian home-care observation | Vikram Singh | Mumbai, Maharashtra | Source: wearable_sync"
R03635,P004,Ananya Iyer,Bengaluru,Karnataka,2026-04-21,8.3,76.5,7.5,3.6,No,"Indian home-care observation | Ananya Iyer | Bengaluru, Karnataka | Source: wearable_sync"
R03636,P016,Aishwarya Pillai,Kollam,Kerala,2026-03-31,7.6,83.7,8.5,2.6,No,"Indian home-care observation | Aishwarya Pillai | Kollam, Kerala | Source: tablet_kiosk"
R03637,P033,Ganesh Iyer,Chennai,Tamil Nadu,2026-04-07,7.3,83.1,6.2,3.4,No,"Indian home-care observation | Ganesh Iyer | Chennai, Tamil Nadu | Source: wearable_sync"
R03638,P022,Shreya Das,Bhubaneswar,Odisha,2026-03-24,7.9,73.1,3.8,0.8,No,"Indian home-care observation | Shreya Das | Bhubaneswar, Odisha | Source: wearable_sync"
R03639,P001,Arjun Mehta,Chennai,Tamil Nadu,2026-04-10,8.0,79.5,7.5,1.2,No,"Indian home-care observation | Arjun Mehta | Chennai, Tamil Nadu | Source: phone_checkin"
R03640,P003,Rahul Sharma,Delhi,Delhi,2026-03-18,8.2,79.3,6.2,2.8,No,"Indian home-care observation | Rahul Sharma | Delhi, Delhi | Source: tablet_kiosk"
R03641,P017,Naveen Kumar,Mysuru,Karnataka,2026-04-01,8.4,76.9,7.1,2.5,No,"Indian home-care observation | Naveen Kumar | Mysuru, Karnataka | Source: wearable_sync"
R03642,P015,Suresh Babu,Madurai,Tamil Nadu,2026-04-02,9.9,77.4,7.0,1.7,No,"Indian home-care observation | Suresh Babu | Madurai, Tamil Nadu | Source: tablet_kiosk"
R03643,P007,Karthik Reddy,Hyderabad,Telangana,2026-03-29,8.5,81.3,7.2,2.4,No,"Indian home-care observation | Karthik Reddy | Hyderabad, Telangana | Source: tablet_kiosk"
R03644,P025,Ravi Prasad,Patna,Bihar,2026-03-15,6.1,75.8,8.6,1.0,No,"Indian home-care observation | Ravi Prasad | Patna, Bihar | Source: phone_checkin"
R03645,P034,Madhuri Naik,Panaji,Goa,2026-03-22,9.2,85.5,5.5,1.2,No,"Indian home-care observation | Madhuri Naik | Panaji, Goa | Source: phone_checkin"
R03646,P040,Deepa Thomas,Thrissur,Kerala,2026-04-02,5.6,82.8,5.0,1.6,No,"Indian home-care observation | Deepa Thomas | Thrissur, Kerala | Source: wearable_sync"
R03647,P021,Ajay Menon,Kozhikode,Kerala,2026-04-13,5.4,87.8,,,Yes,"Indian home-care observation | Ajay Menon | Kozhikode, Kerala | Source: mobile_app"
R03648,P001,Arjun Mehta,Chennai,Tamil Nadu,2026-04-11,7.8,69.8,7.9,2.0,No,"Indian home-care observation | Arjun Mehta | Chennai, Tamil Nadu | Source: wearable_sync"
R03649,P004,Ananya Iyer,Bengaluru,Karnataka,2026-04-22,,70.2,5.2,1.5,No,"Indian home-care observation | Ananya Iyer | Bengaluru, Karnataka | Source: phone_checkin"
R03650,P030,Nandini Shetty,Mangaluru,Karnataka,2026-04-03,7.6,68.4,4.4,1.9,No,"Indian home-care observation | Nandini Shetty | Mangaluru, Karnataka | Source: phone_checkin"
R03651,P024,Neha Kapoor,New Delhi,Delhi,2026-04-19,7.5,92.6,6.5,3.0,No,"Indian home-care observation | Neha Kapoor | New Delhi, Delhi | Source: tablet_kiosk"
R03652,P007,Karthik Reddy,Hyderabad,Telangana,2026-03-30,7.2,90.6,6.7,2.8,No,"Indian home-care observation | Karthik Reddy | Hyderabad, Telangana | Source: wearable_sync"
R03653,P027,Aditya Kulkarni,Nagpur,Maharashtra,2026-04-06,6.9,85.8,9.9,2.9,No,"Indian home-care observation | Aditya Kulkarni | Nagpur, Maharashtra | Source: phone_checkin"
R03654,P013,Manoj Gupta,Lucknow,Uttar Pradesh,2026-03-31,7.8,82.1,6.7,1.6,No,"Indian home-care observation | Manoj Gupta | Lucknow, Uttar Pradesh | Source: tablet_kiosk"
R03655,P038,Janani Murugan,Erode,Tamil Nadu,2026-03-28,,72.7,6.3,1.7,No,"Indian home-care observation | Janani Murugan | Erode, Tamil Nadu | Source: tablet_kiosk"
R03656,P018,Harini Reddy,Warangal,Telangana,2026-03-31,8.1,75.3,7.9,1.5,No,"Indian home-care observation | Harini Reddy | Warangal, Telangana | Source: mobile_app"
R03657,P002,Priya Nair,Kochi,Kerala,2026-03-24,8.3,76.1,5.6,1.5,No,"Indian home-care observation | Priya Nair | Kochi, Kerala | Source: wearable_sync"
R03658,P009,Sanjay Kumar,Jaipur,Rajasthan,2026-03-28,8.1,65.8,6.9,2.2,No,"Indian home-care observation | Sanjay Kumar | Jaipur, Rajasthan | Source: phone_checkin"
R03659,P030,Nandini Shetty,Mangaluru,Karnataka,2026-04-04,7.8,72.2,4.7,3.6,No,"Indian home-care observation | Nandini Shetty | Mangaluru, Karnataka | Source: phone_checkin"
R03660,P019,Deepak Verma,Chandigarh,Chandigarh,2026-04-12,9.0,82.8,7.1,1.4,No,"Indian home-care observation | Deepak Verma | Chandigarh, Chandigarh | Source: tablet_kiosk"
R03661,P011,Rohan Das,Kolkata,West Bengal,2026-04-03,6.3,73.4,6.1,3.1,No,"Indian home-care observation | Rohan Das | Kolkata, West Bengal | Source: nan"
R03662,P037,Ramesh Chandran,Puducherry,Puducherry,2026-04-08,7.1,78.3,7.3,,Yes,"Indian home-care observation | Ramesh Chandran | Puducherry, Puducherry | Source: mobile_app"
R03663,P025,Ravi Prasad,Patna,Bihar,2026-03-16,7.4,69.6,9.8,,No,"Indian home-care observation | Ravi Prasad | Patna, Bihar | Source: tablet_kiosk"
R03664,P038,Janani Murugan,Erode,Tamil Nadu,2026-03-29,,76.6,,1.8,No,"Indian home-care observation | Janani Murugan | Erode, Tamil Nadu | Source: wearable_sync"
R03665,P020,Pooja Shah,Surat,Gujarat,2026-03-27,5.9,73.6,5.0,2.2,No,"Indian home-care observation | Pooja Shah | Surat, Gujarat | Source: tablet_kiosk"
R03666,P016,Aishwarya Pillai,Kollam,Kerala,2026-04-01,7.1,86.2,9.0,1.9,No,"Indian home-care observation | Aishwarya Pillai | Kollam, Kerala | Source: phone_checkin"
R03667,P030,Nandini Shetty,Mangaluru,Karnataka,2026-04-05,6.2,62.2,2.5,,No,"Indian home-care observation | Nandini Shetty | Mangaluru, Karnataka | Source: wearable_sync"
R03668,P023,Mohan Raj,Salem,Tamil Nadu,2026-04-03,6.4,95.0,6.1,1.8,No,"Indian home-care observation | Mohan Raj | Salem, Tamil Nadu | Source: phone_checkin"
R03669,P014,Sneha Joshi,Pune,Maharashtra,2026-03-29,8.3,71.2,,1.3,No,"Indian home-care observation | Sneha Joshi | Pune, Maharashtra | Source: WEARABLE_SYNC"
R03670,P024,Neha Kapoor,New Delhi,Delhi,2026-04-20,7.5,79.3,7.7,4.7,No,"Indian home-care observation | Neha Kapoor | New Delhi, Delhi | Source: mobile_app"
R03671,P020,Pooja Shah,Surat,Gujarat,2026-03-28,7.1,78.3,6.5,1.7,No,"Indian home-care observation | Pooja Shah | Surat, Gujarat | Source: phone_checkin"
R03672,P017,Naveen Kumar,Mysuru,Karnataka,2026-04-02,8.4,79.8,,2.2,No,"Indian home-care observation | Naveen Kumar | Mysuru, Karnataka | Source: wearable_sync"
R03673,P024,Neha Kapoor,New Delhi,Delhi,2026-04-21,6.2,77.6,8.2,2.9,No,"Indian home-care observation | Neha Kapoor | New Delhi, Delhi | Source: mobile_app"
R03674,P013,Manoj Gupta,Lucknow,Uttar Pradesh,2026-04-01,7.1,81.9,6.6,1.3,Yes,"Indian home-care observation | Manoj Gupta | Lucknow, Uttar Pradesh | Source: tablet_kiosk"
R03675,P013,Manoj Gupta,Lucknow,Uttar Pradesh,2026-04-02,7.5,77.1,7.0,1.9,No,"Indian home-care observation | Manoj Gupta | Lucknow, Uttar Pradesh | Source: tablet_kiosk"
R03676,P020,Pooja Shah,Surat,Gujarat,2026-03-29,5.9,78.1,5.5,1.9,No,"Indian home-care observation | Pooja Shah | Surat, Gujarat | Source: wearable_sync"
R03677,P022,Shreya Das,Bhubaneswar,Odisha,2026-03-25,8.3,71.2,4.5,2.4,No,"Indian home-care observation | Shreya Das | Bhubaneswar, Odisha | Source: phone_checkin"
R03678,P037,Ramesh Chandran,Puducherry,Puducherry,2026-04-09,6.8,91.7,7.5,2.3,No,"Indian home-care observation | Ramesh Chandran | Puducherry, Puducherry | Source: mobile_app"
R03679,P005,Vikram Singh,Mumbai,Maharashtra,2026-04-05,8.8,88.3,7.9,1.4,No,"Indian home-care observation | Vikram Singh | Mumbai, Maharashtra | Source: wearable_sync"
R03680,P012,Kavya Menon,Thiruvananthapuram,Kerala,2026-03-23,,87.1,8.9,3.2,No,"Indian home-care observation | Kavya Menon | Thiruvananthapuram, Kerala | Source: TABLET_KIOSK"
R03681,P020,Pooja Shah,Surat,Gujarat,2026-03-30,5.6,74.4,5.8,1.9,Yes,"Indian home-care observation | Pooja Shah | Surat, Gujarat | Source: phone_checkin"
R03682,P022,Shreya Das,Bhubaneswar,Odisha,2026-03-26,8.1,71.8,4.3,3.7,No,"Indian home-care observation | Shreya Das | Bhubaneswar, Odisha | Source: tablet_kiosk"
R03683,P014,Sneha Joshi,Pune,Maharashtra,2026-03-30,8.4,71.2,4.7,2.1,No,"Indian home-care observation | Sneha Joshi | Pune, Maharashtra | Source: mobile_app"
R03684,P013,Manoj Gupta,Lucknow,Uttar Pradesh,2026-04-03,7.4,80.0,5.8,2.8,No,"Indian home-care observation | Manoj Gupta | Lucknow, Uttar Pradesh | Source: wearable_sync"
R03685,P018,Harini Reddy,Warangal,Telangana,2026-04-01,7.7,75.3,,2.7,No,"Indian home-care observation | Harini Reddy | Warangal, Telangana | Source: tablet_kiosk"
R03686,P015,Suresh Babu,Madurai,Tamil Nadu,2026-04-03,9.6,68.6,7.1,,No,"Indian home-care observation | Suresh Babu | Madurai, Tamil Nadu | Source: tablet_kiosk"
R03687,P035,Prakash Patil,Nashik,Maharashtra,2026-04-14,5.4,63.9,,2.6,No,"Indian home-care observation | Prakash Patil | Nashik, Maharashtra | Source: tablet_kiosk"
R03688,P033,Ganesh Iyer,Chennai,Tamil Nadu,2026-04-08,,,6.9,1.7,No,"Indian home-care observation | Ganesh Iyer | Chennai, Tamil Nadu | Source: mobile_app"
R03689,P040,Deepa Thomas,Thrissur,Kerala,2026-04-03,5.3,81.0,4.7,1.7,No,"Indian home-care observation | Deepa Thomas | Thrissur, Kerala | Source: tablet_kiosk"
R03690,P002,Priya Nair,Kochi,Kerala,2026-03-25,8.8,80.0,6.6,2.3,No,"Indian home-care observation | Priya Nair | Kochi, Kerala | Source: phone_checkin"
R03691,P035,Prakash Patil,Nashik,Maharashtra,2026-04-15,5.5,,6.0,2.6,No,"Indian home-care observation | Prakash Patil | Nashik, Maharashtra | Source: mobile_app"
R03692,P004,Ananya Iyer,Bengaluru,Karnataka,2026-04-23,,65.4,6.4,0.3,No,"Indian home-care observation | Ananya Iyer | Bengaluru, Karnataka | Source: mobile_app"
R03693,P009,Sanjay Kumar,Jaipur,Rajasthan,2026-03-29,7.4,72.7,6.2,2.5,No,"Indian home-care observation | Sanjay Kumar | Jaipur, Rajasthan | Source: tablet_kiosk"
R03694,P005,Vikram Singh,Mumbai,Maharashtra,2026-04-06,9.0,78.7,7.8,2.3,No,"Indian home-care observation | Vikram Singh | Mumbai, Maharashtra | Source: tablet_kiosk"
R03695,P013,Manoj Gupta,Lucknow,Uttar Pradesh,2026-04-04,8.2,,6.8,2.6,No,"Indian home-care observation | Manoj Gupta | Lucknow, Uttar Pradesh | Source: wearable_sync"
R03696,P013,Manoj Gupta,Lucknow,Uttar Pradesh,2026-04-05,7.8,81.0,5.4,0.8,No,"Indian home-care observation | Manoj Gupta | Lucknow, Uttar Pradesh | Source: tablet_kiosk"
R03697,P033,Ganesh Iyer,Chennai,Tamil Nadu,2026-04-09,7.5,81.3,6.9,,No,"Indian home-care observation | Ganesh Iyer | Chennai, Tamil Nadu | Source: phone_checkin"
R03698,P037,Ramesh Chandran,Puducherry,Puducherry,2026-04-10,7.5,85.7,7.6,3.1,No,"Indian home-care observation | Ramesh Chandran | Puducherry, Puducherry | Source: wearable_sync"
R03699,P012,Kavya Menon,Thiruvananthapuram,Kerala,2026-03-24,6.7,86.4,8.1,2.3,No,"Indian home-care observation | Kavya Menon | Thiruvananthapuram, Kerala | Source: phone_checkin"
R03700,P012,Kavya Menon,Thiruvananthapuram,Kerala,2026-03-25,6.4,91.1,7.3,2.0,No,"Indian home-care observation | Kavya Menon | Thiruvananthapuram, Kerala | Source: wearable_sync"
R03701,P033,Ganesh Iyer,Chennai,Tamil Nadu,2026-04-10,7.8,88.3,7.5,,No,"Indian home-care observation | Ganesh Iyer | Chennai, Tamil Nadu | Source: wearable_sync"
R03702,P040,Deepa Thomas,Thrissur,Kerala,2026-04-04,6.2,98.1,5.5,2.4,No,"Indian home-care observation | Deepa Thomas | Thrissur, Kerala | Source: mobile_app"
R03703,P026,Keerthana S,Tiruchirappalli,Tamil Nadu,2026-04-04,7.2,90.8,5.7,3.7,No,"Indian home-care observation | Keerthana S | Tiruchirappalli, Tamil Nadu | Source: mobile_app"
R03704,P036,Sowmya N,Hyderabad,Telangana,2026-03-30,8.1,82.4,7.8,1.4,No,"Indian home-care observation | Sowmya N | Hyderabad, Telangana | Source: wearable_sync"
R03705,P033,Ganesh Iyer,Chennai,Tamil Nadu,2026-04-11,7.5,86.4,6.9,2.3,No,"Indian home-care observation | Ganesh Iyer | Chennai, Tamil Nadu | Source: tablet_kiosk"
R03706,P033,Ganesh Iyer,Chennai,Tamil Nadu,2026-04-12,7.4,79.6,6.7,3.6,No,"Indian home-care observation | Ganesh Iyer | Chennai, Tamil Nadu | Source: mobile_app"
R03707,P035,Prakash Patil,Nashik,Maharashtra,2026-04-16,,74.0,7.4,2.9,No,"Indian home-care observation | Prakash Patil | Nashik, Maharashtra | Source: wearable_sync"
R03708,P024,Neha Kapoor,New Delhi,Delhi,2026-04-22,6.5,82.7,8.0,2.1,No,"Indian home-care observation | Neha Kapoor | New Delhi, Delhi | Source: tablet_kiosk"
R03709,P022,Shreya Das,Bhubaneswar,Odisha,2026-03-27,8.3,,,4.0,No,"Indian home-care observation | Shreya Das | Bhubaneswar, Odisha | Source: mobile_app"
R03710,P023,Mohan Raj,Salem,Tamil Nadu,2026-04-04,6.9,99.7,7.1,2.9,No,"Indian home-care observation | Mohan Raj | Salem, Tamil Nadu | Source: mobile_app"
R03711,P035,Prakash Patil,Nashik,Maharashtra,2026-04-17,7.2,73.5,7.0,2.3,No,"Indian home-care observation | Prakash Patil | Nashik, Maharashtra | Source: wearable_sync"
R03712,P032,Bhavana R,Bengaluru,Karnataka,2026-04-07,7.7,93.5,9.2,1.7,Yes,"Indian home-care observation | Bhavana R | Bengaluru, Karnataka | Source: tablet_kiosk"
R03713,P010,Divya Patel,Ahmedabad,Gujarat,2026-04-03,6.3,68.0,6.9,2.5,No,"Indian home-care observation | Divya Patel | Ahmedabad, Gujarat | Source: tablet_kiosk"
R03714,P028,Swathi Rao,Visakhapatnam,Andhra Pradesh,2026-04-02,7.0,79.7,7.3,3.2,No,"Indian home-care observation | Swathi Rao | Visakhapatnam, Andhra Pradesh | Source: wearable_sync"
R03715,P038,Janani Murugan,Erode,Tamil Nadu,2026-03-30,7.4,72.7,6.6,2.8,No,"Indian home-care observation | Janani Murugan | Erode, Tamil Nadu | Source: phone_checkin"
R03716,P006,Meena Krishnan,Coimbatore,Tamil Nadu,2026-04-06,6.8,89.4,6.6,3.1,No,"Indian home-care observation | Meena Krishnan | Coimbatore, Tamil Nadu | Source: mobile_app"
R03717,P025,Ravi Prasad,Patna,Bihar,2026-03-17,,83.2,9.1,3.7,No,"Indian home-care observation | Ravi Prasad | Patna, Bihar | Source: tablet_kiosk"
R03718,P005,Vikram Singh,Mumbai,Maharashtra,2026-04-07,9.8,86.3,8.3,3.1,No,"Indian home-care observation | Vikram Singh | Mumbai, Maharashtra | Source: wearable_sync"
R03719,P032,Bhavana R,Bengaluru,Karnataka,2026-04-08,7.4,90.5,7.5,2.3,No,"Indian home-care observation | Bhavana R | Bengaluru, Karnataka | Source: tablet_kiosk"
R03720,P006,Meena Krishnan,Coimbatore,Tamil Nadu,2026-04-07,6.7,89.6,7.4,4.9,No,"Indian home-care observation | Meena Krishnan | Coimbatore, Tamil Nadu | Source: tablet_kiosk"
R03721,P032,Bhavana R,Bengaluru,Karnataka,2026-04-09,8.4,100.0,9.3,3.3,No,"Indian home-care observation | Bhavana R | Bengaluru, Karnataka | Source: tablet_kiosk"
R03722,P040,Deepa Thomas,Thrissur,Kerala,2026-04-05,6.9,91.1,5.8,,No,"Indian home-care observation | Deepa Thomas | Thrissur, Kerala | Source: phone_checkin"
R03723,P038,Janani Murugan,Erode,Tamil Nadu,2026-03-31,7.2,73.0,7.1,1.7,No,"Indian home-care observation | Janani Murugan | Erode, Tamil Nadu | Source: phone_checkin"
R03724,P028,Swathi Rao,Visakhapatnam,Andhra Pradesh,2026-04-03,7.3,79.2,7.6,0.4,No,"Indian home-care observation | Swathi Rao | Visakhapatnam, Andhra Pradesh | Source: wearable_sync"
R03725,P034,Madhuri Naik,Panaji,Goa,2026-03-23,8.0,92.7,4.3,1.1,No,"Indian home-care observation | Madhuri Naik | Panaji, Goa | Source: tablet_kiosk"
R03726,P010,Divya Patel,Ahmedabad,Gujarat,2026-04-04,6.9,69.3,7.3,2.3,No,"Indian home-care observation | Divya Patel | Ahmedabad, Gujarat | Source: wearable_sync"
R03727,P034,Madhuri Naik,Panaji,Goa,2026-03-24,8.0,90.5,5.5,2.2,No,"Indian home-care observation | Madhuri Naik | Panaji, Goa | Source: mobile_app"
R03728,P019,Deepak Verma,Chandigarh,Chandigarh,2026-04-13,9.5,74.9,,3.2,No,"Indian home-care observation | Deepak Verma | Chandigarh, Chandigarh | Source: nan"
R03729,P034,Madhuri Naik,Panaji,Goa,2026-03-25,8.0,81.6,4.8,2.1,No,"Indian home-care observation | Madhuri Naik | Panaji, Goa | Source: mobile_app"
R03730,P018,Harini Reddy,Warangal,Telangana,2026-04-02,7.0,72.2,7.1,2.7,No,"Indian home-care observation | Harini Reddy | Warangal, Telangana | Source: mobile_app"
R03731,P003,Rahul Sharma,Delhi,Delhi,2026-03-19,7.3,81.1,7.0,2.7,No,"Indian home-care observation | Rahul Sharma | Delhi, Delhi | Source: phone_checkin"
R03732,P003,Rahul Sharma,Delhi,Delhi,2026-03-20,8.1,76.6,7.1,1.4,No,"Indian home-care observation | Rahul Sharma | Delhi, Delhi | Source: wearable_sync"
R03733,P023,Mohan Raj,Salem,Tamil Nadu,2026-04-05,7.2,100.0,7.8,3.9,No,"Indian home-care observation | Mohan Raj | Salem, Tamil Nadu | Source: mobile_app"
R03734,P016,Aishwarya Pillai,Kollam,Kerala,2026-04-02,7.5,84.9,8.5,1.8,No,"Indian home-care observation | Aishwarya Pillai | Kollam, Kerala | Source: wearable_sync"
R03735,P016,Aishwarya Pillai,Kollam,Kerala,2026-04-03,7.7,85.6,8.8,2.0,No,"Indian home-care observation | Aishwarya Pillai | Kollam, Kerala | Source: phone_checkin"
R03736,P006,Meena Krishnan,Coimbatore,Tamil Nadu,2026-04-08,4.9,79.4,6.4,1.4,No,"Indian home-care observation | Meena Krishnan | Coimbatore, Tamil Nadu | Source: mobile_app"
R03737,P028,Swathi Rao,Visakhapatnam,Andhra Pradesh,2026-04-04,7.7,87.8,6.8,1.6,No,"Indian home-care observation | Swathi Rao | Visakhapatnam, Andhra Pradesh | Source: mobile_app"
R03738,P007,Karthik Reddy,Hyderabad,Telangana,2026-03-31,8.5,75.4,7.6,2.9,No,"Indian home-care observation | Karthik Reddy | Hyderabad, Telangana | Source: wearable_sync"
R03739,P015,Suresh Babu,Madurai,Tamil Nadu,2026-04-04,9.8,78.8,,3.3,No,"Indian home-care observation | Suresh Babu | Madurai, Tamil Nadu | Source: tablet_kiosk"
R03740,P025,Ravi Prasad,Patna,Bihar,2026-03-18,6.2,83.3,9.6,2.9,No,"Indian home-care observation | Ravi Prasad | Patna, Bihar | Source: phone_checkin"
R03741,P006,Meena Krishnan,Coimbatore,Tamil Nadu,2026-04-09,6.8,,7.6,2.9,No,"Indian home-care observation | Meena Krishnan | Coimbatore, Tamil Nadu | Source: phone_checkin"
R03742,P034,Madhuri Naik,Panaji,Goa,2026-03-26,8.2,84.0,5.1,1.9,No,"Indian home-care observation | Madhuri Naik | Panaji, Goa | Source: phone_checkin"
R03743,P010,Divya Patel,Ahmedabad,Gujarat,2026-04-05,5.8,55.0,,3.1,No,"Indian home-care observation | Divya Patel | Ahmedabad, Gujarat | Source: wearable_sync"
R03744,P012,Kavya Menon,Thiruvananthapuram,Kerala,2026-03-26,8.4,,,2.7,No,"Indian home-care observation | Kavya Menon | Thiruvananthapuram, Kerala | Source: wearable_sync"
R03745,P001,Arjun Mehta,Chennai,Tamil Nadu,2026-04-12,8.3,74.9,8.8,1.4,No,"Indian home-care observation | Arjun Mehta | Chennai, Tamil Nadu | Source: tablet_kiosk"
R03746,P034,Madhuri Naik,Panaji,Goa,2026-03-27,8.3,83.1,5.7,2.8,No,"Indian home-care observation | Madhuri Naik | Panaji, Goa | Source: mobile_app"
R03747,P007,Karthik Reddy,Hyderabad,Telangana,2026-04-01,,84.1,6.4,1.9,No,"Indian home-care observation | Karthik Reddy | Hyderabad, Telangana | Source: phone_checkin"
R03748,P013,Manoj Gupta,Lucknow,Uttar Pradesh,2026-04-06,8.3,95.8,6.2,2.0,No,"Indian home-care observation | Manoj Gupta | Lucknow, Uttar Pradesh | Source: phone_checkin"
R03749,P014,Sneha Joshi,Pune,Maharashtra,2026-03-31,7.8,92.7,5.9,2.7,No,"Indian home-care observation | Sneha Joshi | Pune, Maharashtra | Source: mobile_app"
R03750,P029,Gopal Krishnan,Madurai,Tamil Nadu,2026-04-06,8.0,81.3,,3.1,No,"Indian home-care observation | Gopal Krishnan | Madurai, Tamil Nadu | Source: phone_checkin"
R03751,P019,Deepak Verma,Chandigarh,Chandigarh,2026-04-14,8.1,77.1,7.5,2.2,No,"Indian home-care observation | Deepak Verma | Chandigarh, Chandigarh | Source: tablet_kiosk"
R03752,P001,Arjun Mehta,Chennai,Tamil Nadu,2026-04-13,8.6,70.7,6.1,5.1,No,"Indian home-care observation | Arjun Mehta | Chennai, Tamil Nadu | Source: wearable_sync"
R03753,P025,Ravi Prasad,Patna,Bihar,2026-03-19,7.0,88.1,,1.3,No,"Indian home-care observation | Ravi Prasad | Patna, Bihar | Source: MOBILE_APP"
R03754,P012,Kavya Menon,Thiruvananthapuram,Kerala,2026-03-27,7.7,93.6,9.1,1.6,No,"Indian home-care observation | Kavya Menon | Thiruvananthapuram, Kerala | Source: mobile_app"
R03755,P026,Keerthana S,Tiruchirappalli,Tamil Nadu,2026-04-05,7.2,78.8,5.7,1.8,No,"Indian home-care observation | Keerthana S | Tiruchirappalli, Tamil Nadu | Source: phone_checkin"
R03756,P008,Lakshmi Rao,Vijayawada,Andhra Pradesh,2026-03-26,6.7,72.2,5.7,3.1,No,"Indian home-care observation | Lakshmi Rao | Vijayawada, Andhra Pradesh | Source: mobile_app"
R03757,P026,Keerthana S,Tiruchirappalli,Tamil Nadu,2026-04-06,,86.3,7.0,1.1,No,"Indian home-care observation | Keerthana S | Tiruchirappalli, Tamil Nadu | Source: wearable_sync"
R03758,P015,Suresh Babu,Madurai,Tamil Nadu,2026-04-05,9.8,76.1,6.3,2.0,No,"Indian home-care observation | Suresh Babu | Madurai, Tamil Nadu | Source: mobile_app"
R03759,P016,Aishwarya Pillai,Kollam,Kerala,2026-04-04,7.8,,9.1,0.2,No,"Indian home-care observation | Aishwarya Pillai | Kollam, Kerala | Source: phone_checkin"
R03760,P032,Bhavana R,Bengaluru,Karnataka,2026-04-10,7.4,79.0,9.1,1.6,No,"Indian home-care observation | Bhavana R | Bengaluru, Karnataka | Source: tablet_kiosk"
R03761,P017,Naveen Kumar,Mysuru,Karnataka,2026-04-03,7.8,74.3,6.0,1.5,No,"Indian home-care observation | Naveen Kumar | Mysuru, Karnataka | Source: tablet_kiosk"
R03762,P022,Shreya Das,Bhubaneswar,Odisha,2026-03-28,8.2,75.2,4.8,3.7,No,"Indian home-care observation | Shreya Das | Bhubaneswar, Odisha | Source: mobile_app"
R03763,P007,Karthik Reddy,Hyderabad,Telangana,2026-04-02,9.2,83.7,,3.1,No,"Indian home-care observation | Karthik Reddy | Hyderabad, Telangana | Source: mobile_app"
R03764,P040,Deepa Thomas,Thrissur,Kerala,2026-04-06,4.7,70.6,3.5,0.0,Yes,"Indian home-care observation | Deepa Thomas | Thrissur, Kerala | Source: mobile_app"
R03765,P010,Divya Patel,Ahmedabad,Gujarat,2026-04-06,7.0,62.8,8.2,,No,"Indian home-care observation | Divya Patel | Ahmedabad, Gujarat | Source: phone_checkin"
R03766,P020,Pooja Shah,Surat,Gujarat,2026-03-31,6.5,70.2,5.5,0.7,No,"Indian home-care observation | Pooja Shah | Surat, Gujarat | Source: tablet_kiosk"
R03767,P040,Deepa Thomas,Thrissur,Kerala,2026-04-07,,82.6,6.4,2.7,No,"Indian home-care observation | Deepa Thomas | Thrissur, Kerala | Source: tablet_kiosk"
R03768,P014,Sneha Joshi,Pune,Maharashtra,2026-04-01,8.3,85.7,4.5,2.7,No,"Indian home-care observation | Sneha Joshi | Pune, Maharashtra | Source: tablet_kiosk"
R03769,P019,Deepak Verma,Chandigarh,Chandigarh,2026-04-15,7.3,70.6,7.0,2.1,No,"Indian home-care observation | Deepak Verma | Chandigarh, Chandigarh | Source: wearable_sync"
R03770,P034,Madhuri Naik,Panaji,Goa,2026-03-28,7.9,90.8,5.0,1.6,No,"Indian home-care observation | Madhuri Naik | Panaji, Goa | Source: mobile_app"
R03771,P019,Deepak Verma,Chandigarh,Chandigarh,2026-04-16,,81.0,7.7,2.9,No,"Indian home-care observation | Deepak Verma | Chandigarh, Chandigarh | Source: mobile_app"
R03772,P025,Ravi Prasad,Patna,Bihar,2026-03-20,7.9,84.6,9.6,3.0,No,"Indian home-care observation | Ravi Prasad | Patna, Bihar | Source: phone_checkin"
R03773,P006,Meena Krishnan,Coimbatore,Tamil Nadu,2026-04-10,5.4,84.1,6.5,2.7,No,"Indian home-care observation | Meena Krishnan | Coimbatore, Tamil Nadu | Source: tablet_kiosk"
R03774,P032,Bhavana R,Bengaluru,Karnataka,2026-04-11,7.1,78.1,8.2,1.9,No,"Indian home-care observation | Bhavana R | Bengaluru, Karnataka | Source: tablet_kiosk"
R03775,P037,Ramesh Chandran,Puducherry,Puducherry,2026-04-11,7.2,87.7,6.9,3.3,No,"Indian home-care observation | Ramesh Chandran | Puducherry, Puducherry | Source: tablet_kiosk"
R03776,P002,Priya Nair,Kochi,Kerala,2026-03-26,,78.3,6.3,1.3,No,"Indian home-care observation | Priya Nair | Kochi, Kerala | Source: phone_checkin"
R03777,P039,Imran Khan,Bhopal,Madhya Pradesh,2026-03-27,8.8,79.5,8.1,2.2,No,"Indian home-care observation | Imran Khan | Bhopal, Madhya Pradesh | Source: mobile_app"
R03778,P018,Harini Reddy,Warangal,Telangana,2026-04-03,7.4,79.2,7.6,3.7,No,"Indian home-care observation | Harini Reddy | Warangal, Telangana | Source: tablet_kiosk"
R03779,P003,Rahul Sharma,Delhi,Delhi,2026-03-21,7.5,74.2,8.5,3.0,No,"Indian home-care observation | Rahul Sharma | Delhi, Delhi | Source: phone_checkin"
R03780,P012,Kavya Menon,Thiruvananthapuram,Kerala,2026-03-28,7.8,93.0,9.0,3.4,No,"Indian home-care observation | Kavya Menon | Thiruvananthapuram, Kerala | Source: tablet_kiosk"
R03781,P003,Rahul Sharma,Delhi,Delhi,2026-03-22,6.9,88.4,8.3,2.2,No,"Indian home-care observation | Rahul Sharma | Delhi, Delhi | Source: wearable_sync"
R03782,P024,Neha Kapoor,New Delhi,Delhi,2026-04-23,8.7,94.4,5.5,4.4,No,"Indian home-care observation | Neha Kapoor | New Delhi, Delhi | Source: mobile_app"
R03783,P009,Sanjay Kumar,Jaipur,Rajasthan,2026-03-30,7.7,72.0,5.9,2.9,No,"Indian home-care observation | Sanjay Kumar | Jaipur, Rajasthan | Source: phone_checkin"
R03784,P032,Bhavana R,Bengaluru,Karnataka,2026-04-12,,95.2,8.1,3.1,No,"Indian home-care observation | Bhavana R | Bengaluru, Karnataka | Source: mobile_app"
R03785,P013,Manoj Gupta,Lucknow,Uttar Pradesh,2026-04-07,7.6,83.5,,1.8,No,"Indian home-care observation | Manoj Gupta | Lucknow, Uttar Pradesh | Source: tablet_kiosk"
R03786,P027,Aditya Kulkarni,Nagpur,Maharashtra,2026-04-07,5.7,77.5,8.6,1.5,No,"Indian home-care observation | Aditya Kulkarni | Nagpur, Maharashtra | Source: wearable_sync"
R03787,P026,Keerthana S,Tiruchirappalli,Tamil Nadu,2026-04-07,6.6,82.7,6.1,3.0,No,"Indian home-care observation | Keerthana S | Tiruchirappalli, Tamil Nadu | Source: phone_checkin"
R03788,P038,Janani Murugan,Erode,Tamil Nadu,2026-04-01,6.9,70.2,6.4,2.2,No,"Indian home-care observation | Janani Murugan | Erode, Tamil Nadu | Source: mobile_app"
R03789,P002,Priya Nair,Kochi,Kerala,2026-03-27,8.1,79.1,,2.2,No,"Indian home-care observation | Priya Nair | Kochi, Kerala | Source: nan"
R03790,P005,Vikram Singh,Mumbai,Maharashtra,2026-04-08,8.7,87.7,6.9,0.7,No,"Indian home-care observation | Vikram Singh | Mumbai, Maharashtra | Source: mobile_app"
R03791,P033,Ganesh Iyer,Chennai,Tamil Nadu,2026-04-13,8.2,76.3,6.7,0.9,No,"Indian home-care observation | Ganesh Iyer | Chennai, Tamil Nadu | Source: phone_checkin"
R03792,P014,Sneha Joshi,Pune,Maharashtra,2026-04-02,8.4,75.4,5.6,3.5,No,"Indian home-care observation | Sneha Joshi | Pune, Maharashtra | Source: phone_checkin"
R03793,P037,Ramesh Chandran,Puducherry,Puducherry,2026-04-12,6.8,92.9,,2.3,No,"Indian home-care observation | Ramesh Chandran | Puducherry, Puducherry | Source: phone_checkin"
R03794,P038,Janani Murugan,Erode,Tamil Nadu,2026-04-02,7.5,75.2,6.4,3.7,No,"Indian home-care observation | Janani Murugan | Erode, Tamil Nadu | Source: mobile_app"
R03795,P011,Rohan Das,Kolkata,West Bengal,2026-04-04,6.1,68.2,5.6,4.3,No,"Indian home-care observation | Rohan Das | Kolkata, West Bengal | Source: wearable_sync"
R03796,P025,Ravi Prasad,Patna,Bihar,2026-03-21,7.0,75.3,,2.8,No,"Indian home-care observation | Ravi Prasad | Patna, Bihar | Source: wearable_sync"
R03797,P023,Mohan Raj,Salem,Tamil Nadu,2026-04-06,6.9,98.1,7.9,3.4,No,"Indian home-care observation | Mohan Raj | Salem, Tamil Nadu | Source: tablet_kiosk"
R03798,P036,Sowmya N,Hyderabad,Telangana,2026-03-31,7.3,87.0,7.7,1.6,No,"Indian home-care observation | Sowmya N | Hyderabad, Telangana | Source: phone_checkin"
R03799,P028,Swathi Rao,Visakhapatnam,Andhra Pradesh,2026-04-05,,78.2,,1.3,No,"Indian home-care observation | Swathi Rao | Visakhapatnam, Andhra Pradesh | Source: tablet_kiosk"
R03800,P016,Aishwarya Pillai,Kollam,Kerala,2026-04-05,7.2,88.6,9.0,3.3,No,"Indian home-care observation | Aishwarya Pillai | Kollam, Kerala | Source: phone_checkin"
R03801,P017,Naveen Kumar,Mysuru,Karnataka,2026-04-04,8.4,77.4,7.2,3.1,Yes,"Indian home-care observation | Naveen Kumar | Mysuru, Karnataka | Source: wearable_sync"
R03802,P017,Naveen Kumar,Mysuru,Karnataka,2026-04-05,7.6,69.4,6.6,0.8,Yes,"Indian home-care observation | Naveen Kumar | Mysuru, Karnataka | Source: mobile_app"
R03803,P016,Aishwarya Pillai,Kollam,Kerala,2026-04-06,8.0,88.7,9.3,,No,"Indian home-care observation | Aishwarya Pillai | Kollam, Kerala | Source: tablet_kiosk"
R03804,P012,Kavya Menon,Thiruvananthapuram,Kerala,2026-03-29,7.6,91.5,8.8,1.9,No,"Indian home-care observation | Kavya Menon | Thiruvananthapuram, Kerala | Source: phone_checkin"
R03805,P031,Ashok Yadav,Kanpur,Uttar Pradesh,2026-04-01,7.8,68.2,7.1,0.3,No,"Indian home-care observation | Ashok Yadav | Kanpur, Uttar Pradesh | Source: tablet_kiosk"
R03806,P031,Ashok Yadav,Kanpur,Uttar Pradesh,2026-04-02,6.7,56.0,7.0,1.8,No,"Indian home-care observation | Ashok Yadav | Kanpur, Uttar Pradesh | Source: nan"
R03807,P040,Deepa Thomas,Thrissur,Kerala,2026-04-08,,81.9,3.1,0.0,No,"Indian home-care observation | Deepa Thomas | Thrissur, Kerala | Source: phone_checkin"
R03808,P026,Keerthana S,Tiruchirappalli,Tamil Nadu,2026-04-08,7.4,82.9,6.5,3.1,No,"Indian home-care observation | Keerthana S | Tiruchirappalli, Tamil Nadu | Source: phone_checkin"
R03809,P004,Ananya Iyer,Bengaluru,Karnataka,2026-04-24,7.6,68.8,5.7,0.0,No,"Indian home-care observation | Ananya Iyer | Bengaluru, Karnataka | Source: wearable_sync"
R03810,P006,Meena Krishnan,Coimbatore,Tamil Nadu,2026-04-11,6.7,95.9,7.2,2.8,No,"Indian home-care observation | Meena Krishnan | Coimbatore, Tamil Nadu | Source: mobile_app"
R03811,P003,Rahul Sharma,Delhi,Delhi,2026-03-23,8.6,62.4,6.7,1.8,No,"Indian home-care observation | Rahul Sharma | Delhi, Delhi | Source: tablet_kiosk"
R03812,P008,Lakshmi Rao,Vijayawada,Andhra Pradesh,2026-03-27,5.6,75.1,4.4,1.7,No,"Indian home-care observation | Lakshmi Rao | Vijayawada, Andhra Pradesh | Source: tablet_kiosk"
R03813,P001,Arjun Mehta,Chennai,Tamil Nadu,2026-04-14,7.7,73.7,6.3,0.6,No,"Indian home-care observation | Arjun Mehta | Chennai, Tamil Nadu | Source: tablet_kiosk"
R03814,P034,Madhuri Naik,Panaji,Goa,2026-03-29,7.6,96.6,6.2,2.6,No,"Indian home-care observation | Madhuri Naik | Panaji, Goa | Source: mobile_app"
R03815,P034,Madhuri Naik,Panaji,Goa,2026-03-30,8.4,84.0,5.2,2.4,No,"Indian home-care observation | Madhuri Naik | Panaji, Goa | Source: tablet_kiosk"
R03816,P007,Karthik Reddy,Hyderabad,Telangana,2026-04-03,8.0,80.2,7.0,0.4,No,"Indian home-care observation | Karthik Reddy | Hyderabad, Telangana | Source: wearable_sync"
R03817,P032,Bhavana R,Bengaluru,Karnataka,2026-04-13,7.5,90.2,7.9,2.7,No,"Indian home-care observation | Bhavana R | Bengaluru, Karnataka | Source: wearable_sync"
R03818,P004,Ananya Iyer,Bengaluru,Karnataka,2026-04-25,7.3,70.7,6.0,0.0,No,"Indian home-care observation | Ananya Iyer | Bengaluru, Karnataka | Source: phone_checkin"
R03819,P012,Kavya Menon,Thiruvananthapuram,Kerala,2026-03-30,6.5,87.1,7.9,2.4,No,"Indian home-care observation | Kavya Menon | Thiruvananthapuram, Kerala | Source: phone_checkin"
R03820,P039,Imran Khan,Bhopal,Madhya Pradesh,2026-03-28,7.8,76.9,7.4,3.8,Yes,"Indian home-care observation | Imran Khan | Bhopal, Madhya Pradesh | Source: mobile_app"
R03821,P006,Meena Krishnan,Coimbatore,Tamil Nadu,2026-04-12,7.0,83.4,6.8,2.6,No,"Indian home-care observation | Meena Krishnan | Coimbatore, Tamil Nadu | Source: phone_checkin"
R03822,P015,Suresh Babu,Madurai,Tamil Nadu,2026-04-06,9.7,69.8,7.0,1.3,No,"Indian home-care observation | Suresh Babu | Madurai, Tamil Nadu | Source: wearable_sync"
R03823,P011,Rohan Das,Kolkata,West Bengal,2026-04-05,,80.4,5.9,4.4,No,"Indian home-care observation | Rohan Das | Kolkata, West Bengal | Source: tablet_kiosk"
R03824,P020,Pooja Shah,Surat,Gujarat,2026-04-01,6.5,87.5,5.7,1.6,No,"Indian home-care observation | Pooja Shah | Surat, Gujarat | Source: tablet_kiosk"
R03825,P033,Ganesh Iyer,Chennai,Tamil Nadu,2026-04-14,8.2,75.7,,2.6,No,"Indian home-care observation | Ganesh Iyer | Chennai, Tamil Nadu | Source: tablet_kiosk"
R03826,P016,Aishwarya Pillai,Kollam,Kerala,2026-04-07,7.6,94.9,9.0,1.9,No,"Indian home-care observation | Aishwarya Pillai | Kollam, Kerala | Source: phone_checkin"
R03827,P003,Rahul Sharma,Delhi,Delhi,2026-03-24,7.6,65.1,6.2,1.1,No,"Indian home-care observation | Rahul Sharma | Delhi, Delhi | Source: mobile_app"
R03828,P020,Pooja Shah,Surat,Gujarat,2026-04-02,6.5,82.5,5.5,2.5,No,"Indian home-care observation | Pooja Shah | Surat, Gujarat | Source: mobile_app"
R03829,P023,Mohan Raj,Salem,Tamil Nadu,2026-04-07,7.8,99.5,7.3,,No,"Indian home-care observation | Mohan Raj | Salem, Tamil Nadu | Source: wearable_sync"
R03830,P002,Priya Nair,Kochi,Kerala,2026-03-28,8.0,83.4,6.0,1.9,No,"Indian home-care observation | Priya Nair | Kochi, Kerala | Source: wearable_sync"
R03831,P023,Mohan Raj,Salem,Tamil Nadu,2026-04-08,6.5,90.3,6.3,1.7,No,"Indian home-care observation | Mohan Raj | Salem, Tamil Nadu | Source: mobile_app"
R03832,P030,Nandini Shetty,Mangaluru,Karnataka,2026-04-06,7.0,68.6,4.3,0.9,No,"Indian home-care observation | Nandini Shetty | Mangaluru, Karnataka | Source: wearable_sync"
R03833,P020,Pooja Shah,Surat,Gujarat,2026-04-03,6.3,75.6,5.5,1.4,No,"Indian home-care observation | Pooja Shah | Surat, Gujarat | Source: mobile_app"
R03834,P031,Ashok Yadav,Kanpur,Uttar Pradesh,2026-04-03,9.3,65.1,7.7,1.2,No,"Indian home-care observation | Ashok Yadav | Kanpur, Uttar Pradesh | Source: mobile_app"
R03835,P035,Prakash Patil,Nashik,Maharashtra,2026-04-18,,74.4,,1.7,No,"Indian home-care observation | Prakash Patil | Nashik, Maharashtra | Source: wearable_sync"
R03836,P034,Madhuri Naik,Panaji,Goa,2026-03-31,,86.9,5.4,2.2,No,"Indian home-care observation | Madhuri Naik | Panaji, Goa | Source: wearable_sync"
R03837,P006,Meena Krishnan,Coimbatore,Tamil Nadu,2026-04-13,6.5,90.3,7.5,3.6,No,"Indian home-care observation | Meena Krishnan | Coimbatore, Tamil Nadu | Source: wearable_sync"
R03838,P026,Keerthana S,Tiruchirappalli,Tamil Nadu,2026-04-09,6.6,,5.0,2.8,No,"Indian home-care observation | Keerthana S | Tiruchirappalli, Tamil Nadu | Source: phone_checkin"
R03839,P006,Meena Krishnan,Coimbatore,Tamil Nadu,2026-04-14,,86.0,6.5,3.5,No,"Indian home-care observation | Meena Krishnan | Coimbatore, Tamil Nadu | Source: wearable_sync"
R03840,P007,Karthik Reddy,Hyderabad,Telangana,2026-04-04,8.9,88.3,5.5,3.0,No,"Indian home-care observation | Karthik Reddy | Hyderabad, Telangana | Source: phone_checkin"
R03841,P002,Priya Nair,Kochi,Kerala,2026-03-29,7.4,74.5,5.7,2.3,No,"Indian home-care observation | Priya Nair | Kochi, Kerala | Source: phone_checkin"
R03842,P033,Ganesh Iyer,Chennai,Tamil Nadu,2026-04-15,7.7,79.5,6.5,2.7,No,"Indian home-care observation | Ganesh Iyer | Chennai, Tamil Nadu | Source: PHONE_CHECKIN"
R03843,P029,Gopal Krishnan,Madurai,Tamil Nadu,2026-04-07,7.1,85.6,6.3,3.1,No,"Indian home-care observation | Gopal Krishnan | Madurai, Tamil Nadu | Source: tablet_kiosk"
R03844,P002,Priya Nair,Kochi,Kerala,2026-03-30,7.5,84.7,6.1,0.7,No,"Indian home-care observation | Priya Nair | Kochi, Kerala | Source: tablet_kiosk"
R03845,P007,Karthik Reddy,Hyderabad,Telangana,2026-04-05,9.3,88.0,7.4,3.0,No,"Indian home-care observation | Karthik Reddy | Hyderabad, Telangana | Source: mobile_app"
R03846,P018,Harini Reddy,Warangal,Telangana,2026-04-04,7.6,76.8,6.8,3.4,No,"Indian home-care observation | Harini Reddy | Warangal, Telangana | Source: wearable_sync"
R03847,P039,Imran Khan,Bhopal,Madhya Pradesh,2026-03-29,7.1,76.0,8.2,2.8,No,"Indian home-care observation | Imran Khan | Bhopal, Madhya Pradesh | Source: phone_checkin"
R03848,P001,Arjun Mehta,Chennai,Tamil Nadu,2026-04-15,7.7,73.7,6.3,0.6,No,"Indian home-care observation | Arjun Mehta | Chennai, Tamil Nadu | Source: tablet_kiosk"
R03849,P018,Harini Reddy,Warangal,Telangana,2026-04-05,7.0,76.9,7.7,3.3,Yes,"Indian home-care observation | Harini Reddy | Warangal, Telangana | Source: phone_checkin"
R03850,P005,Vikram Singh,Mumbai,Maharashtra,2026-04-09,7.9,88.2,6.7,3.3,No,"Indian home-care observation | Vikram Singh | Mumbai, Maharashtra | Source: wearable_sync"
R03851,P011,Rohan Das,Kolkata,West Bengal,2026-04-06,,79.6,7.1,1.9,No,"Indian home-care observation | Rohan Das | Kolkata, West Bengal | Source: wearable_sync"
R03852,P014,Sneha Joshi,Pune,Maharashtra,2026-04-03,8.7,83.9,,2.1,No,"Indian home-care observation | Sneha Joshi | Pune, Maharashtra | Source: phone_checkin"
R03853,P034,Madhuri Naik,Panaji,Goa,2026-04-01,,84.3,5.8,2.9,No,"Indian home-care observation | Madhuri Naik | Panaji, Goa | Source: phone_checkin"
R03854,P015,Suresh Babu,Madurai,Tamil Nadu,2026-04-07,,73.3,7.0,1.0,No,"Indian home-care observation | Suresh Babu | Madurai, Tamil Nadu | Source: phone_checkin"
R03855,P038,Janani Murugan,Erode,Tamil Nadu,2026-04-03,7.3,78.9,7.7,2.9,No,"Indian home-care observation | Janani Murugan | Erode, Tamil Nadu | Source: mobile_app"
R03856,P028,Swathi Rao,Visakhapatnam,Andhra Pradesh,2026-04-06,6.5,83.6,6.8,2.1,No,"Indian home-care observation | Swathi Rao | Visakhapatnam, Andhra Pradesh | Source: nan"
R03857,P007,Karthik Reddy,Hyderabad,Telangana,2026-04-06,9.2,87.9,8.3,,No,"Indian home-care observation | Karthik Reddy | Hyderabad, Telangana | Source: phone_checkin"
R03858,P029,Gopal Krishnan,Madurai,Tamil Nadu,2026-04-08,7.5,82.6,6.4,3.1,No,"Indian home-care observation | Gopal Krishnan | Madurai, Tamil Nadu | Source: mobile_app"
R03859,P031,Ashok Yadav,Kanpur,Uttar Pradesh,2026-04-04,7.5,56.9,5.6,0.4,No,"Indian home-care observation | Ashok Yadav | Kanpur, Uttar Pradesh | Source: wearable_sync"
R03860,P003,Rahul Sharma,Delhi,Delhi,2026-03-25,8.0,,6.2,2.7,No,"Indian home-care observation | Rahul Sharma | Delhi, Delhi | Source: phone_checkin"
R03861,P008,Lakshmi Rao,Vijayawada,Andhra Pradesh,2026-03-28,7.2,75.0,5.7,4.2,No,"Indian home-care observation | Lakshmi Rao | Vijayawada, Andhra Pradesh | Source: wearable_sync"
R03862,P019,Deepak Verma,Chandigarh,Chandigarh,2026-04-17,8.1,62.9,7.6,0.9,No,"Indian home-care observation | Deepak Verma | Chandigarh, Chandigarh | Source: tablet_kiosk"
R03863,P029,Gopal Krishnan,Madurai,Tamil Nadu,2026-04-09,6.9,87.9,6.8,1.7,No,"Indian home-care observation | Gopal Krishnan | Madurai, Tamil Nadu | Source: mobile_app"
R03864,P027,Aditya Kulkarni,Nagpur,Maharashtra,2026-04-08,6.4,79.1,9.6,2.4,No,"Indian home-care observation | Aditya Kulkarni | Nagpur, Maharashtra | Source: mobile_app"
R03865,P021,Ajay Menon,Kozhikode,Kerala,2026-04-14,7.1,90.7,5.5,3.6,No,"Indian home-care observation | Ajay Menon | Kozhikode, Kerala | Source: wearable_sync"
R03866,P018,Harini Reddy,Warangal,Telangana,2026-04-06,7.5,77.2,7.0,2.7,No,"Indian home-care observation | Harini Reddy | Warangal, Telangana | Source: mobile_app"
R03867,P009,Sanjay Kumar,Jaipur,Rajasthan,2026-03-31,7.9,76.7,,0.9,No,"Indian home-care observation | Sanjay Kumar | Jaipur, Rajasthan | Source: phone_checkin"
R03868,P038,Janani Murugan,Erode,Tamil Nadu,2026-04-04,,67.6,7.2,,No,"Indian home-care observation | Janani Murugan | Erode, Tamil Nadu | Source: wearable_sync"
R03869,P001,Arjun Mehta,Chennai,Tamil Nadu,2026-04-16,6.4,75.5,,1.4,No,"Indian home-care observation | Arjun Mehta | Chennai, Tamil Nadu | Source: mobile_app"
R03870,P009,Sanjay Kumar,Jaipur,Rajasthan,2026-04-01,7.4,75.5,7.1,2.9,No,"Indian home-care observation | Sanjay Kumar | Jaipur, Rajasthan | Source: tablet_kiosk"
R03871,P017,Naveen Kumar,Mysuru,Karnataka,2026-04-06,8.5,81.1,6.5,1.2,No,"Indian home-care observation | Naveen Kumar | Mysuru, Karnataka | Source: wearable_sync"
R03872,P020,Pooja Shah,Surat,Gujarat,2026-04-04,7.2,88.1,6.0,2.9,No,"Indian home-care observation | Pooja Shah | Surat, Gujarat | Source: tablet_kiosk"
R03873,P003,Rahul Sharma,Delhi,Delhi,2026-03-26,8.6,89.7,,2.5,No,"Indian home-care observation | Rahul Sharma | Delhi, Delhi | Source: tablet_kiosk"
R03874,P024,Neha Kapoor,New Delhi,Delhi,2026-04-24,7.0,87.2,8.6,2.0,No,"Indian home-care observation | Neha Kapoor | New Delhi, Delhi | Source: tablet_kiosk"
R03875,P019,Deepak Verma,Chandigarh,Chandigarh,2026-04-18,9.5,73.4,,1.9,No,"Indian home-care observation | Deepak Verma | Chandigarh, Chandigarh | Source: phone_checkin"
R03876,P015,Suresh Babu,Madurai,Tamil Nadu,2026-04-08,,68.1,5.7,1.9,No,"Indian home-care observation | Suresh Babu | Madurai, Tamil Nadu | Source: mobile_app"
R03877,P035,Prakash Patil,Nashik,Maharashtra,2026-04-19,6.1,70.9,6.7,2.2,No,"Indian home-care observation | Prakash Patil | Nashik, Maharashtra | Source: TABLET_KIOSK"
R03878,P040,Deepa Thomas,Thrissur,Kerala,2026-04-09,6.6,85.2,,2.2,No,"Indian home-care observation | Deepa Thomas | Thrissur, Kerala | Source: wearable_sync"
R03879,P029,Gopal Krishnan,Madurai,Tamil Nadu,2026-04-10,7.9,92.2,6.9,1.7,No,"Indian home-care observation | Gopal Krishnan | Madurai, Tamil Nadu | Source: mobile_app"
R03880,P034,Madhuri Naik,Panaji,Goa,2026-04-02,7.8,87.4,5.0,2.7,No,"Indian home-care observation | Madhuri Naik | Panaji, Goa | Source: wearable_sync"
R03881,P020,Pooja Shah,Surat,Gujarat,2026-04-05,5.0,75.4,4.7,0.7,No,"Indian home-care observation | Pooja Shah | Surat, Gujarat | Source: wearable_sync"
R03882,P037,Ramesh Chandran,Puducherry,Puducherry,2026-04-13,6.5,87.9,7.4,2.9,No,"Indian home-care observation | Ramesh Chandran | Puducherry, Puducherry | Source: mobile_app"
R03883,P035,Prakash Patil,Nashik,Maharashtra,2026-04-20,6.2,60.9,6.3,3.5,No,"Indian home-care observation | Prakash Patil | Nashik, Maharashtra | Source: tablet_kiosk"
R03884,P037,Ramesh Chandran,Puducherry,Puducherry,2026-04-14,6.7,88.0,7.6,2.9,No,"Indian home-care observation | Ramesh Chandran | Puducherry, Puducherry | Source: phone_checkin"
R03885,P013,Manoj Gupta,Lucknow,Uttar Pradesh,2026-04-08,7.5,84.3,5.1,,No,"Indian home-care observation | Manoj Gupta | Lucknow, Uttar Pradesh | Source: tablet_kiosk"
R03886,P026,Keerthana S,Tiruchirappalli,Tamil Nadu,2026-04-10,6.1,81.7,,2.3,No,"Indian home-care observation | Keerthana S | Tiruchirappalli, Tamil Nadu | Source: mobile_app"
R03887,P012,Kavya Menon,Thiruvananthapuram,Kerala,2026-03-31,7.2,92.8,8.8,2.5,No,"Indian home-care observation | Kavya Menon | Thiruvananthapuram, Kerala | Source: wearable_sync"
R03888,P029,Gopal Krishnan,Madurai,Tamil Nadu,2026-04-11,7.4,,7.0,3.7,No,"Indian home-care observation | Gopal Krishnan | Madurai, Tamil Nadu | Source: tablet_kiosk"
R03889,P006,Meena Krishnan,Coimbatore,Tamil Nadu,2026-04-15,6.0,84.1,6.2,2.3,No,"Indian home-care observation | Meena Krishnan | Coimbatore, Tamil Nadu | Source: tablet_kiosk"
R03890,P009,Sanjay Kumar,Jaipur,Rajasthan,2026-04-02,6.5,76.3,7.8,3.4,No,"Indian home-care observation | Sanjay Kumar | Jaipur, Rajasthan | Source: tablet_kiosk"
R03891,P036,Sowmya N,Hyderabad,Telangana,2026-04-01,8.2,87.8,7.8,0.9,No,"Indian home-care observation | Sowmya N | Hyderabad, Telangana | Source: tablet_kiosk"
R03892,P015,Suresh Babu,Madurai,Tamil Nadu,2026-04-09,9.8,77.1,7.1,2.6,No,"Indian home-care observation | Suresh Babu | Madurai, Tamil Nadu | Source: mobile_app"
R03893,P015,Suresh Babu,Madurai,Tamil Nadu,2026-04-10,10.0,77.6,7.4,1.6,No,"Indian home-care observation | Suresh Babu | Madurai, Tamil Nadu | Source: wearable_sync"
R03894,P005,Vikram Singh,Mumbai,Maharashtra,2026-04-10,8.8,,8.0,2.0,No,"Indian home-care observation | Vikram Singh | Mumbai, Maharashtra | Source: tablet_kiosk"
R03895,P002,Priya Nair,Kochi,Kerala,2026-03-31,7.3,83.4,7.2,2.3,No,"Indian home-care observation | Priya Nair | Kochi, Kerala | Source: phone_checkin"
R03896,P027,Aditya Kulkarni,Nagpur,Maharashtra,2026-04-09,6.1,,9.6,1.6,No,"Indian home-care observation | Aditya Kulkarni | Nagpur, Maharashtra | Source: nan"
R03897,P014,Sneha Joshi,Pune,Maharashtra,2026-04-04,8.3,72.4,4.5,2.6,No,"Indian home-care observation | Sneha Joshi | Pune, Maharashtra | Source: WEARABLE_SYNC"
R03898,P029,Gopal Krishnan,Madurai,Tamil Nadu,2026-04-12,7.1,85.8,6.7,3.2,No,"Indian home-care observation | Gopal Krishnan | Madurai, Tamil Nadu | Source: mobile_app"
R03899,P038,Janani Murugan,Erode,Tamil Nadu,2026-04-05,7.3,65.7,6.3,,No,"Indian home-care observation | Janani Murugan | Erode, Tamil Nadu | Source: tablet_kiosk"
R03900,P015,Suresh Babu,Madurai,Tamil Nadu,2026-04-11,9.5,70.0,7.2,2.1,No,"Indian home-care observation | Suresh Babu | Madurai, Tamil Nadu | Source: tablet_kiosk"
R03901,P038,Janani Murugan,Erode,Tamil Nadu,2026-04-06,7.4,81.5,6.6,1.1,Yes,"Indian home-care observation | Janani Murugan | Erode, Tamil Nadu | Source: nan"
R03902,P018,Harini Reddy,Warangal,Telangana,2026-04-07,7.8,,,2.2,No,"Indian home-care observation | Harini Reddy | Warangal, Telangana | Source: wearable_sync"
R03903,P008,Lakshmi Rao,Vijayawada,Andhra Pradesh,2026-03-29,6.6,80.6,5.9,1.8,No,"Indian home-care observation | Lakshmi Rao | Vijayawada, Andhra Pradesh | Source: mobile_app"
R03904,P038,Janani Murugan,Erode,Tamil Nadu,2026-04-07,7.4,70.2,6.9,1.0,No,"Indian home-care observation | Janani Murugan | Erode, Tamil Nadu | Source: mobile_app"
R03905,P009,Sanjay Kumar,Jaipur,Rajasthan,2026-04-03,7.1,79.8,6.5,2.3,No,"Indian home-care observation | Sanjay Kumar | Jaipur, Rajasthan | Source: wearable_sync"
R03906,P030,Nandini Shetty,Mangaluru,Karnataka,2026-04-07,6.8,73.5,3.1,1.7,No,"Indian home-care observation | Nandini Shetty | Mangaluru, Karnataka | Source: wearable_sync"
R03907,P023,Mohan Raj,Salem,Tamil Nadu,2026-04-09,8.0,92.9,7.8,3.5,No,"Indian home-care observation | Mohan Raj | Salem, Tamil Nadu | Source: tablet_kiosk"
R03908,P007,Karthik Reddy,Hyderabad,Telangana,2026-04-07,8.5,,4.9,2.1,No,"Indian home-care observation | Karthik Reddy | Hyderabad, Telangana | Source: phone_checkin"
R03909,P018,Harini Reddy,Warangal,Telangana,2026-04-08,8.3,74.7,6.4,1.8,No,"Indian home-care observation | Harini Reddy | Warangal, Telangana | Source: tablet_kiosk"
R03910,P032,Bhavana R,Bengaluru,Karnataka,2026-04-14,8.6,95.5,,2.7,No,"Indian home-care observation | Bhavana R | Bengaluru, Karnataka | Source: phone_checkin"
R03911,P031,Ashok Yadav,Kanpur,Uttar Pradesh,2026-04-05,7.5,54.6,6.5,0.4,No,"Indian home-care observation | Ashok Yadav | Kanpur, Uttar Pradesh | Source: tablet_kiosk"
R03912,P010,Divya Patel,Ahmedabad,Gujarat,2026-04-07,6.2,57.7,,3.5,No,"Indian home-care observation | Divya Patel | Ahmedabad, Gujarat | Source: phone_checkin"
R03913,P027,Aditya Kulkarni,Nagpur,Maharashtra,2026-04-10,6.0,71.4,8.7,0.8,No,"Indian home-care observation | Aditya Kulkarni | Nagpur, Maharashtra | Source: wearable_sync"
R03914,P019,Deepak Verma,Chandigarh,Chandigarh,2026-04-19,,81.4,6.2,,No,"Indian home-care observation | Deepak Verma | Chandigarh, Chandigarh | Source: mobile_app"
R03915,P009,Sanjay Kumar,Jaipur,Rajasthan,2026-04-04,,68.0,7.2,2.2,No,"Indian home-care observation | Sanjay Kumar | Jaipur, Rajasthan | Source: mobile_app"
R03916,P003,Rahul Sharma,Delhi,Delhi,2026-03-27,7.0,83.2,6.5,1.3,No,"Indian home-care observation | Rahul Sharma | Delhi, Delhi | Source: wearable_sync"
R03917,P014,Sneha Joshi,Pune,Maharashtra,2026-04-05,8.0,80.0,3.3,0.8,No,"Indian home-care observation | Sneha Joshi | Pune, Maharashtra | Source: phone_checkin"
R03918,P021,Ajay Menon,Kozhikode,Kerala,2026-04-15,,95.0,6.9,1.3,No,"Indian home-care observation | Ajay Menon | Kozhikode, Kerala | Source: tablet_kiosk"
R03919,P026,Keerthana S,Tiruchirappalli,Tamil Nadu,2026-04-11,6.4,87.4,6.3,,No,"Indian home-care observation | Keerthana S | Tiruchirappalli, Tamil Nadu | Source: phone_checkin"
R03920,P014,Sneha Joshi,Pune,Maharashtra,2026-04-06,8.6,79.4,,2.6,No,"Indian home-care observation | Sneha Joshi | Pune, Maharashtra | Source: tablet_kiosk"
R03921,P040,Deepa Thomas,Thrissur,Kerala,2026-04-10,6.5,88.6,5.5,1.7,No,"Indian home-care observation | Deepa Thomas | Thrissur, Kerala | Source: mobile_app"
R03922,P001,Arjun Mehta,Chennai,Tamil Nadu,2026-04-17,8.2,67.1,7.0,2.9,No,"Indian home-care observation | Arjun Mehta | Chennai, Tamil Nadu | Source: tablet_kiosk"
R03923,P005,Vikram Singh,Mumbai,Maharashtra,2026-04-11,8.8,88.4,8.2,4.1,No,"Indian home-care observation | Vikram Singh | Mumbai, Maharashtra | Source: mobile_app"
R03924,P008,Lakshmi Rao,Vijayawada,Andhra Pradesh,2026-03-30,6.9,84.8,4.7,1.8,No,"Indian home-care observation | Lakshmi Rao | Vijayawada, Andhra Pradesh | Source: tablet_kiosk"
R03925,P030,Nandini Shetty,Mangaluru,Karnataka,2026-04-08,7.3,74.2,,1.8,No,"Indian home-care observation | Nandini Shetty | Mangaluru, Karnataka | Source: mobile_app"
R03926,P008,Lakshmi Rao,Vijayawada,Andhra Pradesh,2026-03-31,5.5,77.6,4.2,2.8,No,"Indian home-care observation | Lakshmi Rao | Vijayawada, Andhra Pradesh | Source: phone_checkin"
R03927,P031,Ashok Yadav,Kanpur,Uttar Pradesh,2026-04-06,8.0,56.9,6.8,2.8,No,"Indian home-care observation | Ashok Yadav | Kanpur, Uttar Pradesh | Source: tablet_kiosk"
R03928,P040,Deepa Thomas,Thrissur,Kerala,2026-04-11,4.5,85.6,4.9,1.3,No,"Indian home-care observation | Deepa Thomas | Thrissur, Kerala | Source: mobile_app"
R03929,P022,Shreya Das,Bhubaneswar,Odisha,2026-03-29,7.7,68.1,4.1,3.1,No,"Indian home-care observation | Shreya Das | Bhubaneswar, Odisha | Source: phone_checkin"
R03930,P012,Kavya Menon,Thiruvananthapuram,Kerala,2026-04-01,7.2,92.5,7.3,1.8,No,"Indian home-care observation | Kavya Menon | Thiruvananthapuram, Kerala | Source: tablet_kiosk"
R03931,P031,Ashok Yadav,Kanpur,Uttar Pradesh,2026-04-07,7.1,55.7,6.0,1.6,No,"Indian home-care observation | Ashok Yadav | Kanpur, Uttar Pradesh | Source: tablet_kiosk"
R03932,P012,Kavya Menon,Thiruvananthapuram,Kerala,2026-04-02,8.0,93.6,8.5,2.4,No,"Indian home-care observation | Kavya Menon | Thiruvananthapuram, Kerala | Source: phone_checkin"
R03933,P007,Karthik Reddy,Hyderabad,Telangana,2026-04-08,7.5,98.1,8.8,3.2,No,"Indian home-care observation | Karthik Reddy | Hyderabad, Telangana | Source: wearable_sync"
R03934,P022,Shreya Das,Bhubaneswar,Odisha,2026-03-30,8.2,76.3,3.6,2.5,No,"Indian home-care observation | Shreya Das | Bhubaneswar, Odisha | Source: phone_checkin"
R03935,P029,Gopal Krishnan,Madurai,Tamil Nadu,2026-04-13,7.4,89.0,7.8,,No,"Indian home-care observation | Gopal Krishnan | Madurai, Tamil Nadu | Source: tablet_kiosk"
R03936,P014,Sneha Joshi,Pune,Maharashtra,2026-04-07,8.3,92.2,,,No,"Indian home-care observation | Sneha Joshi | Pune, Maharashtra | Source: wearable_sync"
R03937,P019,Deepak Verma,Chandigarh,Chandigarh,2026-04-20,7.9,81.7,7.7,1.5,Yes,"Indian home-care observation | Deepak Verma | Chandigarh, Chandigarh | Source: mobile_app"
R03938,P033,Ganesh Iyer,Chennai,Tamil Nadu,2026-04-16,7.8,80.3,6.5,1.9,No,"Indian home-care observation | Ganesh Iyer | Chennai, Tamil Nadu | Source: mobile_app"
R03939,P015,Suresh Babu,Madurai,Tamil Nadu,2026-04-12,9.8,64.8,6.5,2.6,No,"Indian home-care observation | Suresh Babu | Madurai, Tamil Nadu | Source: tablet_kiosk"
R03940,P026,Keerthana S,Tiruchirappalli,Tamil Nadu,2026-04-12,7.0,78.4,6.4,2.4,No,"Indian home-care observation | Keerthana S | Tiruchirappalli, Tamil Nadu | Source: mobile_app"
R03941,P028,Swathi Rao,Visakhapatnam,Andhra Pradesh,2026-04-07,6.5,88.2,6.0,1.1,No,"Indian home-care observation | Swathi Rao | Visakhapatnam, Andhra Pradesh | Source: wearable_sync"
R03942,P035,Prakash Patil,Nashik,Maharashtra,2026-04-21,7.4,73.1,7.7,,No,"Indian home-care observation | Prakash Patil | Nashik, Maharashtra | Source: tablet_kiosk"
R03943,P014,Sneha Joshi,Pune,Maharashtra,2026-04-08,7.2,73.9,7.2,0.9,No,"Indian home-care observation | Sneha Joshi | Pune, Maharashtra | Source: mobile_app"
R03944,P037,Ramesh Chandran,Puducherry,Puducherry,2026-04-15,6.6,85.0,,1.1,No,"Indian home-care observation | Ramesh Chandran | Puducherry, Puducherry | Source: phone_checkin"
R03945,P033,Ganesh Iyer,Chennai,Tamil Nadu,2026-04-17,8.2,74.7,6.7,3.4,No,"Indian home-care observation | Ganesh Iyer | Chennai, Tamil Nadu | Source: wearable_sync"
R03946,P021,Ajay Menon,Kozhikode,Kerala,2026-04-16,7.2,96.7,,3.9,No,"Indian home-care observation | Ajay Menon | Kozhikode, Kerala | Source: phone_checkin"
R03947,P010,Divya Patel,Ahmedabad,Gujarat,2026-04-08,5.9,61.3,5.9,1.1,No,"Indian home-care observation | Divya Patel | Ahmedabad, Gujarat | Source: mobile_app"
R03948,P010,Divya Patel,Ahmedabad,Gujarat,2026-04-09,5.4,55.8,6.6,,No,"Indian home-care observation | Divya Patel | Ahmedabad, Gujarat | Source: tablet_kiosk"
R03949,P034,Madhuri Naik,Panaji,Goa,2026-04-03,8.7,86.2,5.5,2.1,No,"Indian home-care observation | Madhuri Naik | Panaji, Goa | Source: wearable_sync"
R03950,P040,Deepa Thomas,Thrissur,Kerala,2026-04-12,7.5,96.3,,1.8,No,"Indian home-care observation | Deepa Thomas | Thrissur, Kerala | Source: wearable_sync"
R03951,P003,Rahul Sharma,Delhi,Delhi,2026-03-28,6.9,70.6,6.3,1.0,No,"Indian home-care observation | Rahul Sharma | Delhi, Delhi | Source: wearable_sync"
R03952,P023,Mohan Raj,Salem,Tamil Nadu,2026-04-10,6.8,93.6,6.8,3.6,No,"Indian home-care observation | Mohan Raj | Salem, Tamil Nadu | Source: tablet_kiosk"
R03953,P006,Meena Krishnan,Coimbatore,Tamil Nadu,2026-04-16,6.1,84.8,7.0,2.2,No,"Indian home-care observation | Meena Krishnan | Coimbatore, Tamil Nadu | Source: wearable_sync"
R03954,P026,Keerthana S,Tiruchirappalli,Tamil Nadu,2026-04-13,7.1,81.8,7.0,2.7,No,"Indian home-care observation | Keerthana S | Tiruchirappalli, Tamil Nadu | Source: phone_checkin"
R03955,P020,Pooja Shah,Surat,Gujarat,2026-04-06,6.1,73.5,,1.6,No,"Indian home-care observation | Pooja Shah | Surat, Gujarat | Source: tablet_kiosk"
R03956,P038,Janani Murugan,Erode,Tamil Nadu,2026-04-08,7.3,62.3,7.2,1.8,No,"Indian home-care observation | Janani Murugan | Erode, Tamil Nadu | Source: mobile_app"
R03957,P007,Karthik Reddy,Hyderabad,Telangana,2026-04-09,7.4,85.6,7.2,0.9,No,"Indian home-care observation | Karthik Reddy | Hyderabad, Telangana | Source: wearable_sync"
R03958,P010,Divya Patel,Ahmedabad,Gujarat,2026-04-10,7.5,56.1,6.0,1.8,No,"Indian home-care observation | Divya Patel | Ahmedabad, Gujarat | Source: tablet_kiosk"
R03959,P018,Harini Reddy,Warangal,Telangana,2026-04-09,8.0,77.0,,3.1,No,"Indian home-care observation | Harini Reddy | Warangal, Telangana | Source: phone_checkin"
R03960,P035,Prakash Patil,Nashik,Maharashtra,2026-04-22,6.0,77.9,6.9,0.1,No,"Indian home-care observation | Prakash Patil | Nashik, Maharashtra | Source: mobile_app"
R03961,P030,Nandini Shetty,Mangaluru,Karnataka,2026-04-09,8.8,75.7,,4.4,No,"Indian home-care observation | Nandini Shetty | Mangaluru, Karnataka | Source: mobile_app"
R03962,P005,Vikram Singh,Mumbai,Maharashtra,2026-04-12,9.8,83.4,7.4,2.4,No,"Indian home-care observation | Vikram Singh | Mumbai, Maharashtra | Source: mobile_app"
R03963,P016,Aishwarya Pillai,Kollam,Kerala,2026-04-08,7.4,93.9,8.4,1.7,No,"Indian home-care observation | Aishwarya Pillai | Kollam, Kerala | Source: wearable_sync"
R03964,P017,Naveen Kumar,Mysuru,Karnataka,2026-04-07,7.0,73.9,7.3,1.1,No,"Indian home-care observation | Naveen Kumar | Mysuru, Karnataka | Source: tablet_kiosk"
R03965,P018,Harini Reddy,Warangal,Telangana,2026-04-10,7.4,74.6,7.9,4.1,No,"Indian home-care observation | Harini Reddy | Warangal, Telangana | Source: phone_checkin"
R03966,P025,Ravi Prasad,Patna,Bihar,2026-03-22,7.8,88.7,10.0,1.7,No,"Indian home-care observation | Ravi Prasad | Patna, Bihar | Source: nan"
R03967,P028,Swathi Rao,Visakhapatnam,Andhra Pradesh,2026-04-08,6.7,84.1,6.8,1.4,No,"Indian home-care observation | Swathi Rao | Visakhapatnam, Andhra Pradesh | Source: wearable_sync"
R03968,P003,Rahul Sharma,Delhi,Delhi,2026-03-29,9.4,87.7,7.6,3.3,No,"Indian home-care observation | Rahul Sharma | Delhi, Delhi | Source: phone_checkin"
R03969,P036,Sowmya N,Hyderabad,Telangana,2026-04-02,8.4,92.1,8.2,2.2,No,"Indian home-care observation | Sowmya N | Hyderabad, Telangana | Source: wearable_sync"
R03970,P023,Mohan Raj,Salem,Tamil Nadu,2026-04-11,7.4,98.4,6.2,3.1,No,"Indian home-care observation | Mohan Raj | Salem, Tamil Nadu | Source: wearable_sync"
R03971,P019,Deepak Verma,Chandigarh,Chandigarh,2026-04-21,8.9,74.7,,,No,"Indian home-care observation | Deepak Verma | Chandigarh, Chandigarh | Source: wearable_sync"
R03972,P013,Manoj Gupta,Lucknow,Uttar Pradesh,2026-04-09,7.6,85.4,6.7,1.6,No,"Indian home-care observation | Manoj Gupta | Lucknow, Uttar Pradesh | Source: tablet_kiosk"
R03973,P006,Meena Krishnan,Coimbatore,Tamil Nadu,2026-04-17,6.7,88.5,5.2,2.3,No,"Indian home-care observation | Meena Krishnan | Coimbatore, Tamil Nadu | Source: mobile_app"
R03974,P027,Aditya Kulkarni,Nagpur,Maharashtra,2026-04-11,6.2,78.6,8.5,2.9,No,"Indian home-care observation | Aditya Kulkarni | Nagpur, Maharashtra | Source: mobile_app"
R03975,P017,Naveen Kumar,Mysuru,Karnataka,2026-04-08,7.8,84.7,7.1,1.6,No,"Indian home-care observation | Naveen Kumar | Mysuru, Karnataka | Source: wearable_sync"
R03976,P026,Keerthana S,Tiruchirappalli,Tamil Nadu,2026-04-14,,74.0,,3.8,No,"Indian home-care observation | Keerthana S | Tiruchirappalli, Tamil Nadu | Source: tablet_kiosk"
R03977,P034,Madhuri Naik,Panaji,Goa,2026-04-04,8.0,84.5,,2.3,No,"Indian home-care observation | Madhuri Naik | Panaji, Goa | Source: tablet_kiosk"
R03978,P018,Harini Reddy,Warangal,Telangana,2026-04-11,8.7,71.9,7.8,3.0,No,"Indian home-care observation | Harini Reddy | Warangal, Telangana | Source: tablet_kiosk"
R03979,P031,Ashok Yadav,Kanpur,Uttar Pradesh,2026-04-08,7.9,63.6,7.5,1.7,No,"Indian home-care observation | Ashok Yadav | Kanpur, Uttar Pradesh | Source: mobile_app"
R03980,P025,Ravi Prasad,Patna,Bihar,2026-03-23,6.4,77.9,7.0,0.7,No,"Indian home-care observation | Ravi Prasad | Patna, Bihar | Source: phone_checkin"
R03981,P038,Janani Murugan,Erode,Tamil Nadu,2026-04-09,6.9,68.6,6.3,1.8,No,"Indian home-care observation | Janani Murugan | Erode, Tamil Nadu | Source: phone_checkin"
R03982,P034,Madhuri Naik,Panaji,Goa,2026-04-05,7.9,96.6,5.4,,No,"Indian home-care observation | Madhuri Naik | Panaji, Goa | Source: wearable_sync"
R03983,P002,Priya Nair,Kochi,Kerala,2026-04-01,7.5,80.1,4.7,1.2,No,"Indian home-care observation | Priya Nair | Kochi, Kerala | Source: wearable_sync"
R03984,P040,Deepa Thomas,Thrissur,Kerala,2026-04-13,5.0,83.7,,0.7,No,"Indian home-care observation | Deepa Thomas | Thrissur, Kerala | Source: phone_checkin"
R03985,P017,Naveen Kumar,Mysuru,Karnataka,2026-04-09,8.4,81.2,6.5,,No,"Indian home-care observation | Naveen Kumar | Mysuru, Karnataka | Source: tablet_kiosk"
R03986,P014,Sneha Joshi,Pune,Maharashtra,2026-04-09,9.3,64.9,5.8,2.9,No,"Indian home-care observation | Sneha Joshi | Pune, Maharashtra | Source: tablet_kiosk"
R03987,P009,Sanjay Kumar,Jaipur,Rajasthan,2026-04-05,7.5,82.4,6.7,2.8,No,"Indian home-care observation | Sanjay Kumar | Jaipur, Rajasthan | Source: tablet_kiosk"
R03988,P006,Meena Krishnan,Coimbatore,Tamil Nadu,2026-04-18,6.5,84.2,5.2,1.4,No,"Indian home-care observation | Meena Krishnan | Coimbatore, Tamil Nadu | Source: phone_checkin"
R03989,P013,Manoj Gupta,Lucknow,Uttar Pradesh,2026-04-10,9.3,83.7,7.6,0.2,No,"Indian home-care observation | Manoj Gupta | Lucknow, Uttar Pradesh | Source: wearable_sync"
R03990,P035,Prakash Patil,Nashik,Maharashtra,2026-04-23,7.0,72.9,6.8,2.4,No,"Indian home-care observation | Prakash Patil | Nashik, Maharashtra | Source: wearable_sync"
R03991,P028,Swathi Rao,Visakhapatnam,Andhra Pradesh,2026-04-09,6.8,87.5,5.5,2.4,No,"Indian home-care observation | Swathi Rao | Visakhapatnam, Andhra Pradesh | Source: phone_checkin"
R03992,P024,Neha Kapoor,New Delhi,Delhi,2026-04-25,6.9,,,10.0,No,"Indian home-care observation | Neha Kapoor | New Delhi, Delhi | Source: phone_checkin"
R03993,P018,Harini Reddy,Warangal,Telangana,2026-04-12,7.0,73.9,7.3,2.5,No,"Indian home-care observation | Harini Reddy | Warangal, Telangana | Source: phone_checkin"
R03994,P002,Priya Nair,Kochi,Kerala,2026-04-02,7.2,72.9,,2.6,No,"Indian home-care observation | Priya Nair | Kochi, Kerala | Source: tablet_kiosk"
R03995,P033,Ganesh Iyer,Chennai,Tamil Nadu,2026-04-18,7.4,81.2,5.9,2.3,No,"Indian home-care observation | Ganesh Iyer | Chennai, Tamil Nadu | Source: tablet_kiosk"
R03996,P031,Ashok Yadav,Kanpur,Uttar Pradesh,2026-04-09,9.0,,7.6,2.4,No,"Indian home-care observation | Ashok Yadav | Kanpur, Uttar Pradesh | Source: mobile_app"
R03997,P026,Keerthana S,Tiruchirappalli,Tamil Nadu,2026-04-15,7.1,83.5,,1.2,No,"Indian home-care observation | Keerthana S | Tiruchirappalli, Tamil Nadu | Source: wearable_sync"
R03998,P002,Priya Nair,Kochi,Kerala,2026-04-03,,78.2,5.2,2.7,No,"Indian home-care observation | Priya Nair | Kochi, Kerala | Source: mobile_app"
R03999,P037,Ramesh Chandran,Puducherry,Puducherry,2026-04-16,,88.2,7.0,2.8,No,"Indian home-care observation | Ramesh Chandran | Puducherry, Puducherry | Source: wearable_sync"
R04000,P014,Sneha Joshi,Pune,Maharashtra,2026-04-10,9.7,87.1,6.2,4.2,No,"Indian home-care observation | Sneha Joshi | Pune, Maharashtra | Source: wearable_sync"
R04001,P021,Ajay Menon,Kozhikode,Kerala,2026-04-17,5.3,,,1.0,No,"Indian home-care observation | Ajay Menon | Kozhikode, Kerala | Source: phone_checkin"
R04002,P010,Divya Patel,Ahmedabad,Gujarat,2026-04-11,5.6,55.9,,2.8,No,"Indian home-care observation | Divya Patel | Ahmedabad, Gujarat | Source: tablet_kiosk"
R04003,P030,Nandini Shetty,Mangaluru,Karnataka,2026-04-10,8.1,75.2,4.6,2.1,No,"Indian home-care observation | Nandini Shetty | Mangaluru, Karnataka | Source: phone_checkin"
R04004,P017,Naveen Kumar,Mysuru,Karnataka,2026-04-10,7.3,76.6,6.0,1.3,No,"Indian home-care observation | Naveen Kumar | Mysuru, Karnataka | Source: phone_checkin"
R04005,P028,Swathi Rao,Visakhapatnam,Andhra Pradesh,2026-04-10,7.8,83.7,5.9,,No,"Indian home-care observation | Swathi Rao | Visakhapatnam, Andhra Pradesh | Source: phone_checkin"
R04006,P020,Pooja Shah,Surat,Gujarat,2026-04-07,6.0,69.8,6.1,0.9,No,"Indian home-care observation | Pooja Shah | Surat, Gujarat | Source: wearable_sync"
R04007,P021,Ajay Menon,Kozhikode,Kerala,2026-04-18,7.0,84.8,6.1,2.6,No,"Indian home-care observation | Ajay Menon | Kozhikode, Kerala | Source: wearable_sync"
R04008,P015,Suresh Babu,Madurai,Tamil Nadu,2026-04-13,,71.1,6.4,1.7,No,"Indian home-care observation | Suresh Babu | Madurai, Tamil Nadu | Source: mobile_app"
R04009,P029,Gopal Krishnan,Madurai,Tamil Nadu,2026-04-14,7.8,77.7,,2.2,No,"Indian home-care observation | Gopal Krishnan | Madurai, Tamil Nadu | Source: tablet_kiosk"
R04010,P018,Harini Reddy,Warangal,Telangana,2026-04-13,7.0,73.5,6.9,2.7,No,"Indian home-care observation | Harini Reddy | Warangal, Telangana | Source: phone_checkin"
R04011,P038,Janani Murugan,Erode,Tamil Nadu,2026-04-10,,71.3,6.3,2.5,No,"Indian home-care observation | Janani Murugan | Erode, Tamil Nadu | Source: phone_checkin"
R04012,P006,Meena Krishnan,Coimbatore,Tamil Nadu,2026-04-19,5.8,86.0,6.1,1.1,No,"Indian home-care observation | Meena Krishnan | Coimbatore, Tamil Nadu | Source: phone_checkin"
R04013,P027,Aditya Kulkarni,Nagpur,Maharashtra,2026-04-12,5.8,80.2,8.4,2.2,No,"Indian home-care observation | Aditya Kulkarni | Nagpur, Maharashtra | Source: phone_checkin"
R04014,P017,Naveen Kumar,Mysuru,Karnataka,2026-04-11,7.5,78.2,6.8,2.8,No,"Indian home-care observation | Naveen Kumar | Mysuru, Karnataka | Source: wearable_sync"
R04015,P015,Suresh Babu,Madurai,Tamil Nadu,2026-04-14,9.9,75.3,6.5,0.6,No,"Indian home-care observation | Suresh Babu | Madurai, Tamil Nadu | Source: tablet_kiosk"
R04016,P006,Meena Krishnan,Coimbatore,Tamil Nadu,2026-04-20,7.3,95.9,7.4,1.9,No,"Indian home-care observation | Meena Krishnan | Coimbatore, Tamil Nadu | Source: mobile_app"
R04017,P036,Sowmya N,Hyderabad,Telangana,2026-04-03,7.8,86.7,6.8,0.9,No,"Indian home-care observation | Sowmya N | Hyderabad, Telangana | Source: phone_checkin"
R04018,P022,Shreya Das,Bhubaneswar,Odisha,2026-03-31,8.5,77.9,4.0,3.4,No,"Indian home-care observation | Shreya Das | Bhubaneswar, Odisha | Source: wearable_sync"
R04019,P029,Gopal Krishnan,Madurai,Tamil Nadu,2026-04-15,7.6,83.2,7.1,2.6,No,"Indian home-care observation | Gopal Krishnan | Madurai, Tamil Nadu | Source: mobile_app"
R04020,P014,Sneha Joshi,Pune,Maharashtra,2026-04-11,7.5,74.8,,,No,"Indian home-care observation | Sneha Joshi | Pune, Maharashtra | Source: tablet_kiosk"
R04021,P036,Sowmya N,Hyderabad,Telangana,2026-04-04,8.0,83.2,7.5,2.9,No,"Indian home-care observation | Sowmya N | Hyderabad, Telangana | Source: wearable_sync"
R04022,P012,Kavya Menon,Thiruvananthapuram,Kerala,2026-04-03,6.7,95.2,8.8,2.3,No,"Indian home-care observation | Kavya Menon | Thiruvananthapuram, Kerala | Source: phone_checkin"
R04023,P029,Gopal Krishnan,Madurai,Tamil Nadu,2026-04-16,8.1,90.5,7.4,2.2,No,"Indian home-care observation | Gopal Krishnan | Madurai, Tamil Nadu | Source: phone_checkin"
R04024,P018,Harini Reddy,Warangal,Telangana,2026-04-14,8.0,77.6,,2.3,No,"Indian home-care observation | Harini Reddy | Warangal, Telangana | Source: tablet_kiosk"
R04025,P021,Ajay Menon,Kozhikode,Kerala,2026-04-19,5.5,76.5,5.8,1.8,No,"Indian home-care observation | Ajay Menon | Kozhikode, Kerala | Source: wearable_sync"
R04026,P014,Sneha Joshi,Pune,Maharashtra,2026-04-12,8.4,85.1,5.2,1.2,No,"Indian home-care observation | Sneha Joshi | Pune, Maharashtra | Source: phone_checkin"
R04027,P027,Aditya Kulkarni,Nagpur,Maharashtra,2026-04-13,7.8,85.1,9.3,2.6,No,"Indian home-care observation | Aditya Kulkarni | Nagpur, Maharashtra | Source: phone_checkin"
R04028,P020,Pooja Shah,Surat,Gujarat,2026-04-08,7.0,86.7,5.6,1.6,No,"Indian home-care observation | Pooja Shah | Surat, Gujarat | Source: tablet_kiosk"
R04029,P012,Kavya Menon,Thiruvananthapuram,Kerala,2026-04-04,6.7,86.7,8.3,1.2,No,"Indian home-care observation | Kavya Menon | Thiruvananthapuram, Kerala | Source: TABLET_KIOSK"
R04030,P002,Priya Nair,Kochi,Kerala,2026-04-04,7.0,76.6,5.1,2.5,No,"Indian home-care observation | Priya Nair | Kochi, Kerala | Source: phone_checkin"
R04031,P028,Swathi Rao,Visakhapatnam,Andhra Pradesh,2026-04-11,7.0,83.7,6.2,3.2,No,"Indian home-care observation | Swathi Rao | Visakhapatnam, Andhra Pradesh | Source: phone_checkin"
R04032,P002,Priya Nair,Kochi,Kerala,2026-04-05,7.8,78.8,4.7,1.3,No,"Indian home-care observation | Priya Nair | Kochi, Kerala | Source: wearable_sync"
R04033,P015,Suresh Babu,Madurai,Tamil Nadu,2026-04-15,9.5,70.8,,0.0,No,"Indian home-care observation | Suresh Babu | Madurai, Tamil Nadu | Source: mobile_app"
R04034,P002,Priya Nair,Kochi,Kerala,2026-04-06,7.8,80.8,,2.9,No,"Indian home-care observation | Priya Nair | Kochi, Kerala | Source: phone_checkin"
R04035,P022,Shreya Das,Bhubaneswar,Odisha,2026-04-01,8.6,73.1,,2.3,No,"Indian home-care observation | Shreya Das | Bhubaneswar, Odisha | Source: mobile_app"
R04036,P036,Sowmya N,Hyderabad,Telangana,2026-04-05,7.9,83.9,7.8,2.6,No,"Indian home-care observation | Sowmya N | Hyderabad, Telangana | Source: tablet_kiosk"
R04037,P021,Ajay Menon,Kozhikode,Kerala,2026-04-20,,,6.2,2.7,No,"Indian home-care observation | Ajay Menon | Kozhikode, Kerala | Source: phone_checkin"
R04038,P016,Aishwarya Pillai,Kollam,Kerala,2026-04-09,7.4,85.2,8.3,2.6,No,"Indian home-care observation | Aishwarya Pillai | Kollam, Kerala | Source: PHONE_CHECKIN"
R04039,P012,Kavya Menon,Thiruvananthapuram,Kerala,2026-04-05,7.9,90.8,9.3,2.8,No,"Indian home-care observation | Kavya Menon | Thiruvananthapuram, Kerala | Source: phone_checkin"
R04040,P029,Gopal Krishnan,Madurai,Tamil Nadu,2026-04-17,7.0,86.3,6.6,3.3,No,"Indian home-care observation | Gopal Krishnan | Madurai, Tamil Nadu | Source: wearable_sync"
R04041,P020,Pooja Shah,Surat,Gujarat,2026-04-09,6.9,72.4,5.3,1.6,No,"Indian home-care observation | Pooja Shah | Surat, Gujarat | Source: mobile_app"
R04042,P039,Imran Khan,Bhopal,Madhya Pradesh,2026-03-30,7.5,73.7,8.1,2.6,No,"Indian home-care observation | Imran Khan | Bhopal, Madhya Pradesh | Source: tablet_kiosk"
R04043,P011,Rohan Das,Kolkata,West Bengal,2026-04-07,6.5,73.8,5.9,2.9,No,"Indian home-care observation | Rohan Das | Kolkata, West Bengal | Source: wearable_sync"
R04044,P013,Manoj Gupta,Lucknow,Uttar Pradesh,2026-04-11,8.0,79.4,5.9,1.9,No,"Indian home-care observation | Manoj Gupta | Lucknow, Uttar Pradesh | Source: mobile_app"
R04045,P035,Prakash Patil,Nashik,Maharashtra,2026-04-24,7.1,78.0,6.4,2.1,No,"Indian home-care observation | Prakash Patil | Nashik, Maharashtra | Source: wearable_sync"
R04046,P034,Madhuri Naik,Panaji,Goa,2026-04-06,7.5,91.5,5.8,2.3,No,"Indian home-care observation | Madhuri Naik | Panaji, Goa | Source: wearable_sync"
R04047,P036,Sowmya N,Hyderabad,Telangana,2026-04-06,7.8,85.8,7.4,2.9,No,"Indian home-care observation | Sowmya N | Hyderabad, Telangana | Source: phone_checkin"
R04048,P016,Aishwarya Pillai,Kollam,Kerala,2026-04-10,7.8,,,3.0,No,"Indian home-care observation | Aishwarya Pillai | Kollam, Kerala | Source: tablet_kiosk"
R04049,P032,Bhavana R,Bengaluru,Karnataka,2026-04-15,7.6,84.5,7.1,2.2,No,"Indian home-care observation | Bhavana R | Bengaluru, Karnataka | Source: mobile_app"
R04050,P031,Ashok Yadav,Kanpur,Uttar Pradesh,2026-04-10,7.1,59.5,7.3,0.9,No,"Indian home-care observation | Ashok Yadav | Kanpur, Uttar Pradesh | Source: phone_checkin"
R04051,P018,Harini Reddy,Warangal,Telangana,2026-04-15,7.9,77.1,6.3,1.4,No,"Indian home-care observation | Harini Reddy | Warangal, Telangana | Source: mobile_app"
R04052,P032,Bhavana R,Bengaluru,Karnataka,2026-04-16,7.2,81.6,8.2,1.4,No,"Indian home-care observation | Bhavana R | Bengaluru, Karnataka | Source: mobile_app"
R04053,P002,Priya Nair,Kochi,Kerala,2026-04-07,7.3,72.3,5.2,0.8,No,"Indian home-care observation | Priya Nair | Kochi, Kerala | Source: phone_checkin"
R04054,P009,Sanjay Kumar,Jaipur,Rajasthan,2026-04-06,6.2,,,3.4,No,"Indian home-care observation | Sanjay Kumar | Jaipur, Rajasthan | Source: tablet_kiosk"
R04055,P016,Aishwarya Pillai,Kollam,Kerala,2026-04-11,7.9,84.5,9.2,2.3,No,"Indian home-care observation | Aishwarya Pillai | Kollam, Kerala | Source: tablet_kiosk"
R04056,P035,Prakash Patil,Nashik,Maharashtra,2026-04-25,6.0,67.2,7.0,1.1,No,"Indian home-care observation | Prakash Patil | Nashik, Maharashtra | Source: nan"
R04057,P029,Gopal Krishnan,Madurai,Tamil Nadu,2026-04-18,6.7,82.9,6.5,2.1,No,"Indian home-care observation | Gopal Krishnan | Madurai, Tamil Nadu | Source: tablet_kiosk"
R04058,P031,Ashok Yadav,Kanpur,Uttar Pradesh,2026-04-11,8.3,63.2,7.2,0.8,No,"Indian home-care observation | Ashok Yadav | Kanpur, Uttar Pradesh | Source: phone_checkin"
R04059,P010,Divya Patel,Ahmedabad,Gujarat,2026-04-12,7.7,64.6,8.5,2.4,No,"Indian home-care observation | Divya Patel | Ahmedabad, Gujarat | Source: phone_checkin"
R04060,P035,Prakash Patil,Nashik,Maharashtra,2026-04-26,7.2,79.1,7.3,2.2,No,"Indian home-care observation | Prakash Patil | Nashik, Maharashtra | Source: phone_checkin"
R04061,P033,Ganesh Iyer,Chennai,Tamil Nadu,2026-04-19,7.9,83.4,7.0,4.3,No,"Indian home-care observation | Ganesh Iyer | Chennai, Tamil Nadu | Source: tablet_kiosk"
R04062,P006,Meena Krishnan,Coimbatore,Tamil Nadu,2026-04-21,6.6,90.5,7.5,3.9,No,"Indian home-care observation | Meena Krishnan | Coimbatore, Tamil Nadu | Source: tablet_kiosk"
R04063,P010,Divya Patel,Ahmedabad,Gujarat,2026-04-13,6.2,,6.3,1.8,No,"Indian home-care observation | Divya Patel | Ahmedabad, Gujarat | Source: wearable_sync"
R04064,P038,Janani Murugan,Erode,Tamil Nadu,2026-04-11,7.5,71.7,6.4,2.2,No,"Indian home-care observation | Janani Murugan | Erode, Tamil Nadu | Source: tablet_kiosk"
R04065,P033,Ganesh Iyer,Chennai,Tamil Nadu,2026-04-20,7.9,78.2,6.8,2.2,No,"Indian home-care observation | Ganesh Iyer | Chennai, Tamil Nadu | Source: phone_checkin"
R04066,P023,Mohan Raj,Salem,Tamil Nadu,2026-04-12,,100.0,6.8,2.9,No,"Indian home-care observation | Mohan Raj | Salem, Tamil Nadu | Source: phone_checkin"
R04067,P011,Rohan Das,Kolkata,West Bengal,2026-04-08,5.9,74.0,6.5,3.1,No,"Indian home-care observation | Rohan Das | Kolkata, West Bengal | Source: phone_checkin"
R04068,P012,Kavya Menon,Thiruvananthapuram,Kerala,2026-04-06,7.6,94.7,8.8,3.3,No,"Indian home-care observation | Kavya Menon | Thiruvananthapuram, Kerala | Source: tablet_kiosk"
R04069,P017,Naveen Kumar,Mysuru,Karnataka,2026-04-12,8.5,78.0,6.3,2.9,No,"Indian home-care observation | Naveen Kumar | Mysuru, Karnataka | Source: mobile_app"
R04070,P028,Swathi Rao,Visakhapatnam,Andhra Pradesh,2026-04-12,7.0,88.9,6.8,1.1,No,"Indian home-care observation | Swathi Rao | Visakhapatnam, Andhra Pradesh | Source: phone_checkin"
R04071,P022,Shreya Das,Bhubaneswar,Odisha,2026-04-02,8.3,81.7,4.1,2.3,No,"Indian home-care observation | Shreya Das | Bhubaneswar, Odisha | Source: tablet_kiosk"
R04072,P001,Arjun Mehta,Chennai,Tamil Nadu,2026-04-18,7.6,79.5,6.9,2.1,No,"Indian home-care observation | Arjun Mehta | Chennai, Tamil Nadu | Source: wearable_sync"
R04073,P022,Shreya Das,Bhubaneswar,Odisha,2026-04-03,7.8,77.0,3.3,2.7,No,"Indian home-care observation | Shreya Das | Bhubaneswar, Odisha | Source: mobile_app"
R04074,P039,Imran Khan,Bhopal,Madhya Pradesh,2026-03-31,7.2,74.7,6.8,2.8,No,"Indian home-care observation | Imran Khan | Bhopal, Madhya Pradesh | Source: mobile_app"
R04075,P019,Deepak Verma,Chandigarh,Chandigarh,2026-04-22,9.2,75.9,9.4,2.9,No,"Indian home-care observation | Deepak Verma | Chandigarh, Chandigarh | Source: wearable_sync"
R04076,P024,Neha Kapoor,New Delhi,Delhi,2026-04-26,7.9,91.9,7.6,2.7,No,"Indian home-care observation | Neha Kapoor | New Delhi, Delhi | Source: mobile_app"
R04077,P031,Ashok Yadav,Kanpur,Uttar Pradesh,2026-04-12,,51.5,6.2,1.2,No,"Indian home-care observation | Ashok Yadav | Kanpur, Uttar Pradesh | Source: wearable_sync"
R04078,P013,Manoj Gupta,Lucknow,Uttar Pradesh,2026-04-12,7.6,82.3,6.4,2.3,No,"Indian home-care observation | Manoj Gupta | Lucknow, Uttar Pradesh | Source: mobile_app"
R04079,P015,Suresh Babu,Madurai,Tamil Nadu,2026-04-16,9.5,72.0,6.6,2.1,No,"Indian home-care observation | Suresh Babu | Madurai, Tamil Nadu | Source: mobile_app"
R04080,P011,Rohan Das,Kolkata,West Bengal,2026-04-09,6.0,70.8,5.7,1.1,No,"Indian home-care observation | Rohan Das | Kolkata, West Bengal | Source: tablet_kiosk"
R04081,P021,Ajay Menon,Kozhikode,Kerala,2026-04-21,7.3,91.8,6.3,2.4,No,"Indian home-care observation | Ajay Menon | Kozhikode, Kerala | Source: MOBILE_APP"
R04082,P006,Meena Krishnan,Coimbatore,Tamil Nadu,2026-04-22,6.5,92.9,6.7,2.8,No,"Indian home-care observation | Meena Krishnan | Coimbatore, Tamil Nadu | Source: tablet_kiosk"
R04083,P014,Sneha Joshi,Pune,Maharashtra,2026-04-13,8.3,72.8,6.4,2.2,No,"Indian home-care observation | Sneha Joshi | Pune, Maharashtra | Source: wearable_sync"
R04084,P015,Suresh Babu,Madurai,Tamil Nadu,2026-04-17,,70.5,5.7,1.9,No,"Indian home-care observation | Suresh Babu | Madurai, Tamil Nadu | Source: mobile_app"
R04085,P013,Manoj Gupta,Lucknow,Uttar Pradesh,2026-04-13,7.8,82.9,6.5,1.9,No,"Indian home-care observation | Manoj Gupta | Lucknow, Uttar Pradesh | Source: wearable_sync"
R04086,P033,Ganesh Iyer,Chennai,Tamil Nadu,2026-04-21,8.4,76.6,,3.0,No,"Indian home-care observation | Ganesh Iyer | Chennai, Tamil Nadu | Source: tablet_kiosk"
R04087,P004,Ananya Iyer,Bengaluru,Karnataka,2026-04-26,7.5,75.8,6.2,1.9,No,"Indian home-care observation | Ananya Iyer | Bengaluru, Karnataka | Source: wearable_sync"
R04088,P025,Ravi Prasad,Patna,Bihar,2026-03-24,6.7,,8.5,2.4,No,"Indian home-care observation | Ravi Prasad | Patna, Bihar | Source: tablet_kiosk"
R04089,P026,Keerthana S,Tiruchirappalli,Tamil Nadu,2026-04-16,7.1,80.0,6.8,1.4,No,"Indian home-care observation | Keerthana S | Tiruchirappalli, Tamil Nadu | Source: wearable_sync"
R04090,P006,Meena Krishnan,Coimbatore,Tamil Nadu,2026-04-23,5.4,87.3,6.2,1.9,No,"Indian home-care observation | Meena Krishnan | Coimbatore, Tamil Nadu | Source: mobile_app"
R04091,P039,Imran Khan,Bhopal,Madhya Pradesh,2026-04-01,8.0,74.7,7.5,3.3,No,"Indian home-care observation | Imran Khan | Bhopal, Madhya Pradesh | Source: phone_checkin"
R04092,P005,Vikram Singh,Mumbai,Maharashtra,2026-04-13,9.0,81.3,8.2,2.7,No,"Indian home-care observation | Vikram Singh | Mumbai, Maharashtra | Source: phone_checkin"
R04093,P039,Imran Khan,Bhopal,Madhya Pradesh,2026-04-02,8.1,80.6,7.7,3.6,No,"Indian home-care observation | Imran Khan | Bhopal, Madhya Pradesh | Source: wearable_sync"
R04094,P024,Neha Kapoor,New Delhi,Delhi,2026-04-27,7.0,89.8,6.8,1.4,No,"Indian home-care observation | Neha Kapoor | New Delhi, Delhi | Source: wearable_sync"
R04095,P025,Ravi Prasad,Patna,Bihar,2026-03-25,6.4,80.9,,0.8,No,"Indian home-care observation | Ravi Prasad | Patna, Bihar | Source: phone_checkin"
R04096,P020,Pooja Shah,Surat,Gujarat,2026-04-10,6.4,69.5,5.3,0.8,No,"Indian home-care observation | Pooja Shah | Surat, Gujarat | Source: wearable_sync"
R04097,P037,Ramesh Chandran,Puducherry,Puducherry,2026-04-17,6.6,87.2,7.0,1.4,No,"Indian home-care observation | Ramesh Chandran | Puducherry, Puducherry | Source: wearable_sync"
R04098,P008,Lakshmi Rao,Vijayawada,Andhra Pradesh,2026-04-01,5.9,76.2,7.3,1.9,No,"Indian home-care observation | Lakshmi Rao | Vijayawada, Andhra Pradesh | Source: tablet_kiosk"
R04099,P022,Shreya Das,Bhubaneswar,Odisha,2026-04-04,8.5,68.5,4.2,3.3,No,"Indian home-care observation | Shreya Das | Bhubaneswar, Odisha | Source: mobile_app"
R04100,P019,Deepak Verma,Chandigarh,Chandigarh,2026-04-23,8.2,76.2,6.4,1.8,No,"Indian home-care observation | Deepak Verma | Chandigarh, Chandigarh | Source: tablet_kiosk"
R04101,P004,Ananya Iyer,Bengaluru,Karnataka,2026-04-27,6.3,66.9,,0.5,No,"Indian home-care observation | Ananya Iyer | Bengaluru, Karnataka | Source: phone_checkin"
R04102,P035,Prakash Patil,Nashik,Maharashtra,2026-04-27,6.7,69.2,6.4,1.6,No,"Indian home-care observation | Prakash Patil | Nashik, Maharashtra | Source: phone_checkin"
R04103,P007,Karthik Reddy,Hyderabad,Telangana,2026-04-10,8.9,87.9,7.2,3.4,No,"Indian home-care observation | Karthik Reddy | Hyderabad, Telangana | Source: phone_checkin"
R04104,P036,Sowmya N,Hyderabad,Telangana,2026-04-07,8.0,82.8,7.8,1.7,No,"Indian home-care observation | Sowmya N | Hyderabad, Telangana | Source: wearable_sync"
R04105,P031,Ashok Yadav,Kanpur,Uttar Pradesh,2026-04-13,6.8,50.3,6.6,0.0,No,"Indian home-care observation | Ashok Yadav | Kanpur, Uttar Pradesh | Source: tablet_kiosk"
R04106,P033,Ganesh Iyer,Chennai,Tamil Nadu,2026-04-22,8.2,,6.2,2.9,No,"Indian home-care observation | Ganesh Iyer | Chennai, Tamil Nadu | Source: wearable_sync"
R04107,P020,Pooja Shah,Surat,Gujarat,2026-04-11,6.4,81.7,6.7,1.9,No,"Indian home-care observation | Pooja Shah | Surat, Gujarat | Source: mobile_app"
R04108,P039,Imran Khan,Bhopal,Madhya Pradesh,2026-04-03,7.8,80.2,7.5,2.3,Yes,"Indian home-care observation | Imran Khan | Bhopal, Madhya Pradesh | Source: wearable_sync"
R04109,P024,Neha Kapoor,New Delhi,Delhi,2026-04-28,8.2,88.1,,4.3,No,"Indian home-care observation | Neha Kapoor | New Delhi, Delhi | Source: wearable_sync"
R04110,P030,Nandini Shetty,Mangaluru,Karnataka,2026-04-11,5.7,56.1,1.9,,No,"Indian home-care observation | Nandini Shetty | Mangaluru, Karnataka | Source: mobile_app"
R04111,P007,Karthik Reddy,Hyderabad,Telangana,2026-04-11,7.7,78.4,7.4,2.6,No,"Indian home-care observation | Karthik Reddy | Hyderabad, Telangana | Source: wearable_sync"
R04112,P004,Ananya Iyer,Bengaluru,Karnataka,2026-04-28,6.3,64.9,5.3,2.6,No,"Indian home-care observation | Ananya Iyer | Bengaluru, Karnataka | Source: wearable_sync"
R04113,P034,Madhuri Naik,Panaji,Goa,2026-04-07,8.2,85.8,4.9,,No,"Indian home-care observation | Madhuri Naik | Panaji, Goa | Source: mobile_app"
R04114,P019,Deepak Verma,Chandigarh,Chandigarh,2026-04-24,8.5,70.7,,1.4,No,"Indian home-care observation | Deepak Verma | Chandigarh, Chandigarh | Source: tablet_kiosk"
R04115,P017,Naveen Kumar,Mysuru,Karnataka,2026-04-13,7.8,71.9,,3.4,Yes,"Indian home-care observation | Naveen Kumar | Mysuru, Karnataka | Source: tablet_kiosk"
R04116,P020,Pooja Shah,Surat,Gujarat,2026-04-12,5.8,74.0,5.8,3.5,No,"Indian home-care observation | Pooja Shah | Surat, Gujarat | Source: phone_checkin"
R04117,P006,Meena Krishnan,Coimbatore,Tamil Nadu,2026-04-24,7.4,86.8,7.2,2.2,No,"Indian home-care observation | Meena Krishnan | Coimbatore, Tamil Nadu | Source: mobile_app"
R04118,P021,Ajay Menon,Kozhikode,Kerala,2026-04-22,6.9,89.8,5.9,3.6,No,"Indian home-care observation | Ajay Menon | Kozhikode, Kerala | Source: mobile_app"
R04119,P032,Bhavana R,Bengaluru,Karnataka,2026-04-17,7.6,86.1,10.0,1.8,No,"Indian home-care observation | Bhavana R | Bengaluru, Karnataka | Source: mobile_app"
R04120,P022,Shreya Das,Bhubaneswar,Odisha,2026-04-05,7.7,75.4,4.2,2.8,No,"Indian home-care observation | Shreya Das | Bhubaneswar, Odisha | Source: mobile_app"
R04121,P037,Ramesh Chandran,Puducherry,Puducherry,2026-04-18,7.7,88.9,7.3,3.2,No,"Indian home-care observation | Ramesh Chandran | Puducherry, Puducherry | Source: wearable_sync"
R04122,P006,Meena Krishnan,Coimbatore,Tamil Nadu,2026-04-25,6.2,94.0,6.5,3.2,No,"Indian home-care observation | Meena Krishnan | Coimbatore, Tamil Nadu | Source: phone_checkin"
R04123,P002,Priya Nair,Kochi,Kerala,2026-04-08,6.9,84.3,5.7,2.0,No,"Indian home-care observation | Priya Nair | Kochi, Kerala | Source: mobile_app"
R04124,P014,Sneha Joshi,Pune,Maharashtra,2026-04-14,7.9,66.4,3.8,2.3,No,"Indian home-care observation | Sneha Joshi | Pune, Maharashtra | Source: mobile_app"
R04125,P016,Aishwarya Pillai,Kollam,Kerala,2026-04-12,7.4,90.4,8.3,2.6,No,"Indian home-care observation | Aishwarya Pillai | Kollam, Kerala | Source: wearable_sync"
R04126,P029,Gopal Krishnan,Madurai,Tamil Nadu,2026-04-19,6.8,79.4,7.3,2.5,No,"Indian home-care observation | Gopal Krishnan | Madurai, Tamil Nadu | Source: mobile_app"
R04127,P017,Naveen Kumar,Mysuru,Karnataka,2026-04-14,8.4,78.2,7.7,2.4,No,"Indian home-care observation | Naveen Kumar | Mysuru, Karnataka | Source: tablet_kiosk"
R04128,P003,Rahul Sharma,Delhi,Delhi,2026-03-30,7.6,75.0,5.6,2.5,No,"Indian home-care observation | Rahul Sharma | Delhi, Delhi | Source: mobile_app"
R04129,P021,Ajay Menon,Kozhikode,Kerala,2026-04-23,,80.4,6.2,3.4,No,"Indian home-care observation | Ajay Menon | Kozhikode, Kerala | Source: tablet_kiosk"
R04130,P040,Deepa Thomas,Thrissur,Kerala,2026-04-14,5.8,79.0,4.2,1.6,No,"Indian home-care observation | Deepa Thomas | Thrissur, Kerala | Source: nan"
R04131,P010,Divya Patel,Ahmedabad,Gujarat,2026-04-14,5.9,66.4,7.5,2.4,No,"Indian home-care observation | Divya Patel | Ahmedabad, Gujarat | Source: mobile_app"
R04132,P005,Vikram Singh,Mumbai,Maharashtra,2026-04-14,8.9,80.4,,3.6,No,"Indian home-care observation | Vikram Singh | Mumbai, Maharashtra | Source: tablet_kiosk"
R04133,P017,Naveen Kumar,Mysuru,Karnataka,2026-04-15,8.4,76.0,6.8,2.8,No,"Indian home-care observation | Naveen Kumar | Mysuru, Karnataka | Source: mobile_app"
R04134,P032,Bhavana R,Bengaluru,Karnataka,2026-04-18,7.0,90.3,7.4,3.4,No,"Indian home-care observation | Bhavana R | Bengaluru, Karnataka | Source: tablet_kiosk"
R04135,P001,Arjun Mehta,Chennai,Tamil Nadu,2026-04-19,8.2,75.9,8.5,2.7,No,"Indian home-care observation | Arjun Mehta | Chennai, Tamil Nadu | Source: phone_checkin"
R04136,P003,Rahul Sharma,Delhi,Delhi,2026-03-31,7.9,73.0,6.1,2.4,No,"Indian home-care observation | Rahul Sharma | Delhi, Delhi | Source: mobile_app"
R04137,P032,Bhavana R,Bengaluru,Karnataka,2026-04-19,8.4,96.0,8.6,3.8,No,"Indian home-care observation | Bhavana R | Bengaluru, Karnataka | Source: phone_checkin"
R04138,P035,Prakash Patil,Nashik,Maharashtra,2026-04-28,6.2,65.3,7.0,2.2,No,"Indian home-care observation | Prakash Patil | Nashik, Maharashtra | Source: tablet_kiosk"
R04139,P027,Aditya Kulkarni,Nagpur,Maharashtra,2026-04-14,5.8,76.0,8.0,0.3,No,"Indian home-care observation | Aditya Kulkarni | Nagpur, Maharashtra | Source: phone_checkin"
R04140,P025,Ravi Prasad,Patna,Bihar,2026-03-26,6.2,,,,No,"Indian home-care observation | Ravi Prasad | Patna, Bihar | Source: phone_checkin"
R04141,P007,Karthik Reddy,Hyderabad,Telangana,2026-04-12,8.5,68.6,7.9,2.4,No,"Indian home-care observation | Karthik Reddy | Hyderabad, Telangana | Source: wearable_sync"
R04142,P005,Vikram Singh,Mumbai,Maharashtra,2026-04-15,8.4,78.7,7.1,2.7,No,"Indian home-care observation | Vikram Singh | Mumbai, Maharashtra | Source: phone_checkin"
R04143,P005,Vikram Singh,Mumbai,Maharashtra,2026-04-16,8.3,93.7,7.3,2.3,No,"Indian home-care observation | Vikram Singh | Mumbai, Maharashtra | Source: nan"
R04144,P036,Sowmya N,Hyderabad,Telangana,2026-04-08,7.6,83.0,8.2,1.8,No,"Indian home-care observation | Sowmya N | Hyderabad, Telangana | Source: phone_checkin"
R04145,P033,Ganesh Iyer,Chennai,Tamil Nadu,2026-04-23,8.3,81.3,6.6,1.9,No,"Indian home-care observation | Ganesh Iyer | Chennai, Tamil Nadu | Source: nan"
R04146,P023,Mohan Raj,Salem,Tamil Nadu,2026-04-13,6.5,90.3,6.3,1.7,No,"Indian home-care observation | Mohan Raj | Salem, Tamil Nadu | Source: mobile_app"
R04147,P018,Harini Reddy,Warangal,Telangana,2026-04-16,7.0,73.9,7.3,2.5,No,"Indian home-care observation | Harini Reddy | Warangal, Telangana | Source: phone_checkin"
R04148,P025,Ravi Prasad,Patna,Bihar,2026-03-27,7.4,87.5,7.7,2.7,No,"Indian home-care observation | Ravi Prasad | Patna, Bihar | Source: wearable_sync"
R04149,P003,Rahul Sharma,Delhi,Delhi,2026-04-01,,77.3,6.7,3.3,No,"Indian home-care observation | Rahul Sharma | Delhi, Delhi | Source: tablet_kiosk"
R04150,P019,Deepak Verma,Chandigarh,Chandigarh,2026-04-25,8.3,76.8,7.0,2.6,No,"Indian home-care observation | Deepak Verma | Chandigarh, Chandigarh | Source: wearable_sync"
R04151,P022,Shreya Das,Bhubaneswar,Odisha,2026-04-06,7.9,74.4,4.3,2.0,No,"Indian home-care observation | Shreya Das | Bhubaneswar, Odisha | Source: phone_checkin"
R04152,P038,Janani Murugan,Erode,Tamil Nadu,2026-04-12,7.5,72.6,,1.1,No,"Indian home-care observation | Janani Murugan | Erode, Tamil Nadu | Source: tablet_kiosk"
R04153,P002,Priya Nair,Kochi,Kerala,2026-04-09,,68.6,6.0,2.1,No,"Indian home-care observation | Priya Nair | Kochi, Kerala | Source: mobile_app"
R04154,P016,Aishwarya Pillai,Kollam,Kerala,2026-04-13,6.9,87.3,9.4,2.6,No,"Indian home-care observation | Aishwarya Pillai | Kollam, Kerala | Source: tablet_kiosk"
R04155,P040,Deepa Thomas,Thrissur,Kerala,2026-04-15,6.1,92.0,6.2,3.2,No,"Indian home-care observation | Deepa Thomas | Thrissur, Kerala | Source: mobile_app"
R04156,P036,Sowmya N,Hyderabad,Telangana,2026-04-09,8.5,89.3,8.3,1.4,No,"Indian home-care observation | Sowmya N | Hyderabad, Telangana | Source: phone_checkin"
R04157,P003,Rahul Sharma,Delhi,Delhi,2026-04-02,7.4,79.8,,2.4,No,"Indian home-care observation | Rahul Sharma | Delhi, Delhi | Source: phone_checkin"
R04158,P005,Vikram Singh,Mumbai,Maharashtra,2026-04-17,8.7,82.6,7.8,4.5,No,"Indian home-care observation | Vikram Singh | Mumbai, Maharashtra | Source: phone_checkin"
R04159,P015,Suresh Babu,Madurai,Tamil Nadu,2026-04-18,9.6,,6.8,1.1,No,"Indian home-care observation | Suresh Babu | Madurai, Tamil Nadu | Source: tablet_kiosk"
R04160,P030,Nandini Shetty,Mangaluru,Karnataka,2026-04-12,6.2,55.5,2.9,0.0,No,"Indian home-care observation | Nandini Shetty | Mangaluru, Karnataka | Source: phone_checkin"
R04161,P026,Keerthana S,Tiruchirappalli,Tamil Nadu,2026-04-17,6.8,77.2,6.4,2.7,Yes,"Indian home-care observation | Keerthana S | Tiruchirappalli, Tamil Nadu | Source: phone_checkin"
R04162,P037,Ramesh Chandran,Puducherry,Puducherry,2026-04-19,7.4,89.7,7.1,3.2,No,"Indian home-care observation | Ramesh Chandran | Puducherry, Puducherry | Source: tablet_kiosk"
R04163,P021,Ajay Menon,Kozhikode,Kerala,2026-04-24,6.7,85.1,5.3,1.6,No,"Indian home-care observation | Ajay Menon | Kozhikode, Kerala | Source: wearable_sync"
R04164,P033,Ganesh Iyer,Chennai,Tamil Nadu,2026-04-24,7.4,97.7,6.0,2.4,No,"Indian home-care observation | Ganesh Iyer | Chennai, Tamil Nadu | Source: tablet_kiosk"
R04165,P008,Lakshmi Rao,Vijayawada,Andhra Pradesh,2026-04-02,6.6,77.1,7.6,1.7,No,"Indian home-care observation | Lakshmi Rao | Vijayawada, Andhra Pradesh | Source: phone_checkin"
R04166,P018,Harini Reddy,Warangal,Telangana,2026-04-17,8.1,79.2,7.6,1.1,No,"Indian home-care observation | Harini Reddy | Warangal, Telangana | Source: wearable_sync"
R04167,P019,Deepak Verma,Chandigarh,Chandigarh,2026-04-26,9.0,86.9,6.5,2.8,No,"Indian home-care observation | Deepak Verma | Chandigarh, Chandigarh | Source: tablet_kiosk"
R04168,P036,Sowmya N,Hyderabad,Telangana,2026-04-10,7.4,84.5,,1.2,No,"Indian home-care observation | Sowmya N | Hyderabad, Telangana | Source: wearable_sync"
R04169,P011,Rohan Das,Kolkata,West Bengal,2026-04-10,6.2,66.3,,3.0,No,"Indian home-care observation | Rohan Das | Kolkata, West Bengal | Source: phone_checkin"
R04170,P011,Rohan Das,Kolkata,West Bengal,2026-04-11,5.6,80.7,,2.8,No,"Indian home-care observation | Rohan Das | Kolkata, West Bengal | Source: wearable_sync"
R04171,P007,Karthik Reddy,Hyderabad,Telangana,2026-04-13,9.0,94.4,7.7,2.3,No,"Indian home-care observation | Karthik Reddy | Hyderabad, Telangana | Source: MOBILE_APP"
R04172,P010,Divya Patel,Ahmedabad,Gujarat,2026-04-15,6.3,63.7,7.3,2.0,No,"Indian home-care observation | Divya Patel | Ahmedabad, Gujarat | Source: tablet_kiosk"
R04173,P017,Naveen Kumar,Mysuru,Karnataka,2026-04-16,8.4,83.6,7.6,3.2,No,"Indian home-care observation | Naveen Kumar | Mysuru, Karnataka | Source: mobile_app"
R04174,P025,Ravi Prasad,Patna,Bihar,2026-03-28,7.4,82.6,9.4,2.3,No,"Indian home-care observation | Ravi Prasad | Patna, Bihar | Source: mobile_app"
R04175,P001,Arjun Mehta,Chennai,Tamil Nadu,2026-04-20,7.7,,,2.4,No,"Indian home-care observation | Arjun Mehta | Chennai, Tamil Nadu | Source: phone_checkin"
R04176,P006,Meena Krishnan,Coimbatore,Tamil Nadu,2026-04-26,6.8,87.5,7.5,3.1,No,"Indian home-care observation | Meena Krishnan | Coimbatore, Tamil Nadu | Source: tablet_kiosk"
R04177,P038,Janani Murugan,Erode,Tamil Nadu,2026-04-13,7.2,73.8,6.9,2.3,No,"Indian home-care observation | Janani Murugan | Erode, Tamil Nadu | Source: wearable_sync"
R04178,P036,Sowmya N,Hyderabad,Telangana,2026-04-11,7.6,86.4,7.8,,No,"Indian home-care observation | Sowmya N | Hyderabad, Telangana | Source: phone_checkin"
R04179,P014,Sneha Joshi,Pune,Maharashtra,2026-04-15,7.8,88.0,5.4,1.8,No,"Indian home-care observation | Sneha Joshi | Pune, Maharashtra | Source: nan"
R04180,P016,Aishwarya Pillai,Kollam,Kerala,2026-04-14,7.9,88.8,8.6,2.4,No,"Indian home-care observation | Aishwarya Pillai | Kollam, Kerala | Source: WEARABLE_SYNC"
R04181,P002,Priya Nair,Kochi,Kerala,2026-04-10,7.4,75.3,4.9,2.3,No,"Indian home-care observation | Priya Nair | Kochi, Kerala | Source: wearable_sync"
R04182,P027,Aditya Kulkarni,Nagpur,Maharashtra,2026-04-15,6.0,81.1,8.2,1.7,No,"Indian home-care observation | Aditya Kulkarni | Nagpur, Maharashtra | Source: wearable_sync"
R04183,P020,Pooja Shah,Surat,Gujarat,2026-04-13,6.0,79.5,6.3,,No,"Indian home-care observation | Pooja Shah | Surat, Gujarat | Source: mobile_app"
R04184,P018,Harini Reddy,Warangal,Telangana,2026-04-18,7.9,78.6,7.2,2.1,No,"Indian home-care observation | Harini Reddy | Warangal, Telangana | Source: phone_checkin"
R04185,P028,Swathi Rao,Visakhapatnam,Andhra Pradesh,2026-04-13,7.2,86.9,6.8,2.2,No,"Indian home-care observation | Swathi Rao | Visakhapatnam, Andhra Pradesh | Source: mobile_app"
R04186,P003,Rahul Sharma,Delhi,Delhi,2026-04-03,7.5,89.9,5.3,2.8,No,"Indian home-care observation | Rahul Sharma | Delhi, Delhi | Source: tablet_kiosk"
R04187,P017,Naveen Kumar,Mysuru,Karnataka,2026-04-17,7.5,73.3,6.0,2.4,No,"Indian home-care observation | Naveen Kumar | Mysuru, Karnataka | Source: tablet_kiosk"
R04188,P013,Manoj Gupta,Lucknow,Uttar Pradesh,2026-04-14,7.8,84.3,5.7,2.2,No,"Indian home-care observation | Manoj Gupta | Lucknow, Uttar Pradesh | Source: wearable_sync"
R04189,P036,Sowmya N,Hyderabad,Telangana,2026-04-12,8.2,91.1,6.8,2.1,No,"Indian home-care observation | Sowmya N | Hyderabad, Telangana | Source: mobile_app"
R04190,P006,Meena Krishnan,Coimbatore,Tamil Nadu,2026-04-27,6.0,85.5,6.9,1.5,No,"Indian home-care observation | Meena Krishnan | Coimbatore, Tamil Nadu | Source: tablet_kiosk"
R04191,P031,Ashok Yadav,Kanpur,Uttar Pradesh,2026-04-14,6.1,49.1,,0.2,No,"Indian home-care observation | Ashok Yadav | Kanpur, Uttar Pradesh | Source: wearable_sync"
R04192,P007,Karthik Reddy,Hyderabad,Telangana,2026-04-14,8.2,78.9,7.2,2.3,No,"Indian home-care observation | Karthik Reddy | Hyderabad, Telangana | Source: mobile_app"
R04193,P006,Meena Krishnan,Coimbatore,Tamil Nadu,2026-04-28,7.2,98.8,7.5,2.7,No,"Indian home-care observation | Meena Krishnan | Coimbatore, Tamil Nadu | Source: tablet_kiosk"
R04194,P031,Ashok Yadav,Kanpur,Uttar Pradesh,2026-04-15,7.5,57.7,,0.0,No,"Indian home-care observation | Ashok Yadav | Kanpur, Uttar Pradesh | Source: tablet_kiosk"
R04195,P011,Rohan Das,Kolkata,West Bengal,2026-04-12,6.8,75.3,6.0,3.5,No,"Indian home-care observation | Rohan Das | Kolkata, West Bengal | Source: phone_checkin"
R04196,P022,Shreya Das,Bhubaneswar,Odisha,2026-04-07,8.3,73.6,,2.6,No,"Indian home-care observation | Shreya Das | Bhubaneswar, Odisha | Source: tablet_kiosk"
R04197,P016,Aishwarya Pillai,Kollam,Kerala,2026-04-15,7.8,76.1,,2.1,No,"Indian home-care observation | Aishwarya Pillai | Kollam, Kerala | Source: mobile_app"
R04198,P007,Karthik Reddy,Hyderabad,Telangana,2026-04-15,9.2,80.7,6.7,2.5,No,"Indian home-care observation | Karthik Reddy | Hyderabad, Telangana | Source: mobile_app"
R04199,P023,Mohan Raj,Salem,Tamil Nadu,2026-04-14,6.2,100.0,7.3,1.1,No,"Indian home-care observation | Mohan Raj | Salem, Tamil Nadu | Source: tablet_kiosk"
R04200,P013,Manoj Gupta,Lucknow,Uttar Pradesh,2026-04-15,7.9,79.8,6.1,2.7,No,"Indian home-care observation | Manoj Gupta | Lucknow, Uttar Pradesh | Source: phone_checkin"
R04201,P013,Manoj Gupta,Lucknow,Uttar Pradesh,2026-04-16,7.7,80.9,6.5,2.4,No,"Indian home-care observation | Manoj Gupta | Lucknow, Uttar Pradesh | Source: nan"
R04202,P022,Shreya Das,Bhubaneswar,Odisha,2026-04-08,8.2,78.6,4.2,2.7,No,"Indian home-care observation | Shreya Das | Bhubaneswar, Odisha | Source: wearable_sync"
R04203,P003,Rahul Sharma,Delhi,Delhi,2026-04-04,7.8,87.9,4.6,4.8,No,"Indian home-care observation | Rahul Sharma | Delhi, Delhi | Source: wearable_sync"
R04204,P012,Kavya Menon,Thiruvananthapuram,Kerala,2026-04-07,7.5,98.6,8.9,3.4,No,"Indian home-care observation | Kavya Menon | Thiruvananthapuram, Kerala | Source: nan"
R04205,P026,Keerthana S,Tiruchirappalli,Tamil Nadu,2026-04-18,,88.1,6.7,3.3,No,"Indian home-care observation | Keerthana S | Tiruchirappalli, Tamil Nadu | Source: mobile_app"
R04206,P008,Lakshmi Rao,Vijayawada,Andhra Pradesh,2026-04-03,7.5,70.3,6.4,2.7,No,"Indian home-care observation | Lakshmi Rao | Vijayawada, Andhra Pradesh | Source: phone_checkin"
R04207,P009,Sanjay Kumar,Jaipur,Rajasthan,2026-04-07,,76.9,7.5,2.8,No,"Indian home-care observation | Sanjay Kumar | Jaipur, Rajasthan | Source: phone_checkin"
R04208,P018,Harini Reddy,Warangal,Telangana,2026-04-19,8.6,77.4,,1.3,No,"Indian home-care observation | Harini Reddy | Warangal, Telangana | Source: phone_checkin"
R04209,P016,Aishwarya Pillai,Kollam,Kerala,2026-04-16,7.8,88.1,8.4,,No,"Indian home-care observation | Aishwarya Pillai | Kollam, Kerala | Source: tablet_kiosk"
R04210,P034,Madhuri Naik,Panaji,Goa,2026-04-08,8.1,91.8,,3.2,Yes,"Indian home-care observation | Madhuri Naik | Panaji, Goa | Source: mobile_app"
R04211,P012,Kavya Menon,Thiruvananthapuram,Kerala,2026-04-08,6.8,90.6,8.6,2.3,No,"Indian home-care observation | Kavya Menon | Thiruvananthapuram, Kerala | Source: wearable_sync"
R04212,P029,Gopal Krishnan,Madurai,Tamil Nadu,2026-04-20,6.5,77.5,7.2,2.3,No,"Indian home-care observation | Gopal Krishnan | Madurai, Tamil Nadu | Source: wearable_sync"
R04213,P014,Sneha Joshi,Pune,Maharashtra,2026-04-16,7.5,82.6,,2.2,No,"Indian home-care observation | Sneha Joshi | Pune, Maharashtra | Source: phone_checkin"
R04214,P013,Manoj Gupta,Lucknow,Uttar Pradesh,2026-04-17,7.5,,7.1,1.7,No,"Indian home-care observation | Manoj Gupta | Lucknow, Uttar Pradesh | Source: phone_checkin"
R04215,P033,Ganesh Iyer,Chennai,Tamil Nadu,2026-04-25,7.7,83.3,6.5,0.6,No,"Indian home-care observation | Ganesh Iyer | Chennai, Tamil Nadu | Source: mobile_app"
R04216,P011,Rohan Das,Kolkata,West Bengal,2026-04-13,6.6,72.1,6.4,2.3,No,"Indian home-care observation | Rohan Das | Kolkata, West Bengal | Source: wearable_sync"
R04217,P027,Aditya Kulkarni,Nagpur,Maharashtra,2026-04-16,6.7,79.5,9.3,2.6,No,"Indian home-care observation | Aditya Kulkarni | Nagpur, Maharashtra | Source: phone_checkin"
R04218,P016,Aishwarya Pillai,Kollam,Kerala,2026-04-17,8.0,83.1,8.9,2.3,No,"Indian home-care observation | Aishwarya Pillai | Kollam, Kerala | Source: phone_checkin"
R04219,P010,Divya Patel,Ahmedabad,Gujarat,2026-04-16,7.2,64.1,6.7,2.6,No,"Indian home-care observation | Divya Patel | Ahmedabad, Gujarat | Source: mobile_app"
R04220,P036,Sowmya N,Hyderabad,Telangana,2026-04-13,7.7,86.5,7.6,0.6,No,"Indian home-care observation | Sowmya N | Hyderabad, Telangana | Source: wearable_sync"
R04221,P005,Vikram Singh,Mumbai,Maharashtra,2026-04-18,8.9,85.4,7.7,2.3,No,"Indian home-care observation | Vikram Singh | Mumbai, Maharashtra | Source: mobile_app"
R04222,P020,Pooja Shah,Surat,Gujarat,2026-04-14,6.3,82.9,5.1,2.1,No,"Indian home-care observation | Pooja Shah | Surat, Gujarat | Source: mobile_app"
R04223,P032,Bhavana R,Bengaluru,Karnataka,2026-04-20,8.0,97.8,8.3,3.8,No,"Indian home-care observation | Bhavana R | Bengaluru, Karnataka | Source: wearable_sync"
R04224,P027,Aditya Kulkarni,Nagpur,Maharashtra,2026-04-17,5.6,79.3,9.3,2.4,No,"Indian home-care observation | Aditya Kulkarni | Nagpur, Maharashtra | Source: mobile_app"
R04225,P003,Rahul Sharma,Delhi,Delhi,2026-04-05,6.8,79.1,6.5,1.4,No,"Indian home-care observation | Rahul Sharma | Delhi, Delhi | Source: phone_checkin"
R04226,P023,Mohan Raj,Salem,Tamil Nadu,2026-04-15,6.4,90.0,7.2,3.3,No,"Indian home-care observation | Mohan Raj | Salem, Tamil Nadu | Source: phone_checkin"
R04227,P032,Bhavana R,Bengaluru,Karnataka,2026-04-21,7.1,90.7,8.0,3.8,No,"Indian home-care observation | Bhavana R | Bengaluru, Karnataka | Source: mobile_app"
R04228,P001,Arjun Mehta,Chennai,Tamil Nadu,2026-04-21,9.5,80.9,7.0,,No,"Indian home-care observation | Arjun Mehta | Chennai, Tamil Nadu | Source: tablet_kiosk"
R04229,P008,Lakshmi Rao,Vijayawada,Andhra Pradesh,2026-04-04,6.3,82.6,6.6,2.0,No,"Indian home-care observation | Lakshmi Rao | Vijayawada, Andhra Pradesh | Source: tablet_kiosk"
R04230,P005,Vikram Singh,Mumbai,Maharashtra,2026-04-19,9.2,83.6,7.6,2.8,No,"Indian home-care observation | Vikram Singh | Mumbai, Maharashtra | Source: phone_checkin"
R04231,P026,Keerthana S,Tiruchirappalli,Tamil Nadu,2026-04-19,6.4,80.4,5.5,2.5,Yes,"Indian home-care observation | Keerthana S | Tiruchirappalli, Tamil Nadu | Source: phone_checkin"
R04232,P024,Neha Kapoor,New Delhi,Delhi,2026-04-29,,83.3,,4.0,No,"Indian home-care observation | Neha Kapoor | New Delhi, Delhi | Source: nan"
R04233,P022,Shreya Das,Bhubaneswar,Odisha,2026-04-09,8.0,75.3,,1.6,No,"Indian home-care observation | Shreya Das | Bhubaneswar, Odisha | Source: mobile_app"
R04234,P017,Naveen Kumar,Mysuru,Karnataka,2026-04-18,8.0,81.8,7.0,2.8,No,"Indian home-care observation | Naveen Kumar | Mysuru, Karnataka | Source: mobile_app"
R04235,P023,Mohan Raj,Salem,Tamil Nadu,2026-04-16,6.4,93.3,6.5,0.7,No,"Indian home-care observation | Mohan Raj | Salem, Tamil Nadu | Source: mobile_app"
R04236,P008,Lakshmi Rao,Vijayawada,Andhra Pradesh,2026-04-05,7.2,90.2,8.0,3.1,No,"Indian home-care observation | Lakshmi Rao | Vijayawada, Andhra Pradesh | Source: wearable_sync"
R04237,P003,Rahul Sharma,Delhi,Delhi,2026-04-06,7.5,79.3,8.0,1.5,No,"Indian home-care observation | Rahul Sharma | Delhi, Delhi | Source: wearable_sync"
R04238,P008,Lakshmi Rao,Vijayawada,Andhra Pradesh,2026-04-06,7.4,88.3,6.9,5.6,No,"Indian home-care observation | Lakshmi Rao | Vijayawada, Andhra Pradesh | Source: mobile_app"
R04239,P034,Madhuri Naik,Panaji,Goa,2026-04-09,8.8,85.4,5.4,3.4,No,"Indian home-care observation | Madhuri Naik | Panaji, Goa | Source: WEARABLE_SYNC"
R04240,P028,Swathi Rao,Visakhapatnam,Andhra Pradesh,2026-04-14,7.9,80.3,6.8,2.6,No,"Indian home-care observation | Swathi Rao | Visakhapatnam, Andhra Pradesh | Source: mobile_app"
R04241,P027,Aditya Kulkarni,Nagpur,Maharashtra,2026-04-18,,82.9,,2.5,No,"Indian home-care observation | Aditya Kulkarni | Nagpur, Maharashtra | Source: phone_checkin"
R04242,P032,Bhavana R,Bengaluru,Karnataka,2026-04-22,8.7,91.4,9.6,4.2,No,"Indian home-care observation | Bhavana R | Bengaluru, Karnataka | Source: tablet_kiosk"
R04243,P039,Imran Khan,Bhopal,Madhya Pradesh,2026-04-04,8.3,74.8,7.6,1.7,No,"Indian home-care observation | Imran Khan | Bhopal, Madhya Pradesh | Source: tablet_kiosk"
R04244,P036,Sowmya N,Hyderabad,Telangana,2026-04-14,8.1,,7.1,1.9,No,"Indian home-care observation | Sowmya N | Hyderabad, Telangana | Source: tablet_kiosk"
R04245,P014,Sneha Joshi,Pune,Maharashtra,2026-04-17,8.2,80.2,4.5,2.7,No,"Indian home-care observation | Sneha Joshi | Pune, Maharashtra | Source: tablet_kiosk"
R04246,P032,Bhavana R,Bengaluru,Karnataka,2026-04-23,8.1,95.6,8.3,,No,"Indian home-care observation | Bhavana R | Bengaluru, Karnataka | Source: mobile_app"
R04247,P033,Ganesh Iyer,Chennai,Tamil Nadu,2026-04-26,,86.4,6.4,2.1,No,"Indian home-care observation | Ganesh Iyer | Chennai, Tamil Nadu | Source: tablet_kiosk"
R04248,P010,Divya Patel,Ahmedabad,Gujarat,2026-04-17,7.0,67.6,7.9,2.2,No,"Indian home-care observation | Divya Patel | Ahmedabad, Gujarat | Source: mobile_app"
R04249,P016,Aishwarya Pillai,Kollam,Kerala,2026-04-18,,79.9,8.7,2.7,No,"Indian home-care observation | Aishwarya Pillai | Kollam, Kerala | Source: tablet_kiosk"
R04250,P033,Ganesh Iyer,Chennai,Tamil Nadu,2026-04-27,8.3,86.0,7.1,3.2,No,"Indian home-care observation | Ganesh Iyer | Chennai, Tamil Nadu | Source: tablet_kiosk"
R04251,P034,Madhuri Naik,Panaji,Goa,2026-04-10,7.8,87.5,6.3,3.5,No,"Indian home-care observation | Madhuri Naik | Panaji, Goa | Source: mobile_app"
R04252,P010,Divya Patel,Ahmedabad,Gujarat,2026-04-18,7.0,72.4,8.2,,No,"Indian home-care observation | Divya Patel | Ahmedabad, Gujarat | Source: mobile_app"
R04253,P026,Keerthana S,Tiruchirappalli,Tamil Nadu,2026-04-20,6.6,87.6,5.9,1.4,No,"Indian home-care observation | Keerthana S | Tiruchirappalli, Tamil Nadu | Source: wearable_sync"
R04254,P029,Gopal Krishnan,Madurai,Tamil Nadu,2026-04-21,8.2,76.5,7.5,3.1,No,"Indian home-care observation | Gopal Krishnan | Madurai, Tamil Nadu | Source: wearable_sync"
R04255,P018,Harini Reddy,Warangal,Telangana,2026-04-20,7.4,70.0,7.3,3.4,No,"Indian home-care observation | Harini Reddy | Warangal, Telangana | Source: nan"
R04256,P026,Keerthana S,Tiruchirappalli,Tamil Nadu,2026-04-21,7.4,85.9,5.8,2.3,No,"Indian home-care observation | Keerthana S | Tiruchirappalli, Tamil Nadu | Source: tablet_kiosk"
R04257,P006,Meena Krishnan,Coimbatore,Tamil Nadu,2026-04-29,6.9,84.6,6.2,1.4,No,"Indian home-care observation | Meena Krishnan | Coimbatore, Tamil Nadu | Source: mobile_app"
R04258,P002,Priya Nair,Kochi,Kerala,2026-04-11,8.4,79.9,6.2,1.4,No,"Indian home-care observation | Priya Nair | Kochi, Kerala | Source: nan"
R04259,P008,Lakshmi Rao,Vijayawada,Andhra Pradesh,2026-04-07,7.2,75.3,,2.4,No,"Indian home-care observation | Lakshmi Rao | Vijayawada, Andhra Pradesh | Source: mobile_app"
R04260,P017,Naveen Kumar,Mysuru,Karnataka,2026-04-19,7.5,68.0,6.4,1.2,No,"Indian home-care observation | Naveen Kumar | Mysuru, Karnataka | Source: mobile_app"
R04261,P014,Sneha Joshi,Pune,Maharashtra,2026-04-18,8.3,90.3,,1.3,No,"Indian home-care observation | Sneha Joshi | Pune, Maharashtra | Source: mobile_app"
R04262,P010,Divya Patel,Ahmedabad,Gujarat,2026-04-19,5.9,61.7,8.2,,No,"Indian home-care observation | Divya Patel | Ahmedabad, Gujarat | Source: phone_checkin"
R04263,P040,Deepa Thomas,Thrissur,Kerala,2026-04-16,6.6,,,3.6,No,"Indian home-care observation | Deepa Thomas | Thrissur, Kerala | Source: phone_checkin"
R04264,P013,Manoj Gupta,Lucknow,Uttar Pradesh,2026-04-18,8.5,84.2,6.7,0.8,No,"Indian home-care observation | Manoj Gupta | Lucknow, Uttar Pradesh | Source: tablet_kiosk"
R04265,P018,Harini Reddy,Warangal,Telangana,2026-04-21,8.1,79.5,7.1,2.4,No,"Indian home-care observation | Harini Reddy | Warangal, Telangana | Source: tablet_kiosk"
R04266,P011,Rohan Das,Kolkata,West Bengal,2026-04-14,5.8,74.2,,1.9,No,"Indian home-care observation | Rohan Das | Kolkata, West Bengal | Source: tablet_kiosk"
R04267,P036,Sowmya N,Hyderabad,Telangana,2026-04-15,7.5,85.6,7.7,3.6,No,"Indian home-care observation | Sowmya N | Hyderabad, Telangana | Source: tablet_kiosk"
R04268,P022,Shreya Das,Bhubaneswar,Odisha,2026-04-10,8.2,72.8,,1.9,No,"Indian home-care observation | Shreya Das | Bhubaneswar, Odisha | Source: tablet_kiosk"
R04269,P019,Deepak Verma,Chandigarh,Chandigarh,2026-04-27,9.3,75.1,,3.1,No,"Indian home-care observation | Deepak Verma | Chandigarh, Chandigarh | Source: wearable_sync"
R04270,P013,Manoj Gupta,Lucknow,Uttar Pradesh,2026-04-19,7.1,80.3,5.3,1.8,No,"Indian home-care observation | Manoj Gupta | Lucknow, Uttar Pradesh | Source: wearable_sync"
R04271,P029,Gopal Krishnan,Madurai,Tamil Nadu,2026-04-22,6.9,90.2,,0.7,No,"Indian home-care observation | Gopal Krishnan | Madurai, Tamil Nadu | Source: phone_checkin"
R04272,P032,Bhavana R,Bengaluru,Karnataka,2026-04-24,7.8,91.4,9.5,3.5,No,"Indian home-care observation | Bhavana R | Bengaluru, Karnataka | Source: tablet_kiosk"
R04273,P002,Priya Nair,Kochi,Kerala,2026-04-12,8.0,80.2,6.0,1.5,No,"Indian home-care observation | Priya Nair | Kochi, Kerala | Source: tablet_kiosk"
R04274,P003,Rahul Sharma,Delhi,Delhi,2026-04-07,7.6,67.6,7.4,1.6,No,"Indian home-care observation | Rahul Sharma | Delhi, Delhi | Source: phone_checkin"
R04275,P017,Naveen Kumar,Mysuru,Karnataka,2026-04-20,7.4,79.9,6.4,2.2,No,"Indian home-care observation | Naveen Kumar | Mysuru, Karnataka | Source: phone_checkin"
R04276,P002,Priya Nair,Kochi,Kerala,2026-04-13,7.4,77.7,3.9,1.7,No,"Indian home-care observation | Priya Nair | Kochi, Kerala | Source: tablet_kiosk"
R04277,P023,Mohan Raj,Salem,Tamil Nadu,2026-04-17,7.3,88.8,6.2,2.1,No,"Indian home-care observation | Mohan Raj | Salem, Tamil Nadu | Source: mobile_app"
R04278,P017,Naveen Kumar,Mysuru,Karnataka,2026-04-21,8.1,82.2,,3.0,No,"Indian home-care observation | Naveen Kumar | Mysuru, Karnataka | Source: tablet_kiosk"
R04279,P040,Deepa Thomas,Thrissur,Kerala,2026-04-17,6.2,87.7,5.5,2.1,No,"Indian home-care observation | Deepa Thomas | Thrissur, Kerala | Source: wearable_sync"
R04280,P033,Ganesh Iyer,Chennai,Tamil Nadu,2026-04-28,8.0,87.6,6.0,3.4,No,"Indian home-care observation | Ganesh Iyer | Chennai, Tamil Nadu | Source: wearable_sync"
R04281,P038,Janani Murugan,Erode,Tamil Nadu,2026-04-14,7.7,81.3,8.8,2.6,No,"Indian home-care observation | Janani Murugan | Erode, Tamil Nadu | Source: mobile_app"
R04282,P016,Aishwarya Pillai,Kollam,Kerala,2026-04-19,7.1,95.7,8.6,2.3,No,"Indian home-care observation | Aishwarya Pillai | Kollam, Kerala | Source: tablet_kiosk"
R04283,P025,Ravi Prasad,Patna,Bihar,2026-03-29,6.9,81.2,8.8,3.9,Yes,"Indian home-care observation | Ravi Prasad | Patna, Bihar | Source: mobile_app"
R04284,P020,Pooja Shah,Surat,Gujarat,2026-04-15,6.3,75.4,5.7,2.5,No,"Indian home-care observation | Pooja Shah | Surat, Gujarat | Source: tablet_kiosk"
R04285,P009,Sanjay Kumar,Jaipur,Rajasthan,2026-04-08,9.1,76.7,,0.9,No,"Indian home-care observation | Sanjay Kumar | Jaipur, Rajasthan | Source: phone_checkin"
R04286,P005,Vikram Singh,Mumbai,Maharashtra,2026-04-20,8.8,74.8,8.0,1.7,No,"Indian home-care observation | Vikram Singh | Mumbai, Maharashtra | Source: tablet_kiosk"
R04287,P011,Rohan Das,Kolkata,West Bengal,2026-04-15,6.6,71.1,5.9,2.6,No,"Indian home-care observation | Rohan Das | Kolkata, West Bengal | Source: tablet_kiosk"
R04288,P032,Bhavana R,Bengaluru,Karnataka,2026-04-25,8.0,89.1,7.8,1.2,No,"Indian home-care observation | Bhavana R | Bengaluru, Karnataka | Source: wearable_sync"
R04289,P007,Karthik Reddy,Hyderabad,Telangana,2026-04-16,9.7,94.9,7.9,2.7,No,"Indian home-care observation | Karthik Reddy | Hyderabad, Telangana | Source: tablet_kiosk"
R04290,P011,Rohan Das,Kolkata,West Bengal,2026-04-16,6.5,74.2,6.0,3.1,No,"Indian home-care observation | Rohan Das | Kolkata, West Bengal | Source: mobile_app"
R04291,P034,Madhuri Naik,Panaji,Goa,2026-04-11,7.7,92.1,6.2,1.1,No,"Indian home-care observation | Madhuri Naik | Panaji, Goa | Source: mobile_app"
R04292,P021,Ajay Menon,Kozhikode,Kerala,2026-04-25,8.4,88.5,6.5,2.3,No,"Indian home-care observation | Ajay Menon | Kozhikode, Kerala | Source: tablet_kiosk"
R04293,P027,Aditya Kulkarni,Nagpur,Maharashtra,2026-04-19,6.3,82.5,9.2,2.4,No,"Indian home-care observation | Aditya Kulkarni | Nagpur, Maharashtra | Source: wearable_sync"
R04294,P030,Nandini Shetty,Mangaluru,Karnataka,2026-04-13,7.9,69.5,4.4,1.9,No,"Indian home-care observation | Nandini Shetty | Mangaluru, Karnataka | Source: phone_checkin"
R04295,P015,Suresh Babu,Madurai,Tamil Nadu,2026-04-19,9.2,81.6,7.2,2.1,No,"Indian home-care observation | Suresh Babu | Madurai, Tamil Nadu | Source: tablet_kiosk"
R04296,P012,Kavya Menon,Thiruvananthapuram,Kerala,2026-04-09,7.0,89.3,8.9,2.0,No,"Indian home-care observation | Kavya Menon | Thiruvananthapuram, Kerala | Source: tablet_kiosk"
R04297,P023,Mohan Raj,Salem,Tamil Nadu,2026-04-18,6.4,94.2,6.9,2.2,No,"Indian home-care observation | Mohan Raj | Salem, Tamil Nadu | Source: MOBILE_APP"
R04298,P024,Neha Kapoor,New Delhi,Delhi,2026-04-30,6.8,88.7,,3.7,No,"Indian home-care observation | Neha Kapoor | New Delhi, Delhi | Source: wearable_sync"
R04299,P014,Sneha Joshi,Pune,Maharashtra,2026-04-19,9.1,86.0,,1.3,Yes,"Indian home-care observation | Sneha Joshi | Pune, Maharashtra | Source: mobile_app"
R04300,P024,Neha Kapoor,New Delhi,Delhi,2026-05-01,6.2,96.4,,2.4,No,"Indian home-care observation | Neha Kapoor | New Delhi, Delhi | Source: phone_checkin"
R04301,P006,Meena Krishnan,Coimbatore,Tamil Nadu,2026-04-30,7.1,90.6,,4.5,No,"Indian home-care observation | Meena Krishnan | Coimbatore, Tamil Nadu | Source: mobile_app"
R04302,P014,Sneha Joshi,Pune,Maharashtra,2026-04-20,8.7,84.0,5.6,2.7,No,"Indian home-care observation | Sneha Joshi | Pune, Maharashtra | Source: phone_checkin"
R04303,P037,Ramesh Chandran,Puducherry,Puducherry,2026-04-20,7.9,88.0,7.4,3.9,No,"Indian home-care observation | Ramesh Chandran | Puducherry, Puducherry | Source: tablet_kiosk"
R04304,P033,Ganesh Iyer,Chennai,Tamil Nadu,2026-04-29,7.5,78.3,,2.3,No,"Indian home-care observation | Ganesh Iyer | Chennai, Tamil Nadu | Source: tablet_kiosk"
R04305,P005,Vikram Singh,Mumbai,Maharashtra,2026-04-21,9.3,81.5,8.1,2.5,No,"Indian home-care observation | Vikram Singh | Mumbai, Maharashtra | Source: wearable_sync"
R04306,P020,Pooja Shah,Surat,Gujarat,2026-04-16,6.0,74.1,6.7,2.4,No,"Indian home-care observation | Pooja Shah | Surat, Gujarat | Source: phone_checkin"
R04307,P040,Deepa Thomas,Thrissur,Kerala,2026-04-18,6.0,88.8,5.0,1.1,No,"Indian home-care observation | Deepa Thomas | Thrissur, Kerala | Source: tablet_kiosk"
R04308,P030,Nandini Shetty,Mangaluru,Karnataka,2026-04-14,6.0,59.0,,1.6,No,"Indian home-care observation | Nandini Shetty | Mangaluru, Karnataka | Source: mobile_app"
R04309,P023,Mohan Raj,Salem,Tamil Nadu,2026-04-19,7.9,100.0,7.2,4.1,No,"Indian home-care observation | Mohan Raj | Salem, Tamil Nadu | Source: nan"
R04310,P036,Sowmya N,Hyderabad,Telangana,2026-04-16,7.9,81.1,6.4,2.4,No,"Indian home-care observation | Sowmya N | Hyderabad, Telangana | Source: mobile_app"
R04311,P031,Ashok Yadav,Kanpur,Uttar Pradesh,2026-04-16,7.6,61.7,7.6,1.7,No,"Indian home-care observation | Ashok Yadav | Kanpur, Uttar Pradesh | Source: wearable_sync"
R04312,P029,Gopal Krishnan,Madurai,Tamil Nadu,2026-04-23,7.0,82.2,6.0,2.3,No,"Indian home-care observation | Gopal Krishnan | Madurai, Tamil Nadu | Source: phone_checkin"
R04313,P028,Swathi Rao,Visakhapatnam,Andhra Pradesh,2026-04-15,7.6,80.3,7.1,1.8,No,"Indian home-care observation | Swathi Rao | Visakhapatnam, Andhra Pradesh | Source: wearable_sync"
R04314,P013,Manoj Gupta,Lucknow,Uttar Pradesh,2026-04-20,7.5,83.3,5.6,2.6,No,"Indian home-care observation | Manoj Gupta | Lucknow, Uttar Pradesh | Source: phone_checkin"
R04315,P017,Naveen Kumar,Mysuru,Karnataka,2026-04-22,7.9,74.4,6.0,1.6,No,"Indian home-care observation | Naveen Kumar | Mysuru, Karnataka | Source: phone_checkin"
R04316,P008,Lakshmi Rao,Vijayawada,Andhra Pradesh,2026-04-08,6.8,78.9,5.2,3.4,No,"Indian home-care observation | Lakshmi Rao | Vijayawada, Andhra Pradesh | Source: phone_checkin"
R04317,P014,Sneha Joshi,Pune,Maharashtra,2026-04-21,9.5,75.9,6.2,2.2,No,"Indian home-care observation | Sneha Joshi | Pune, Maharashtra | Source: phone_checkin"
R04318,P003,Rahul Sharma,Delhi,Delhi,2026-04-08,7.6,,,1.9,No,"Indian home-care observation | Rahul Sharma | Delhi, Delhi | Source: mobile_app"
R04319,P012,Kavya Menon,Thiruvananthapuram,Kerala,2026-04-10,7.0,86.8,8.5,0.5,No,"Indian home-care observation | Kavya Menon | Thiruvananthapuram, Kerala | Source: wearable_sync"
R04320,P031,Ashok Yadav,Kanpur,Uttar Pradesh,2026-04-17,9.2,,8.5,1.6,No,"Indian home-care observation | Ashok Yadav | Kanpur, Uttar Pradesh | Source: tablet_kiosk"
R04321,P015,Suresh Babu,Madurai,Tamil Nadu,2026-04-20,9.4,76.4,7.0,1.4,Yes,"Indian home-care observation | Suresh Babu | Madurai, Tamil Nadu | Source: mobile_app"
R04322,P007,Karthik Reddy,Hyderabad,Telangana,2026-04-17,7.7,75.0,7.8,3.1,No,"Indian home-care observation | Karthik Reddy | Hyderabad, Telangana | Source: mobile_app"
R04323,P039,Imran Khan,Bhopal,Madhya Pradesh,2026-04-05,6.9,84.0,8.5,2.9,No,"Indian home-care observation | Imran Khan | Bhopal, Madhya Pradesh | Source: mobile_app"
R04324,P020,Pooja Shah,Surat,Gujarat,2026-04-17,6.0,81.6,6.0,,No,"Indian home-care observation | Pooja Shah | Surat, Gujarat | Source: nan"
R04325,P013,Manoj Gupta,Lucknow,Uttar Pradesh,2026-04-21,,82.8,6.5,3.3,No,"Indian home-care observation | Manoj Gupta | Lucknow, Uttar Pradesh | Source: mobile_app"
R04326,P016,Aishwarya Pillai,Kollam,Kerala,2026-04-20,7.4,90.6,9.1,2.1,No,"Indian home-care observation | Aishwarya Pillai | Kollam, Kerala | Source: mobile_app"
R04327,P039,Imran Khan,Bhopal,Madhya Pradesh,2026-04-06,7.4,80.9,7.8,3.4,No,"Indian home-care observation | Imran Khan | Bhopal, Madhya Pradesh | Source: tablet_kiosk"
R04328,P010,Divya Patel,Ahmedabad,Gujarat,2026-04-20,,63.9,7.7,2.4,No,"Indian home-care observation | Divya Patel | Ahmedabad, Gujarat | Source: mobile_app"
R04329,P036,Sowmya N,Hyderabad,Telangana,2026-04-17,8.1,88.9,7.6,2.3,No,"Indian home-care observation | Sowmya N | Hyderabad, Telangana | Source: wearable_sync"
R04330,P017,Naveen Kumar,Mysuru,Karnataka,2026-04-23,8.1,77.9,7.0,2.9,No,"Indian home-care observation | Naveen Kumar | Mysuru, Karnataka | Source: WEARABLE_SYNC"
R04331,P033,Ganesh Iyer,Chennai,Tamil Nadu,2026-04-30,7.8,80.1,7.6,3.3,No,"Indian home-care observation | Ganesh Iyer | Chennai, Tamil Nadu | Source: tablet_kiosk"
R04332,P038,Janani Murugan,Erode,Tamil Nadu,2026-04-15,7.3,67.8,5.3,2.5,No,"Indian home-care observation | Janani Murugan | Erode, Tamil Nadu | Source: wearable_sync"
R04333,P040,Deepa Thomas,Thrissur,Kerala,2026-04-19,6.2,85.2,5.3,0.9,No,"Indian home-care observation | Deepa Thomas | Thrissur, Kerala | Source: wearable_sync"
R04334,P024,Neha Kapoor,New Delhi,Delhi,2026-05-02,6.2,83.4,8.3,2.9,No,"Indian home-care observation | Neha Kapoor | New Delhi, Delhi | Source: tablet_kiosk"
R04335,P011,Rohan Das,Kolkata,West Bengal,2026-04-17,6.3,74.8,6.3,2.4,No,"Indian home-care observation | Rohan Das | Kolkata, West Bengal | Source: tablet_kiosk"
R04336,P003,Rahul Sharma,Delhi,Delhi,2026-04-09,6.8,66.9,,4.0,No,"Indian home-care observation | Rahul Sharma | Delhi, Delhi | Source: wearable_sync"
R04337,P027,Aditya Kulkarni,Nagpur,Maharashtra,2026-04-20,6.3,80.2,8.4,2.8,No,"Indian home-care observation | Aditya Kulkarni | Nagpur, Maharashtra | Source: phone_checkin"
R04338,P003,Rahul Sharma,Delhi,Delhi,2026-04-10,8.0,78.5,6.0,3.6,No,"Indian home-care observation | Rahul Sharma | Delhi, Delhi | Source: wearable_sync"
R04339,P040,Deepa Thomas,Thrissur,Kerala,2026-04-20,5.7,84.4,,1.6,No,"Indian home-care observation | Deepa Thomas | Thrissur, Kerala | Source: tablet_kiosk"
R04340,P020,Pooja Shah,Surat,Gujarat,2026-04-18,6.4,73.6,5.9,1.8,No,"Indian home-care observation | Pooja Shah | Surat, Gujarat | Source: tablet_kiosk"
R04341,P025,Ravi Prasad,Patna,Bihar,2026-03-30,7.1,70.6,,2.6,No,"Indian home-care observation | Ravi Prasad | Patna, Bihar | Source: phone_checkin"
R04342,P033,Ganesh Iyer,Chennai,Tamil Nadu,2026-05-01,8.4,71.4,,2.8,No,"Indian home-care observation | Ganesh Iyer | Chennai, Tamil Nadu | Source: phone_checkin"
R04343,P007,Karthik Reddy,Hyderabad,Telangana,2026-04-18,7.3,81.2,8.9,2.2,No,"Indian home-care observation | Karthik Reddy | Hyderabad, Telangana | Source: phone_checkin"
R04344,P014,Sneha Joshi,Pune,Maharashtra,2026-04-22,7.7,,,2.1,No,"Indian home-care observation | Sneha Joshi | Pune, Maharashtra | Source: wearable_sync"
R04345,P017,Naveen Kumar,Mysuru,Karnataka,2026-04-24,7.9,82.3,6.1,3.1,Yes,"Indian home-care observation | Naveen Kumar | Mysuru, Karnataka | Source: mobile_app"
R04346,P031,Ashok Yadav,Kanpur,Uttar Pradesh,2026-04-18,7.2,51.8,5.9,0.6,No,"Indian home-care observation | Ashok Yadav | Kanpur, Uttar Pradesh | Source: phone_checkin"
R04347,P030,Nandini Shetty,Mangaluru,Karnataka,2026-04-15,7.4,61.6,,2.4,No,"Indian home-care observation | Nandini Shetty | Mangaluru, Karnataka | Source: phone_checkin"
R04348,P026,Keerthana S,Tiruchirappalli,Tamil Nadu,2026-04-22,6.9,86.6,6.1,0.9,No,"Indian home-care observation | Keerthana S | Tiruchirappalli, Tamil Nadu | Source: tablet_kiosk"
R04349,P023,Mohan Raj,Salem,Tamil Nadu,2026-04-20,7.9,91.6,6.5,1.8,No,"Indian home-care observation | Mohan Raj | Salem, Tamil Nadu | Source: tablet_kiosk"
R04350,P016,Aishwarya Pillai,Kollam,Kerala,2026-04-21,7.4,84.7,8.5,2.1,No,"Indian home-care observation | Aishwarya Pillai | Kollam, Kerala | Source: mobile_app"
R04351,P031,Ashok Yadav,Kanpur,Uttar Pradesh,2026-04-19,7.4,59.3,8.2,2.9,No,"Indian home-care observation | Ashok Yadav | Kanpur, Uttar Pradesh | Source: tablet_kiosk"
R04352,P017,Naveen Kumar,Mysuru,Karnataka,2026-04-25,8.0,71.7,6.0,2.8,No,"Indian home-care observation | Naveen Kumar | Mysuru, Karnataka | Source: phone_checkin"
R04353,P009,Sanjay Kumar,Jaipur,Rajasthan,2026-04-09,8.0,,7.2,3.2,No,"Indian home-care observation | Sanjay Kumar | Jaipur, Rajasthan | Source: phone_checkin"
R04354,P013,Manoj Gupta,Lucknow,Uttar Pradesh,2026-04-22,8.3,89.7,6.9,2.3,No,"Indian home-care observation | Manoj Gupta | Lucknow, Uttar Pradesh | Source: mobile_app"
R04355,P029,Gopal Krishnan,Madurai,Tamil Nadu,2026-04-24,6.6,87.1,7.3,3.4,No,"Indian home-care observation | Gopal Krishnan | Madurai, Tamil Nadu | Source: tablet_kiosk"
R04356,P012,Kavya Menon,Thiruvananthapuram,Kerala,2026-04-11,,82.7,8.6,1.2,No,"Indian home-care observation | Kavya Menon | Thiruvananthapuram, Kerala | Source: tablet_kiosk"
R04357,P005,Vikram Singh,Mumbai,Maharashtra,2026-04-22,9.1,82.2,7.8,1.4,Yes,"Indian home-care observation | Vikram Singh | Mumbai, Maharashtra | Source: mobile_app"
R04358,P035,Prakash Patil,Nashik,Maharashtra,2026-04-29,6.3,66.8,6.8,1.0,No,"Indian home-care observation | Prakash Patil | Nashik, Maharashtra | Source: phone_checkin"
R04359,P002,Priya Nair,Kochi,Kerala,2026-04-14,7.8,74.5,5.0,1.8,No,"Indian home-care observation | Priya Nair | Kochi, Kerala | Source: wearable_sync"
R04360,P003,Rahul Sharma,Delhi,Delhi,2026-04-11,6.7,66.0,8.1,2.9,No,"Indian home-care observation | Rahul Sharma | Delhi, Delhi | Source: tablet_kiosk"
R04361,P010,Divya Patel,Ahmedabad,Gujarat,2026-04-21,6.4,64.2,7.5,2.5,No,"Indian home-care observation | Divya Patel | Ahmedabad, Gujarat | Source: mobile_app"
R04362,P014,Sneha Joshi,Pune,Maharashtra,2026-04-23,8.3,70.3,4.7,1.7,No,"Indian home-care observation | Sneha Joshi | Pune, Maharashtra | Source: mobile_app"
R04363,P009,Sanjay Kumar,Jaipur,Rajasthan,2026-04-10,8.0,,7.0,2.0,No,"Indian home-care observation | Sanjay Kumar | Jaipur, Rajasthan | Source: wearable_sync"
R04364,P025,Ravi Prasad,Patna,Bihar,2026-03-31,8.7,80.1,9.9,3.2,No,"Indian home-care observation | Ravi Prasad | Patna, Bihar | Source: mobile_app"
R04365,P013,Manoj Gupta,Lucknow,Uttar Pradesh,2026-04-23,7.9,87.1,6.2,0.4,No,"Indian home-care observation | Manoj Gupta | Lucknow, Uttar Pradesh | Source: tablet_kiosk"
R04366,P015,Suresh Babu,Madurai,Tamil Nadu,2026-04-21,9.5,65.0,6.6,1.7,No,"Indian home-care observation | Suresh Babu | Madurai, Tamil Nadu | Source: tablet_kiosk"
R04367,P030,Nandini Shetty,Mangaluru,Karnataka,2026-04-16,8.2,74.5,4.8,,No,"Indian home-care observation | Nandini Shetty | Mangaluru, Karnataka | Source: wearable_sync"
R04368,P023,Mohan Raj,Salem,Tamil Nadu,2026-04-21,6.7,97.8,6.0,2.2,No,"Indian home-care observation | Mohan Raj | Salem, Tamil Nadu | Source: tablet_kiosk"
R04369,P004,Ananya Iyer,Bengaluru,Karnataka,2026-04-29,8.0,71.9,6.7,0.5,No,"Indian home-care observation | Ananya Iyer | Bengaluru, Karnataka | Source: mobile_app"
R04370,P018,Harini Reddy,Warangal,Telangana,2026-04-22,7.9,76.4,7.2,3.2,No,"Indian home-care observation | Harini Reddy | Warangal, Telangana | Source: phone_checkin"
R04371,P034,Madhuri Naik,Panaji,Goa,2026-04-12,7.7,91.3,5.1,0.5,No,"Indian home-care observation | Madhuri Naik | Panaji, Goa | Source: mobile_app"
R04372,P030,Nandini Shetty,Mangaluru,Karnataka,2026-04-17,6.4,56.7,2.9,1.9,No,"Indian home-care observation | Nandini Shetty | Mangaluru, Karnataka | Source: phone_checkin"
R04373,P025,Ravi Prasad,Patna,Bihar,2026-04-01,5.5,70.9,8.0,2.4,No,"Indian home-care observation | Ravi Prasad | Patna, Bihar | Source: phone_checkin"
R04374,P013,Manoj Gupta,Lucknow,Uttar Pradesh,2026-04-24,8.7,81.0,7.0,1.9,No,"Indian home-care observation | Manoj Gupta | Lucknow, Uttar Pradesh | Source: mobile_app"
R04375,P031,Ashok Yadav,Kanpur,Uttar Pradesh,2026-04-20,8.6,73.3,6.0,1.9,No,"Indian home-care observation | Ashok Yadav | Kanpur, Uttar Pradesh | Source: mobile_app"
R04376,P009,Sanjay Kumar,Jaipur,Rajasthan,2026-04-11,8.4,93.2,5.8,0.8,No,"Indian home-care observation | Sanjay Kumar | Jaipur, Rajasthan | Source: wearable_sync"
R04377,P031,Ashok Yadav,Kanpur,Uttar Pradesh,2026-04-21,7.8,58.5,7.0,2.4,No,"Indian home-care observation | Ashok Yadav | Kanpur, Uttar Pradesh | Source: phone_checkin"
R04378,P001,Arjun Mehta,Chennai,Tamil Nadu,2026-04-22,7.1,61.9,7.7,1.1,No,"Indian home-care observation | Arjun Mehta | Chennai, Tamil Nadu | Source: phone_checkin"
R04379,P017,Naveen Kumar,Mysuru,Karnataka,2026-04-26,8.2,75.1,6.6,2.7,No,"Indian home-care observation | Naveen Kumar | Mysuru, Karnataka | Source: tablet_kiosk"
R04380,P032,Bhavana R,Bengaluru,Karnataka,2026-04-26,8.0,,,2.7,No,"Indian home-care observation | Bhavana R | Bengaluru, Karnataka | Source: wearable_sync"
R04381,P036,Sowmya N,Hyderabad,Telangana,2026-04-18,8.4,74.9,,2.7,No,"Indian home-care observation | Sowmya N | Hyderabad, Telangana | Source: wearable_sync"
R04382,P005,Vikram Singh,Mumbai,Maharashtra,2026-04-23,8.7,89.3,7.5,2.9,No,"Indian home-care observation | Vikram Singh | Mumbai, Maharashtra | Source: tablet_kiosk"
R04383,P029,Gopal Krishnan,Madurai,Tamil Nadu,2026-04-25,7.7,88.8,8.0,2.8,No,"Indian home-care observation | Gopal Krishnan | Madurai, Tamil Nadu | Source: phone_checkin"
R04384,P020,Pooja Shah,Surat,Gujarat,2026-04-19,5.7,82.1,5.5,3.9,No,"Indian home-care observation | Pooja Shah | Surat, Gujarat | Source: mobile_app"
R04385,P036,Sowmya N,Hyderabad,Telangana,2026-04-19,8.1,77.7,8.6,3.7,No,"Indian home-care observation | Sowmya N | Hyderabad, Telangana | Source: wearable_sync"
R04386,P020,Pooja Shah,Surat,Gujarat,2026-04-20,6.2,75.1,4.9,1.2,No,"Indian home-care observation | Pooja Shah | Surat, Gujarat | Source: phone_checkin"
R04387,P025,Ravi Prasad,Patna,Bihar,2026-04-02,7.2,76.6,8.4,2.8,No,"Indian home-care observation | Ravi Prasad | Patna, Bihar | Source: wearable_sync"
R04388,P027,Aditya Kulkarni,Nagpur,Maharashtra,2026-04-21,6.3,75.1,,2.2,No,"Indian home-care observation | Aditya Kulkarni | Nagpur, Maharashtra | Source: wearable_sync"
R04389,P036,Sowmya N,Hyderabad,Telangana,2026-04-20,8.3,86.0,7.8,2.4,No,"Indian home-care observation | Sowmya N | Hyderabad, Telangana | Source: mobile_app"
R04390,P033,Ganesh Iyer,Chennai,Tamil Nadu,2026-05-02,7.6,81.0,6.7,,No,"Indian home-care observation | Ganesh Iyer | Chennai, Tamil Nadu | Source: mobile_app"
R04391,P021,Ajay Menon,Kozhikode,Kerala,2026-04-26,6.2,81.4,5.7,1.9,No,"Indian home-care observation | Ajay Menon | Kozhikode, Kerala | Source: phone_checkin"
R04392,P026,Keerthana S,Tiruchirappalli,Tamil Nadu,2026-04-23,6.8,84.9,5.9,3.1,No,"Indian home-care observation | Keerthana S | Tiruchirappalli, Tamil Nadu | Source: tablet_kiosk"
R04393,P035,Prakash Patil,Nashik,Maharashtra,2026-04-30,5.6,58.1,6.0,0.0,No,"Indian home-care observation | Prakash Patil | Nashik, Maharashtra | Source: mobile_app"
R04394,P001,Arjun Mehta,Chennai,Tamil Nadu,2026-04-23,8.1,71.1,6.3,0.9,No,"Indian home-care observation | Arjun Mehta | Chennai, Tamil Nadu | Source: mobile_app"
R04395,P040,Deepa Thomas,Thrissur,Kerala,2026-04-21,4.1,79.0,4.7,,No,"Indian home-care observation | Deepa Thomas | Thrissur, Kerala | Source: phone_checkin"
R04396,P007,Karthik Reddy,Hyderabad,Telangana,2026-04-19,8.5,81.0,6.4,1.6,No,"Indian home-care observation | Karthik Reddy | Hyderabad, Telangana | Source: wearable_sync"
R04397,P036,Sowmya N,Hyderabad,Telangana,2026-04-21,7.3,95.0,8.2,2.6,No,"Indian home-care observation | Sowmya N | Hyderabad, Telangana | Source: wearable_sync"
R04398,P024,Neha Kapoor,New Delhi,Delhi,2026-05-03,8.8,87.8,,2.9,No,"Indian home-care observation | Neha Kapoor | New Delhi, Delhi | Source: mobile_app"
R04399,P023,Mohan Raj,Salem,Tamil Nadu,2026-04-22,5.3,89.7,6.6,4.3,No,"Indian home-care observation | Mohan Raj | Salem, Tamil Nadu | Source: mobile_app"
R04400,P030,Nandini Shetty,Mangaluru,Karnataka,2026-04-18,,68.9,3.1,0.4,No,"Indian home-care observation | Nandini Shetty | Mangaluru, Karnataka | Source: tablet_kiosk"
R04401,P022,Shreya Das,Bhubaneswar,Odisha,2026-04-11,8.3,79.1,,3.0,No,"Indian home-care observation | Shreya Das | Bhubaneswar, Odisha | Source: tablet_kiosk"
R04402,P020,Pooja Shah,Surat,Gujarat,2026-04-21,5.6,73.2,4.5,2.1,No,"Indian home-care observation | Pooja Shah | Surat, Gujarat | Source: phone_checkin"
R04403,P024,Neha Kapoor,New Delhi,Delhi,2026-05-04,7.2,92.5,6.5,1.9,Yes,"Indian home-care observation | Neha Kapoor | New Delhi, Delhi | Source: phone_checkin"
R04404,P040,Deepa Thomas,Thrissur,Kerala,2026-04-22,5.6,88.7,4.9,0.1,No,"Indian home-care observation | Deepa Thomas | Thrissur, Kerala | Source: wearable_sync"
R04405,P035,Prakash Patil,Nashik,Maharashtra,2026-05-01,,80.8,6.7,3.2,No,"Indian home-care observation | Prakash Patil | Nashik, Maharashtra | Source: tablet_kiosk"
R04406,P007,Karthik Reddy,Hyderabad,Telangana,2026-04-20,9.2,77.6,8.8,2.9,No,"Indian home-care observation | Karthik Reddy | Hyderabad, Telangana | Source: wearable_sync"
R04407,P039,Imran Khan,Bhopal,Madhya Pradesh,2026-04-07,7.4,81.7,8.0,2.9,No,"Indian home-care observation | Imran Khan | Bhopal, Madhya Pradesh | Source: tablet_kiosk"
R04408,P039,Imran Khan,Bhopal,Madhya Pradesh,2026-04-08,7.8,77.5,8.2,2.4,No,"Indian home-care observation | Imran Khan | Bhopal, Madhya Pradesh | Source: wearable_sync"
R04409,P036,Sowmya N,Hyderabad,Telangana,2026-04-22,8.1,80.0,7.3,2.8,No,"Indian home-care observation | Sowmya N | Hyderabad, Telangana | Source: mobile_app"
R04410,P033,Ganesh Iyer,Chennai,Tamil Nadu,2026-05-03,7.5,81.3,6.9,,No,"Indian home-care observation | Ganesh Iyer | Chennai, Tamil Nadu | Source: phone_checkin"
R04411,P015,Suresh Babu,Madurai,Tamil Nadu,2026-04-22,8.8,68.9,5.8,,No,"Indian home-care observation | Suresh Babu | Madurai, Tamil Nadu | Source: wearable_sync"
R04412,P027,Aditya Kulkarni,Nagpur,Maharashtra,2026-04-22,6.1,79.5,8.2,1.4,No,"Indian home-care observation | Aditya Kulkarni | Nagpur, Maharashtra | Source: mobile_app"
R04413,P003,Rahul Sharma,Delhi,Delhi,2026-04-12,6.7,,,4.1,No,"Indian home-care observation | Rahul Sharma | Delhi, Delhi | Source: wearable_sync"
R04414,P026,Keerthana S,Tiruchirappalli,Tamil Nadu,2026-04-24,7.3,82.4,6.4,2.4,No,"Indian home-care observation | Keerthana S | Tiruchirappalli, Tamil Nadu | Source: mobile_app"
R04415,P029,Gopal Krishnan,Madurai,Tamil Nadu,2026-04-26,7.7,82.5,6.6,2.7,No,"Indian home-care observation | Gopal Krishnan | Madurai, Tamil Nadu | Source: wearable_sync"
R04416,P039,Imran Khan,Bhopal,Madhya Pradesh,2026-04-09,7.2,,8.0,1.8,No,"Indian home-care observation | Imran Khan | Bhopal, Madhya Pradesh | Source: phone_checkin"
R04417,P013,Manoj Gupta,Lucknow,Uttar Pradesh,2026-04-25,7.5,84.1,7.0,2.3,No,"Indian home-care observation | Manoj Gupta | Lucknow, Uttar Pradesh | Source: wearable_sync"
R04418,P024,Neha Kapoor,New Delhi,Delhi,2026-05-05,6.7,86.2,7.9,4.6,No,"Indian home-care observation | Neha Kapoor | New Delhi, Delhi | Source: phone_checkin"
R04419,P037,Ramesh Chandran,Puducherry,Puducherry,2026-04-21,7.4,84.0,7.2,1.6,No,"Indian home-care observation | Ramesh Chandran | Puducherry, Puducherry | Source: wearable_sync"
R04420,P023,Mohan Raj,Salem,Tamil Nadu,2026-04-23,7.0,100.0,,4.3,No,"Indian home-care observation | Mohan Raj | Salem, Tamil Nadu | Source: nan"
R04421,P024,Neha Kapoor,New Delhi,Delhi,2026-05-06,7.7,95.9,8.1,3.4,No,"Indian home-care observation | Neha Kapoor | New Delhi, Delhi | Source: phone_checkin"
R04422,P002,Priya Nair,Kochi,Kerala,2026-04-15,7.4,73.7,4.7,,No,"Indian home-care observation | Priya Nair | Kochi, Kerala | Source: mobile_app"
R04423,P003,Rahul Sharma,Delhi,Delhi,2026-04-13,7.7,,7.3,2.1,No,"Indian home-care observation | Rahul Sharma | Delhi, Delhi | Source: phone_checkin"
R04424,P010,Divya Patel,Ahmedabad,Gujarat,2026-04-22,5.5,53.0,6.0,2.7,No,"Indian home-care observation | Divya Patel | Ahmedabad, Gujarat | Source: phone_checkin"
R04425,P040,Deepa Thomas,Thrissur,Kerala,2026-04-23,4.6,79.9,,0.1,No,"Indian home-care observation | Deepa Thomas | Thrissur, Kerala | Source: phone_checkin"
R04426,P028,Swathi Rao,Visakhapatnam,Andhra Pradesh,2026-04-16,7.0,78.2,6.2,2.9,No,"Indian home-care observation | Swathi Rao | Visakhapatnam, Andhra Pradesh | Source: wearable_sync"
R04427,P020,Pooja Shah,Surat,Gujarat,2026-04-22,5.8,75.9,5.9,2.3,No,"Indian home-care observation | Pooja Shah | Surat, Gujarat | Source: tablet_kiosk"
R04428,P012,Kavya Menon,Thiruvananthapuram,Kerala,2026-04-12,7.7,93.8,9.3,3.2,No,"Indian home-care observation | Kavya Menon | Thiruvananthapuram, Kerala | Source: phone_checkin"
R04429,P027,Aditya Kulkarni,Nagpur,Maharashtra,2026-04-23,6.6,90.5,,1.2,No,"Indian home-care observation | Aditya Kulkarni | Nagpur, Maharashtra | Source: phone_checkin"
R04430,P012,Kavya Menon,Thiruvananthapuram,Kerala,2026-04-13,7.0,93.8,8.2,2.7,No,"Indian home-care observation | Kavya Menon | Thiruvananthapuram, Kerala | Source: phone_checkin"
R04431,P023,Mohan Raj,Salem,Tamil Nadu,2026-04-24,7.0,95.6,7.2,1.9,No,"Indian home-care observation | Mohan Raj | Salem, Tamil Nadu | Source: tablet_kiosk"
R04432,P025,Ravi Prasad,Patna,Bihar,2026-04-03,6.4,84.3,9.4,3.8,No,"Indian home-care observation | Ravi Prasad | Patna, Bihar | Source: mobile_app"
R04433,P006,Meena Krishnan,Coimbatore,Tamil Nadu,2026-05-01,6.8,87.7,6.7,2.3,No,"Indian home-care observation | Meena Krishnan | Coimbatore, Tamil Nadu | Source: tablet_kiosk"
R04434,P008,Lakshmi Rao,Vijayawada,Andhra Pradesh,2026-04-09,7.0,83.2,6.8,2.7,No,"Indian home-care observation | Lakshmi Rao | Vijayawada, Andhra Pradesh | Source: phone_checkin"
R04435,P003,Rahul Sharma,Delhi,Delhi,2026-04-14,7.2,80.6,6.9,2.4,No,"Indian home-care observation | Rahul Sharma | Delhi, Delhi | Source: tablet_kiosk"
R04436,P021,Ajay Menon,Kozhikode,Kerala,2026-04-27,8.2,78.0,,4.2,No,"Indian home-care observation | Ajay Menon | Kozhikode, Kerala | Source: mobile_app"
R04437,P016,Aishwarya Pillai,Kollam,Kerala,2026-04-22,7.1,90.0,,3.2,No,"Indian home-care observation | Aishwarya Pillai | Kollam, Kerala | Source: wearable_sync"
R04438,P025,Ravi Prasad,Patna,Bihar,2026-04-04,7.8,83.7,10.0,2.2,No,"Indian home-care observation | Ravi Prasad | Patna, Bihar | Source: mobile_app"
R04439,P040,Deepa Thomas,Thrissur,Kerala,2026-04-24,4.3,79.2,4.1,0.1,No,"Indian home-care observation | Deepa Thomas | Thrissur, Kerala | Source: wearable_sync"
R04440,P004,Ananya Iyer,Bengaluru,Karnataka,2026-04-30,6.7,60.8,,1.9,No,"Indian home-care observation | Ananya Iyer | Bengaluru, Karnataka | Source: mobile_app"
R04441,P001,Arjun Mehta,Chennai,Tamil Nadu,2026-04-24,10.0,73.5,,2.3,No,"Indian home-care observation | Arjun Mehta | Chennai, Tamil Nadu | Source: wearable_sync"
R04442,P039,Imran Khan,Bhopal,Madhya Pradesh,2026-04-10,7.7,70.9,7.5,2.1,No,"Indian home-care observation | Imran Khan | Bhopal, Madhya Pradesh | Source: nan"
R04443,P040,Deepa Thomas,Thrissur,Kerala,2026-04-25,5.4,85.3,4.7,0.1,No,"Indian home-care observation | Deepa Thomas | Thrissur, Kerala | Source: wearable_sync"
R04444,P016,Aishwarya Pillai,Kollam,Kerala,2026-04-23,7.4,82.2,9.3,2.7,No,"Indian home-care observation | Aishwarya Pillai | Kollam, Kerala | Source: mobile_app"
R04445,P009,Sanjay Kumar,Jaipur,Rajasthan,2026-04-12,7.0,76.7,7.2,3.4,No,"Indian home-care observation | Sanjay Kumar | Jaipur, Rajasthan | Source: wearable_sync"
R04446,P029,Gopal Krishnan,Madurai,Tamil Nadu,2026-04-27,7.5,83.5,7.1,2.1,No,"Indian home-care observation | Gopal Krishnan | Madurai, Tamil Nadu | Source: tablet_kiosk"
R04447,P036,Sowmya N,Hyderabad,Telangana,2026-04-23,8.3,,7.7,1.5,No,"Indian home-care observation | Sowmya N | Hyderabad, Telangana | Source: wearable_sync"
R04448,P027,Aditya Kulkarni,Nagpur,Maharashtra,2026-04-24,6.3,77.6,9.4,0.4,No,"Indian home-care observation | Aditya Kulkarni | Nagpur, Maharashtra | Source: mobile_app"
R04449,P008,Lakshmi Rao,Vijayawada,Andhra Pradesh,2026-04-10,5.5,77.8,5.3,1.2,No,"Indian home-care observation | Lakshmi Rao | Vijayawada, Andhra Pradesh | Source: tablet_kiosk"
R04450,P011,Rohan Das,Kolkata,West Bengal,2026-04-18,,73.0,6.0,2.7,No,"Indian home-care observation | Rohan Das | Kolkata, West Bengal | Source: tablet_kiosk"
R04451,P039,Imran Khan,Bhopal,Madhya Pradesh,2026-04-11,8.5,81.8,8.1,3.4,No,"Indian home-care observation | Imran Khan | Bhopal, Madhya Pradesh | Source: mobile_app"
R04452,P040,Deepa Thomas,Thrissur,Kerala,2026-04-26,6.6,94.1,6.9,3.1,No,"Indian home-care observation | Deepa Thomas | Thrissur, Kerala | Source: mobile_app"
R04453,P035,Prakash Patil,Nashik,Maharashtra,2026-05-02,6.7,,7.4,1.9,No,"Indian home-care observation | Prakash Patil | Nashik, Maharashtra | Source: tablet_kiosk"
R04454,P005,Vikram Singh,Mumbai,Maharashtra,2026-04-24,9.6,88.0,,0.9,No,"Indian home-care observation | Vikram Singh | Mumbai, Maharashtra | Source: tablet_kiosk"
R04455,P004,Ananya Iyer,Bengaluru,Karnataka,2026-05-01,7.5,68.0,6.2,1.6,No,"Indian home-care observation | Ananya Iyer | Bengaluru, Karnataka | Source: tablet_kiosk"
R04456,P039,Imran Khan,Bhopal,Madhya Pradesh,2026-04-12,7.4,77.9,8.0,2.3,No,"Indian home-care observation | Imran Khan | Bhopal, Madhya Pradesh | Source: wearable_sync"
R04457,P014,Sneha Joshi,Pune,Maharashtra,2026-04-24,9.8,86.7,5.6,4.1,No,"Indian home-care observation | Sneha Joshi | Pune, Maharashtra | Source: phone_checkin"
R04458,P026,Keerthana S,Tiruchirappalli,Tamil Nadu,2026-04-25,6.7,83.3,6.2,2.2,No,"Indian home-care observation | Keerthana S | Tiruchirappalli, Tamil Nadu | Source: tablet_kiosk"
R04459,P029,Gopal Krishnan,Madurai,Tamil Nadu,2026-04-28,7.1,88.0,7.0,3.0,No,"Indian home-care observation | Gopal Krishnan | Madurai, Tamil Nadu | Source: phone_checkin"
R04460,P025,Ravi Prasad,Patna,Bihar,2026-04-05,8.7,85.3,8.1,4.2,No,"Indian home-care observation | Ravi Prasad | Patna, Bihar | Source: phone_checkin"
R04461,P021,Ajay Menon,Kozhikode,Kerala,2026-04-28,,83.1,7.0,2.2,No,"Indian home-care observation | Ajay Menon | Kozhikode, Kerala | Source: mobile_app"
R04462,P027,Aditya Kulkarni,Nagpur,Maharashtra,2026-04-25,6.2,74.6,8.9,1.9,No,"Indian home-care observation | Aditya Kulkarni | Nagpur, Maharashtra | Source: mobile_app"
R04463,P015,Suresh Babu,Madurai,Tamil Nadu,2026-04-23,9.7,68.8,5.8,2.2,No,"Indian home-care observation | Suresh Babu | Madurai, Tamil Nadu | Source: tablet_kiosk"
R04464,P003,Rahul Sharma,Delhi,Delhi,2026-04-15,7.0,69.4,7.4,1.7,No,"Indian home-care observation | Rahul Sharma | Delhi, Delhi | Source: nan"
R04465,P027,Aditya Kulkarni,Nagpur,Maharashtra,2026-04-26,6.5,81.2,8.4,0.3,No,"Indian home-care observation | Aditya Kulkarni | Nagpur, Maharashtra | Source: tablet_kiosk"
R04466,P005,Vikram Singh,Mumbai,Maharashtra,2026-04-25,8.8,80.1,7.0,1.6,No,"Indian home-care observation | Vikram Singh | Mumbai, Maharashtra | Source: wearable_sync"
R04467,P031,Ashok Yadav,Kanpur,Uttar Pradesh,2026-04-22,6.8,,5.9,0.9,No,"Indian home-care observation | Ashok Yadav | Kanpur, Uttar Pradesh | Source: mobile_app"
R04468,P027,Aditya Kulkarni,Nagpur,Maharashtra,2026-04-27,6.2,74.2,8.1,1.3,No,"Indian home-care observation | Aditya Kulkarni | Nagpur, Maharashtra | Source: wearable_sync"
R04469,P007,Karthik Reddy,Hyderabad,Telangana,2026-04-21,8.3,84.2,7.0,0.9,No,"Indian home-care observation | Karthik Reddy | Hyderabad, Telangana | Source: phone_checkin"
R04470,P029,Gopal Krishnan,Madurai,Tamil Nadu,2026-04-29,6.8,89.4,6.7,2.3,No,"Indian home-care observation | Gopal Krishnan | Madurai, Tamil Nadu | Source: tablet_kiosk"
R04471,P029,Gopal Krishnan,Madurai,Tamil Nadu,2026-04-30,7.0,89.4,6.5,2.2,No,"Indian home-care observation | Gopal Krishnan | Madurai, Tamil Nadu | Source: phone_checkin"
R04472,P034,Madhuri Naik,Panaji,Goa,2026-04-13,7.3,83.7,5.8,0.6,No,"Indian home-care observation | Madhuri Naik | Panaji, Goa | Source: mobile_app"
R04473,P009,Sanjay Kumar,Jaipur,Rajasthan,2026-04-13,7.7,72.4,6.2,1.7,No,"Indian home-care observation | Sanjay Kumar | Jaipur, Rajasthan | Source: wearable_sync"
R04474,P021,Ajay Menon,Kozhikode,Kerala,2026-04-29,6.2,97.4,,1.3,No,"Indian home-care observation | Ajay Menon | Kozhikode, Kerala | Source: mobile_app"
R04475,P029,Gopal Krishnan,Madurai,Tamil Nadu,2026-05-01,7.6,89.1,7.5,1.4,No,"Indian home-care observation | Gopal Krishnan | Madurai, Tamil Nadu | Source: mobile_app"
R04476,P004,Ananya Iyer,Bengaluru,Karnataka,2026-05-02,7.7,78.1,,1.6,No,"Indian home-care observation | Ananya Iyer | Bengaluru, Karnataka | Source: wearable_sync"
R04477,P021,Ajay Menon,Kozhikode,Kerala,2026-04-30,6.4,,5.9,2.4,No,"Indian home-care observation | Ajay Menon | Kozhikode, Kerala | Source: wearable_sync"
R04478,P011,Rohan Das,Kolkata,West Bengal,2026-04-19,5.6,71.7,5.1,3.7,No,"Indian home-care observation | Rohan Das | Kolkata, West Bengal | Source: tablet_kiosk"
R04479,P003,Rahul Sharma,Delhi,Delhi,2026-04-16,7.5,86.3,6.7,2.3,No,"Indian home-care observation | Rahul Sharma | Delhi, Delhi | Source: mobile_app"
R04480,P003,Rahul Sharma,Delhi,Delhi,2026-04-17,8.0,62.8,5.0,3.5,No,"Indian home-care observation | Rahul Sharma | Delhi, Delhi | Source: wearable_sync"
R04481,P028,Swathi Rao,Visakhapatnam,Andhra Pradesh,2026-04-17,6.7,84.7,7.0,1.6,No,"Indian home-care observation | Swathi Rao | Visakhapatnam, Andhra Pradesh | Source: phone_checkin"
R04482,P001,Arjun Mehta,Chennai,Tamil Nadu,2026-04-25,8.6,86.7,6.1,3.3,No,"Indian home-care observation | Arjun Mehta | Chennai, Tamil Nadu | Source: mobile_app"
R04483,P040,Deepa Thomas,Thrissur,Kerala,2026-04-27,4.6,78.2,5.0,,No,"Indian home-care observation | Deepa Thomas | Thrissur, Kerala | Source: mobile_app"
R04484,P036,Sowmya N,Hyderabad,Telangana,2026-04-24,8.0,86.6,7.3,2.1,No,"Indian home-care observation | Sowmya N | Hyderabad, Telangana | Source: mobile_app"
R04485,P030,Nandini Shetty,Mangaluru,Karnataka,2026-04-19,,69.3,4.4,,No,"Indian home-care observation | Nandini Shetty | Mangaluru, Karnataka | Source: phone_checkin"
R04486,P027,Aditya Kulkarni,Nagpur,Maharashtra,2026-04-28,6.4,83.7,9.5,2.5,No,"Indian home-care observation | Aditya Kulkarni | Nagpur, Maharashtra | Source: mobile_app"
R04487,P027,Aditya Kulkarni,Nagpur,Maharashtra,2026-04-29,6.2,77.2,9.2,0.8,No,"Indian home-care observation | Aditya Kulkarni | Nagpur, Maharashtra | Source: tablet_kiosk"
R04488,P035,Prakash Patil,Nashik,Maharashtra,2026-05-03,7.4,68.0,8.2,3.1,No,"Indian home-care observation | Prakash Patil | Nashik, Maharashtra | Source: mobile_app"
R04489,P014,Sneha Joshi,Pune,Maharashtra,2026-04-25,8.2,100.0,5.5,1.8,No,"Indian home-care observation | Sneha Joshi | Pune, Maharashtra | Source: wearable_sync"
R04490,P002,Priya Nair,Kochi,Kerala,2026-04-16,7.1,82.3,5.1,3.0,No,"Indian home-care observation | Priya Nair | Kochi, Kerala | Source: phone_checkin"
R04491,P025,Ravi Prasad,Patna,Bihar,2026-04-06,7.6,70.4,8.6,2.9,No,"Indian home-care observation | Ravi Prasad | Patna, Bihar | Source: wearable_sync"
R04492,P011,Rohan Das,Kolkata,West Bengal,2026-04-20,7.1,71.6,,,No,"Indian home-care observation | Rohan Das | Kolkata, West Bengal | Source: nan"
R04493,P014,Sneha Joshi,Pune,Maharashtra,2026-04-26,8.7,85.9,2.6,2.8,No,"Indian home-care observation | Sneha Joshi | Pune, Maharashtra | Source: tablet_kiosk"
R04494,P031,Ashok Yadav,Kanpur,Uttar Pradesh,2026-04-23,8.4,61.7,8.3,3.9,No,"Indian home-care observation | Ashok Yadav | Kanpur, Uttar Pradesh | Source: mobile_app"
R04495,P036,Sowmya N,Hyderabad,Telangana,2026-04-25,7.7,84.8,8.1,2.0,No,"Indian home-care observation | Sowmya N | Hyderabad, Telangana | Source: mobile_app"
R04496,P022,Shreya Das,Bhubaneswar,Odisha,2026-04-12,8.4,73.0,4.0,2.2,No,"Indian home-care observation | Shreya Das | Bhubaneswar, Odisha | Source: mobile_app"
R04497,P007,Karthik Reddy,Hyderabad,Telangana,2026-04-22,9.2,74.4,7.8,2.8,Yes,"Indian home-care observation | Karthik Reddy | Hyderabad, Telangana | Source: mobile_app"
R04498,P030,Nandini Shetty,Mangaluru,Karnataka,2026-04-20,7.2,,3.7,0.5,No,"Indian home-care observation | Nandini Shetty | Mangaluru, Karnataka | Source: phone_checkin"
R04499,P002,Priya Nair,Kochi,Kerala,2026-04-17,7.9,80.0,4.9,1.4,No,"Indian home-care observation | Priya Nair | Kochi, Kerala | Source: tablet_kiosk"
R04500,P015,Suresh Babu,Madurai,Tamil Nadu,2026-04-24,9.3,65.0,6.5,0.5,No,"Indian home-care observation | Suresh Babu | Madurai, Tamil Nadu | Source: phone_checkin"
R04501,P003,Rahul Sharma,Delhi,Delhi,2026-04-18,7.3,75.5,7.6,3.4,No,"Indian home-care observation | Rahul Sharma | Delhi, Delhi | Source: phone_checkin"
R04502,P034,Madhuri Naik,Panaji,Goa,2026-04-14,7.8,88.0,5.7,2.3,No,"Indian home-care observation | Madhuri Naik | Panaji, Goa | Source: mobile_app"
R04503,P035,Prakash Patil,Nashik,Maharashtra,2026-05-04,,,6.3,4.2,No,"Indian home-care observation | Prakash Patil | Nashik, Maharashtra | Source: wearable_sync"
R04504,P023,Mohan Raj,Salem,Tamil Nadu,2026-04-25,,97.5,6.6,3.1,No,"Indian home-care observation | Mohan Raj | Salem, Tamil Nadu | Source: tablet_kiosk"
R04505,P007,Karthik Reddy,Hyderabad,Telangana,2026-04-23,10.0,67.6,7.5,3.4,No,"Indian home-care observation | Karthik Reddy | Hyderabad, Telangana | Source: wearable_sync"
R04506,P015,Suresh Babu,Madurai,Tamil Nadu,2026-04-25,9.5,73.5,6.6,1.0,No,"Indian home-care observation | Suresh Babu | Madurai, Tamil Nadu | Source: phone_checkin"
R04507,P028,Swathi Rao,Visakhapatnam,Andhra Pradesh,2026-04-18,6.5,,6.5,,No,"Indian home-care observation | Swathi Rao | Visakhapatnam, Andhra Pradesh | Source: wearable_sync"
R04508,P023,Mohan Raj,Salem,Tamil Nadu,2026-04-26,7.0,100.0,6.2,3.5,No,"Indian home-care observation | Mohan Raj | Salem, Tamil Nadu | Source: mobile_app"
R04509,P006,Meena Krishnan,Coimbatore,Tamil Nadu,2026-05-02,6.6,90.1,6.8,2.1,No,"Indian home-care observation | Meena Krishnan | Coimbatore, Tamil Nadu | Source: wearable_sync"
R04510,P040,Deepa Thomas,Thrissur,Kerala,2026-04-28,4.3,71.5,3.3,0.9,No,"Indian home-care observation | Deepa Thomas | Thrissur, Kerala | Source: tablet_kiosk"
R04511,P020,Pooja Shah,Surat,Gujarat,2026-04-23,5.2,70.3,4.6,2.5,No,"Indian home-care observation | Pooja Shah | Surat, Gujarat | Source: wearable_sync"
R04512,P009,Sanjay Kumar,Jaipur,Rajasthan,2026-04-14,7.6,77.3,6.6,2.5,No,"Indian home-care observation | Sanjay Kumar | Jaipur, Rajasthan | Source: phone_checkin"
R04513,P014,Sneha Joshi,Pune,Maharashtra,2026-04-27,10.0,74.6,6.0,6.1,No,"Indian home-care observation | Sneha Joshi | Pune, Maharashtra | Source: wearable_sync"
R04514,P013,Manoj Gupta,Lucknow,Uttar Pradesh,2026-04-26,7.7,82.2,6.9,2.3,No,"Indian home-care observation | Manoj Gupta | Lucknow, Uttar Pradesh | Source: tablet_kiosk"
R04515,P025,Ravi Prasad,Patna,Bihar,2026-04-07,7.2,71.5,9.8,2.2,No,"Indian home-care observation | Ravi Prasad | Patna, Bihar | Source: tablet_kiosk"
R04516,P016,Aishwarya Pillai,Kollam,Kerala,2026-04-24,7.5,80.2,8.4,3.3,No,"Indian home-care observation | Aishwarya Pillai | Kollam, Kerala | Source: mobile_app"
R04517,P008,Lakshmi Rao,Vijayawada,Andhra Pradesh,2026-04-11,7.4,88.9,,3.3,No,"Indian home-care observation | Lakshmi Rao | Vijayawada, Andhra Pradesh | Source: tablet_kiosk"
R04518,P015,Suresh Babu,Madurai,Tamil Nadu,2026-04-26,10.0,74.1,6.9,3.6,No,"Indian home-care observation | Suresh Babu | Madurai, Tamil Nadu | Source: phone_checkin"
R04519,P033,Ganesh Iyer,Chennai,Tamil Nadu,2026-05-04,8.3,77.8,6.8,2.2,No,"Indian home-care observation | Ganesh Iyer | Chennai, Tamil Nadu | Source: tablet_kiosk"
R04520,P025,Ravi Prasad,Patna,Bihar,2026-04-08,7.4,79.4,8.5,3.7,No,"Indian home-care observation | Ravi Prasad | Patna, Bihar | Source: tablet_kiosk"
R04521,P033,Ganesh Iyer,Chennai,Tamil Nadu,2026-05-05,7.7,82.8,7.2,4.2,No,"Indian home-care observation | Ganesh Iyer | Chennai, Tamil Nadu | Source: phone_checkin"
R04522,P026,Keerthana S,Tiruchirappalli,Tamil Nadu,2026-04-26,7.1,80.6,5.0,1.9,No,"Indian home-care observation | Keerthana S | Tiruchirappalli, Tamil Nadu | Source: wearable_sync"
R04523,P030,Nandini Shetty,Mangaluru,Karnataka,2026-04-21,,77.1,4.4,2.4,No,"Indian home-care observation | Nandini Shetty | Mangaluru, Karnataka | Source: mobile_app"
R04524,P034,Madhuri Naik,Panaji,Goa,2026-04-15,,87.3,6.1,3.2,No,"Indian home-care observation | Madhuri Naik | Panaji, Goa | Source: tablet_kiosk"
R04525,P033,Ganesh Iyer,Chennai,Tamil Nadu,2026-05-06,7.8,83.6,6.8,2.2,No,"Indian home-care observation | Ganesh Iyer | Chennai, Tamil Nadu | Source: phone_checkin"
R04526,P005,Vikram Singh,Mumbai,Maharashtra,2026-04-26,9.5,73.9,,1.5,No,"Indian home-care observation | Vikram Singh | Mumbai, Maharashtra | Source: tablet_kiosk"
R04527,P023,Mohan Raj,Salem,Tamil Nadu,2026-04-27,7.6,100.0,6.6,2.3,No,"Indian home-care observation | Mohan Raj | Salem, Tamil Nadu | Source: phone_checkin"
R04528,P002,Priya Nair,Kochi,Kerala,2026-04-18,7.2,75.3,4.9,3.8,No,"Indian home-care observation | Priya Nair | Kochi, Kerala | Source: tablet_kiosk"
R04529,P028,Swathi Rao,Visakhapatnam,Andhra Pradesh,2026-04-19,7.0,,6.3,2.8,No,"Indian home-care observation | Swathi Rao | Visakhapatnam, Andhra Pradesh | Source: wearable_sync"
R04530,P027,Aditya Kulkarni,Nagpur,Maharashtra,2026-04-30,6.7,78.7,8.5,,No,"Indian home-care observation | Aditya Kulkarni | Nagpur, Maharashtra | Source: phone_checkin"
R04531,P026,Keerthana S,Tiruchirappalli,Tamil Nadu,2026-04-27,7.4,81.3,5.9,2.4,No,"Indian home-care observation | Keerthana S | Tiruchirappalli, Tamil Nadu | Source: wearable_sync"
R04532,P012,Kavya Menon,Thiruvananthapuram,Kerala,2026-04-14,6.4,,8.6,2.8,No,"Indian home-care observation | Kavya Menon | Thiruvananthapuram, Kerala | Source: tablet_kiosk"
R04533,P003,Rahul Sharma,Delhi,Delhi,2026-04-19,7.5,89.9,5.3,2.8,No,"Indian home-care observation | Rahul Sharma | Delhi, Delhi | Source: tablet_kiosk"
R04534,P035,Prakash Patil,Nashik,Maharashtra,2026-05-05,6.0,66.0,7.1,1.8,Yes,"Indian home-care observation | Prakash Patil | Nashik, Maharashtra | Source: phone_checkin"
R04535,P029,Gopal Krishnan,Madurai,Tamil Nadu,2026-05-02,8.0,87.9,6.8,2.8,No,"Indian home-care observation | Gopal Krishnan | Madurai, Tamil Nadu | Source: wearable_sync"
R04536,P034,Madhuri Naik,Panaji,Goa,2026-04-16,8.2,94.6,4.8,2.3,No,"Indian home-care observation | Madhuri Naik | Panaji, Goa | Source: wearable_sync"
R04537,P016,Aishwarya Pillai,Kollam,Kerala,2026-04-25,8.2,81.8,8.8,3.6,No,"Indian home-care observation | Aishwarya Pillai | Kollam, Kerala | Source: tablet_kiosk"
R04538,P001,Arjun Mehta,Chennai,Tamil Nadu,2026-04-26,8.3,59.2,6.0,2.9,No,"Indian home-care observation | Arjun Mehta | Chennai, Tamil Nadu | Source: wearable_sync"
R04539,P022,Shreya Das,Bhubaneswar,Odisha,2026-04-13,8.6,79.1,4.1,2.3,No,"Indian home-care observation | Shreya Das | Bhubaneswar, Odisha | Source: mobile_app"
R04540,P017,Naveen Kumar,Mysuru,Karnataka,2026-04-27,,85.1,,3.6,No,"Indian home-care observation | Naveen Kumar | Mysuru, Karnataka | Source: mobile_app"
R04541,P017,Naveen Kumar,Mysuru,Karnataka,2026-04-28,7.9,70.3,,0.3,No,"Indian home-care observation | Naveen Kumar | Mysuru, Karnataka | Source: mobile_app"
R04542,P031,Ashok Yadav,Kanpur,Uttar Pradesh,2026-04-24,9.1,67.2,,,No,"Indian home-care observation | Ashok Yadav | Kanpur, Uttar Pradesh | Source: mobile_app"
R04543,P014,Sneha Joshi,Pune,Maharashtra,2026-04-28,9.4,74.4,5.1,3.2,No,"Indian home-care observation | Sneha Joshi | Pune, Maharashtra | Source: mobile_app"
R04544,P026,Keerthana S,Tiruchirappalli,Tamil Nadu,2026-04-28,6.6,,4.7,2.4,No,"Indian home-care observation | Keerthana S | Tiruchirappalli, Tamil Nadu | Source: phone_checkin"
R04545,P024,Neha Kapoor,New Delhi,Delhi,2026-05-07,6.8,87.2,7.1,4.8,No,"Indian home-care observation | Neha Kapoor | New Delhi, Delhi | Source: tablet_kiosk"
R04546,P029,Gopal Krishnan,Madurai,Tamil Nadu,2026-05-03,7.9,,6.2,2.6,No,"Indian home-care observation | Gopal Krishnan | Madurai, Tamil Nadu | Source: wearable_sync"
R04547,P018,Harini Reddy,Warangal,Telangana,2026-04-23,7.8,75.8,8.6,3.1,No,"Indian home-care observation | Harini Reddy | Warangal, Telangana | Source: wearable_sync"
R04548,P016,Aishwarya Pillai,Kollam,Kerala,2026-04-26,7.8,91.3,8.7,1.6,No,"Indian home-care observation | Aishwarya Pillai | Kollam, Kerala | Source: tablet_kiosk"
R04549,P013,Manoj Gupta,Lucknow,Uttar Pradesh,2026-04-27,7.6,74.6,,1.2,No,"Indian home-care observation | Manoj Gupta | Lucknow, Uttar Pradesh | Source: wearable_sync"
R04550,P018,Harini Reddy,Warangal,Telangana,2026-04-24,7.5,72.1,6.7,2.1,No,"Indian home-care observation | Harini Reddy | Warangal, Telangana | Source: mobile_app"
R04551,P011,Rohan Das,Kolkata,West Bengal,2026-04-21,6.1,69.8,5.2,3.0,No,"Indian home-care observation | Rohan Das | Kolkata, West Bengal | Source: tablet_kiosk"
R04552,P039,Imran Khan,Bhopal,Madhya Pradesh,2026-04-13,7.6,76.0,8.4,2.7,No,"Indian home-care observation | Imran Khan | Bhopal, Madhya Pradesh | Source: tablet_kiosk"
R04553,P023,Mohan Raj,Salem,Tamil Nadu,2026-04-28,6.3,92.5,6.7,2.2,No,"Indian home-care observation | Mohan Raj | Salem, Tamil Nadu | Source: mobile_app"
R04554,P037,Ramesh Chandran,Puducherry,Puducherry,2026-04-22,7.4,86.5,7.2,2.7,No,"Indian home-care observation | Ramesh Chandran | Puducherry, Puducherry | Source: mobile_app"
R04555,P040,Deepa Thomas,Thrissur,Kerala,2026-04-29,7.8,87.7,5.5,2.8,No,"Indian home-care observation | Deepa Thomas | Thrissur, Kerala | Source: tablet_kiosk"
R04556,P006,Meena Krishnan,Coimbatore,Tamil Nadu,2026-05-03,5.9,80.1,6.4,2.8,No,"Indian home-care observation | Meena Krishnan | Coimbatore, Tamil Nadu | Source: tablet_kiosk"
R04557,P027,Aditya Kulkarni,Nagpur,Maharashtra,2026-05-01,6.5,83.0,8.8,2.7,No,"Indian home-care observation | Aditya Kulkarni | Nagpur, Maharashtra | Source: phone_checkin"
R04558,P030,Nandini Shetty,Mangaluru,Karnataka,2026-04-22,7.5,70.3,,2.8,No,"Indian home-care observation | Nandini Shetty | Mangaluru, Karnataka | Source: wearable_sync"
R04559,P009,Sanjay Kumar,Jaipur,Rajasthan,2026-04-15,6.8,72.0,7.6,1.8,No,"Indian home-care observation | Sanjay Kumar | Jaipur, Rajasthan | Source: wearable_sync"
R04560,P027,Aditya Kulkarni,Nagpur,Maharashtra,2026-05-02,6.2,84.5,9.8,1.4,No,"Indian home-care observation | Aditya Kulkarni | Nagpur, Maharashtra | Source: wearable_sync"
R04561,P034,Madhuri Naik,Panaji,Goa,2026-04-17,7.9,82.2,4.7,2.6,No,"Indian home-care observation | Madhuri Naik | Panaji, Goa | Source: tablet_kiosk"
R04562,P034,Madhuri Naik,Panaji,Goa,2026-04-18,7.1,80.6,6.3,1.4,Yes,"Indian home-care observation | Madhuri Naik | Panaji, Goa | Source: wearable_sync"
R04563,P019,Deepak Verma,Chandigarh,Chandigarh,2026-04-28,9.4,89.4,8.0,4.2,No,"Indian home-care observation | Deepak Verma | Chandigarh, Chandigarh | Source: mobile_app"
R04564,P030,Nandini Shetty,Mangaluru,Karnataka,2026-04-23,8.2,75.7,5.0,2.0,No,"Indian home-care observation | Nandini Shetty | Mangaluru, Karnataka | Source: tablet_kiosk"
R04565,P027,Aditya Kulkarni,Nagpur,Maharashtra,2026-05-03,,85.9,8.5,1.6,Yes,"Indian home-care observation | Aditya Kulkarni | Nagpur, Maharashtra | Source: mobile_app"
R04566,P011,Rohan Das,Kolkata,West Bengal,2026-04-22,6.3,69.6,5.4,1.1,No,"Indian home-care observation | Rohan Das | Kolkata, West Bengal | Source: mobile_app"
R04567,P006,Meena Krishnan,Coimbatore,Tamil Nadu,2026-05-04,5.9,88.6,7.2,1.0,No,"Indian home-care observation | Meena Krishnan | Coimbatore, Tamil Nadu | Source: tablet_kiosk"
R04568,P010,Divya Patel,Ahmedabad,Gujarat,2026-04-23,6.8,64.6,,1.8,No,"Indian home-care observation | Divya Patel | Ahmedabad, Gujarat | Source: tablet_kiosk"
R04569,P020,Pooja Shah,Surat,Gujarat,2026-04-24,5.6,82.9,4.9,1.3,No,"Indian home-care observation | Pooja Shah | Surat, Gujarat | Source: mobile_app"
R04570,P007,Karthik Reddy,Hyderabad,Telangana,2026-04-24,8.7,86.6,7.9,2.4,No,"Indian home-care observation | Karthik Reddy | Hyderabad, Telangana | Source: wearable_sync"
R04571,P037,Ramesh Chandran,Puducherry,Puducherry,2026-04-23,,90.9,8.1,3.4,No,"Indian home-care observation | Ramesh Chandran | Puducherry, Puducherry | Source: wearable_sync"
R04572,P024,Neha Kapoor,New Delhi,Delhi,2026-05-08,7.6,79.9,,2.4,No,"Indian home-care observation | Neha Kapoor | New Delhi, Delhi | Source: mobile_app"
R04573,P037,Ramesh Chandran,Puducherry,Puducherry,2026-04-24,,85.7,7.6,3.3,No,"Indian home-care observation | Ramesh Chandran | Puducherry, Puducherry | Source: wearable_sync"
R04574,P010,Divya Patel,Ahmedabad,Gujarat,2026-04-24,,62.5,7.1,0.3,No,"Indian home-care observation | Divya Patel | Ahmedabad, Gujarat | Source: phone_checkin"
R04575,P015,Suresh Babu,Madurai,Tamil Nadu,2026-04-27,9.6,72.2,7.7,,No,"Indian home-care observation | Suresh Babu | Madurai, Tamil Nadu | Source: tablet_kiosk"
R04576,P014,Sneha Joshi,Pune,Maharashtra,2026-04-29,9.5,68.9,5.8,2.7,No,"Indian home-care observation | Sneha Joshi | Pune, Maharashtra | Source: mobile_app"
R04577,P002,Priya Nair,Kochi,Kerala,2026-04-19,7.7,74.9,,2.6,Yes,"Indian home-care observation | Priya Nair | Kochi, Kerala | Source: mobile_app"
R04578,P037,Ramesh Chandran,Puducherry,Puducherry,2026-04-25,7.1,88.5,7.2,3.4,No,"Indian home-care observation | Ramesh Chandran | Puducherry, Puducherry | Source: tablet_kiosk"
R04579,P001,Arjun Mehta,Chennai,Tamil Nadu,2026-04-27,8.9,85.0,7.5,2.3,No,"Indian home-care observation | Arjun Mehta | Chennai, Tamil Nadu | Source: wearable_sync"
R04580,P006,Meena Krishnan,Coimbatore,Tamil Nadu,2026-05-05,6.8,92.6,7.3,2.2,No,"Indian home-care observation | Meena Krishnan | Coimbatore, Tamil Nadu | Source: wearable_sync"
R04581,P038,Janani Murugan,Erode,Tamil Nadu,2026-04-16,7.5,72.1,6.7,0.9,No,"Indian home-care observation | Janani Murugan | Erode, Tamil Nadu | Source: nan"
R04582,P030,Nandini Shetty,Mangaluru,Karnataka,2026-04-24,8.1,69.0,4.5,1.3,No,"Indian home-care observation | Nandini Shetty | Mangaluru, Karnataka | Source: phone_checkin"
R04583,P001,Arjun Mehta,Chennai,Tamil Nadu,2026-04-28,7.2,78.0,5.4,3.5,Yes,"Indian home-care observation | Arjun Mehta | Chennai, Tamil Nadu | Source: wearable_sync"
R04584,P008,Lakshmi Rao,Vijayawada,Andhra Pradesh,2026-04-12,6.7,84.1,3.6,2.3,No,"Indian home-care observation | Lakshmi Rao | Vijayawada, Andhra Pradesh | Source: mobile_app"
R04585,P020,Pooja Shah,Surat,Gujarat,2026-04-25,6.0,74.1,6.7,2.4,No,"Indian home-care observation | Pooja Shah | Surat, Gujarat | Source: phone_checkin"
R04586,P013,Manoj Gupta,Lucknow,Uttar Pradesh,2026-04-28,8.4,83.1,6.7,2.4,No,"Indian home-care observation | Manoj Gupta | Lucknow, Uttar Pradesh | Source: tablet_kiosk"
R04587,P034,Madhuri Naik,Panaji,Goa,2026-04-19,7.7,91.6,5.5,1.0,No,"Indian home-care observation | Madhuri Naik | Panaji, Goa | Source: phone_checkin"
R04588,P020,Pooja Shah,Surat,Gujarat,2026-04-26,6.3,73.4,5.6,0.0,No,"Indian home-care observation | Pooja Shah | Surat, Gujarat | Source: nan"
R04589,P013,Manoj Gupta,Lucknow,Uttar Pradesh,2026-04-29,7.2,77.7,5.5,0.0,No,"Indian home-care observation | Manoj Gupta | Lucknow, Uttar Pradesh | Source: phone_checkin"
R04590,P020,Pooja Shah,Surat,Gujarat,2026-04-27,6.5,78.7,6.3,1.3,No,"Indian home-care observation | Pooja Shah | Surat, Gujarat | Source: wearable_sync"
R04591,P013,Manoj Gupta,Lucknow,Uttar Pradesh,2026-04-30,7.1,80.5,,1.0,No,"Indian home-care observation | Manoj Gupta | Lucknow, Uttar Pradesh | Source: tablet_kiosk"
R04592,P034,Madhuri Naik,Panaji,Goa,2026-04-20,7.6,84.1,5.3,2.2,No,"Indian home-care observation | Madhuri Naik | Panaji, Goa | Source: wearable_sync"
R04593,P028,Swathi Rao,Visakhapatnam,Andhra Pradesh,2026-04-20,7.5,89.6,6.4,1.6,No,"Indian home-care observation | Swathi Rao | Visakhapatnam, Andhra Pradesh | Source: mobile_app"
R04594,P009,Sanjay Kumar,Jaipur,Rajasthan,2026-04-16,7.0,,6.8,2.3,No,"Indian home-care observation | Sanjay Kumar | Jaipur, Rajasthan | Source: wearable_sync"
R04595,P008,Lakshmi Rao,Vijayawada,Andhra Pradesh,2026-04-13,,77.6,6.0,3.3,No,"Indian home-care observation | Lakshmi Rao | Vijayawada, Andhra Pradesh | Source: WEARABLE_SYNC"
R04596,P033,Ganesh Iyer,Chennai,Tamil Nadu,2026-05-07,7.3,84.0,6.3,2.0,No,"Indian home-care observation | Ganesh Iyer | Chennai, Tamil Nadu | Source: phone_checkin"
R04597,P010,Divya Patel,Ahmedabad,Gujarat,2026-04-25,5.6,58.0,6.5,0.7,No,"Indian home-care observation | Divya Patel | Ahmedabad, Gujarat | Source: phone_checkin"
R04598,P020,Pooja Shah,Surat,Gujarat,2026-04-28,6.3,78.5,5.1,2.2,No,"Indian home-care observation | Pooja Shah | Surat, Gujarat | Source: tablet_kiosk"
R04599,P039,Imran Khan,Bhopal,Madhya Pradesh,2026-04-14,7.9,77.8,8.8,3.9,No,"Indian home-care observation | Imran Khan | Bhopal, Madhya Pradesh | Source: mobile_app"
R04600,P010,Divya Patel,Ahmedabad,Gujarat,2026-04-26,5.4,65.8,6.7,1.4,No,"Indian home-care observation | Divya Patel | Ahmedabad, Gujarat | Source: wearable_sync"
R04601,P001,Arjun Mehta,Chennai,Tamil Nadu,2026-04-29,8.8,83.0,7.0,4.3,No,"Indian home-care observation | Arjun Mehta | Chennai, Tamil Nadu | Source: TABLET_KIOSK"
R04602,P019,Deepak Verma,Chandigarh,Chandigarh,2026-04-29,9.2,62.4,8.3,2.0,No,"Indian home-care observation | Deepak Verma | Chandigarh, Chandigarh | Source: phone_checkin"
R04603,P036,Sowmya N,Hyderabad,Telangana,2026-04-26,8.3,81.5,7.6,3.8,No,"Indian home-care observation | Sowmya N | Hyderabad, Telangana | Source: wearable_sync"
R04604,P040,Deepa Thomas,Thrissur,Kerala,2026-04-30,6.3,87.8,5.6,1.9,No,"Indian home-care observation | Deepa Thomas | Thrissur, Kerala | Source: mobile_app"
R04605,P030,Nandini Shetty,Mangaluru,Karnataka,2026-04-25,8.0,75.4,4.2,,No,"Indian home-care observation | Nandini Shetty | Mangaluru, Karnataka | Source: phone_checkin"
R04606,P014,Sneha Joshi,Pune,Maharashtra,2026-04-30,8.5,88.7,4.0,2.7,No,"Indian home-care observation | Sneha Joshi | Pune, Maharashtra | Source: phone_checkin"
R04607,P015,Suresh Babu,Madurai,Tamil Nadu,2026-04-28,10.0,78.4,6.9,2.0,No,"Indian home-care observation | Suresh Babu | Madurai, Tamil Nadu | Source: tablet_kiosk"
R04608,P014,Sneha Joshi,Pune,Maharashtra,2026-05-01,9.0,83.7,,4.4,No,"Indian home-care observation | Sneha Joshi | Pune, Maharashtra | Source: wearable_sync"
R04609,P032,Bhavana R,Bengaluru,Karnataka,2026-04-27,9.2,94.3,,3.1,No,"Indian home-care observation | Bhavana R | Bengaluru, Karnataka | Source: wearable_sync"
R04610,P031,Ashok Yadav,Kanpur,Uttar Pradesh,2026-04-25,7.6,59.7,6.1,0.1,No,"Indian home-care observation | Ashok Yadav | Kanpur, Uttar Pradesh | Source: phone_checkin"
R04611,P017,Naveen Kumar,Mysuru,Karnataka,2026-04-29,7.9,,7.2,2.6,No,"Indian home-care observation | Naveen Kumar | Mysuru, Karnataka | Source: phone_checkin"
R04612,P027,Aditya Kulkarni,Nagpur,Maharashtra,2026-05-04,5.5,78.7,8.4,1.6,No,"Indian home-care observation | Aditya Kulkarni | Nagpur, Maharashtra | Source: wearable_sync"
R04613,P016,Aishwarya Pillai,Kollam,Kerala,2026-04-27,7.6,,8.6,1.1,No,"Indian home-care observation | Aishwarya Pillai | Kollam, Kerala | Source: mobile_app"
R04614,P025,Ravi Prasad,Patna,Bihar,2026-04-09,6.5,72.6,8.3,3.4,No,"Indian home-care observation | Ravi Prasad | Patna, Bihar | Source: phone_checkin"
R04615,P037,Ramesh Chandran,Puducherry,Puducherry,2026-04-26,6.5,84.9,8.0,3.8,No,"Indian home-care observation | Ramesh Chandran | Puducherry, Puducherry | Source: phone_checkin"
R04616,P031,Ashok Yadav,Kanpur,Uttar Pradesh,2026-04-26,7.9,,7.0,1.1,No,"Indian home-care observation | Ashok Yadav | Kanpur, Uttar Pradesh | Source: tablet_kiosk"
R04617,P028,Swathi Rao,Visakhapatnam,Andhra Pradesh,2026-04-21,7.6,83.7,7.0,1.4,Yes,"Indian home-care observation | Swathi Rao | Visakhapatnam, Andhra Pradesh | Source: mobile_app"
R04618,P025,Ravi Prasad,Patna,Bihar,2026-04-10,6.2,72.9,10.0,1.8,No,"Indian home-care observation | Ravi Prasad | Patna, Bihar | Source: nan"
R04619,P025,Ravi Prasad,Patna,Bihar,2026-04-11,6.4,86.5,8.3,0.6,No,"Indian home-care observation | Ravi Prasad | Patna, Bihar | Source: phone_checkin"
R04620,P026,Keerthana S,Tiruchirappalli,Tamil Nadu,2026-04-29,6.5,82.6,5.5,3.4,No,"Indian home-care observation | Keerthana S | Tiruchirappalli, Tamil Nadu | Source: phone_checkin"
R04621,P016,Aishwarya Pillai,Kollam,Kerala,2026-04-28,7.9,84.5,9.2,2.3,No,"Indian home-care observation | Aishwarya Pillai | Kollam, Kerala | Source: tablet_kiosk"
R04622,P034,Madhuri Naik,Panaji,Goa,2026-04-21,8.3,90.2,5.9,1.0,No,"Indian home-care observation | Madhuri Naik | Panaji, Goa | Source: phone_checkin"
R04623,P023,Mohan Raj,Salem,Tamil Nadu,2026-04-29,6.9,98.7,6.7,2.9,No,"Indian home-care observation | Mohan Raj | Salem, Tamil Nadu | Source: wearable_sync"
R04624,P014,Sneha Joshi,Pune,Maharashtra,2026-05-02,8.9,75.6,4.8,2.2,No,"Indian home-care observation | Sneha Joshi | Pune, Maharashtra | Source: phone_checkin"
R04625,P014,Sneha Joshi,Pune,Maharashtra,2026-05-03,8.4,77.7,,1.2,No,"Indian home-care observation | Sneha Joshi | Pune, Maharashtra | Source: phone_checkin"
R04626,P003,Rahul Sharma,Delhi,Delhi,2026-04-20,,79.1,6.6,0.2,No,"Indian home-care observation | Rahul Sharma | Delhi, Delhi | Source: phone_checkin"
R04627,P022,Shreya Das,Bhubaneswar,Odisha,2026-04-14,8.2,78.3,4.6,4.0,No,"Indian home-care observation | Shreya Das | Bhubaneswar, Odisha | Source: tablet_kiosk"
R04628,P029,Gopal Krishnan,Madurai,Tamil Nadu,2026-05-04,,88.2,6.9,3.1,No,"Indian home-care observation | Gopal Krishnan | Madurai, Tamil Nadu | Source: phone_checkin"
R04629,P021,Ajay Menon,Kozhikode,Kerala,2026-05-01,8.1,90.5,6.6,3.7,No,"Indian home-care observation | Ajay Menon | Kozhikode, Kerala | Source: phone_checkin"
R04630,P024,Neha Kapoor,New Delhi,Delhi,2026-05-09,7.6,92.4,8.8,3.2,No,"Indian home-care observation | Neha Kapoor | New Delhi, Delhi | Source: phone_checkin"
R04631,P010,Divya Patel,Ahmedabad,Gujarat,2026-04-27,6.4,61.7,7.2,2.5,No,"Indian home-care observation | Divya Patel | Ahmedabad, Gujarat | Source: phone_checkin"
R04632,P030,Nandini Shetty,Mangaluru,Karnataka,2026-04-26,7.2,70.8,3.2,1.2,No,"Indian home-care observation | Nandini Shetty | Mangaluru, Karnataka | Source: mobile_app"
R04633,P019,Deepak Verma,Chandigarh,Chandigarh,2026-04-30,8.8,71.3,7.7,2.6,No,"Indian home-care observation | Deepak Verma | Chandigarh, Chandigarh | Source: mobile_app"
R04634,P012,Kavya Menon,Thiruvananthapuram,Kerala,2026-04-15,8.3,98.7,8.9,3.1,No,"Indian home-care observation | Kavya Menon | Thiruvananthapuram, Kerala | Source: wearable_sync"
R04635,P018,Harini Reddy,Warangal,Telangana,2026-04-25,8.9,78.6,7.7,0.9,No,"Indian home-care observation | Harini Reddy | Warangal, Telangana | Source: mobile_app"
R04636,P012,Kavya Menon,Thiruvananthapuram,Kerala,2026-04-16,7.8,93.7,,2.8,No,"Indian home-care observation | Kavya Menon | Thiruvananthapuram, Kerala | Source: wearable_sync"
R04637,P025,Ravi Prasad,Patna,Bihar,2026-04-12,,84.0,,2.9,No,"Indian home-care observation | Ravi Prasad | Patna, Bihar | Source: tablet_kiosk"
R04638,P004,Ananya Iyer,Bengaluru,Karnataka,2026-05-03,7.5,67.9,5.7,0.4,No,"Indian home-care observation | Ananya Iyer | Bengaluru, Karnataka | Source: wearable_sync"
R04639,P003,Rahul Sharma,Delhi,Delhi,2026-04-21,6.8,88.7,8.3,3.1,No,"Indian home-care observation | Rahul Sharma | Delhi, Delhi | Source: phone_checkin"
R04640,P010,Divya Patel,Ahmedabad,Gujarat,2026-04-28,5.7,69.6,7.1,1.3,No,"Indian home-care observation | Divya Patel | Ahmedabad, Gujarat | Source: mobile_app"
R04641,P021,Ajay Menon,Kozhikode,Kerala,2026-05-02,7.4,93.5,5.5,3.0,No,"Indian home-care observation | Ajay Menon | Kozhikode, Kerala | Source: nan"
R04642,P019,Deepak Verma,Chandigarh,Chandigarh,2026-05-01,10.0,74.8,7.1,3.3,No,"Indian home-care observation | Deepak Verma | Chandigarh, Chandigarh | Source: tablet_kiosk"
R04643,P015,Suresh Babu,Madurai,Tamil Nadu,2026-04-29,,73.0,6.2,1.8,No,"Indian home-care observation | Suresh Babu | Madurai, Tamil Nadu | Source: tablet_kiosk"
R04644,P009,Sanjay Kumar,Jaipur,Rajasthan,2026-04-17,8.3,82.8,7.4,2.2,No,"Indian home-care observation | Sanjay Kumar | Jaipur, Rajasthan | Source: mobile_app"
R04645,P033,Ganesh Iyer,Chennai,Tamil Nadu,2026-05-08,7.3,79.4,6.1,2.9,Yes,"Indian home-care observation | Ganesh Iyer | Chennai, Tamil Nadu | Source: wearable_sync"
R04646,P034,Madhuri Naik,Panaji,Goa,2026-04-22,8.6,90.4,5.2,2.1,No,"Indian home-care observation | Madhuri Naik | Panaji, Goa | Source: tablet_kiosk"
R04647,P034,Madhuri Naik,Panaji,Goa,2026-04-23,7.6,97.1,5.0,1.9,No,"Indian home-care observation | Madhuri Naik | Panaji, Goa | Source: nan"
R04648,P003,Rahul Sharma,Delhi,Delhi,2026-04-22,7.4,80.4,6.9,2.3,No,"Indian home-care observation | Rahul Sharma | Delhi, Delhi | Source: wearable_sync"
R04649,P031,Ashok Yadav,Kanpur,Uttar Pradesh,2026-04-27,9.2,73.0,7.8,2.8,No,"Indian home-care observation | Ashok Yadav | Kanpur, Uttar Pradesh | Source: mobile_app"
R04650,P013,Manoj Gupta,Lucknow,Uttar Pradesh,2026-05-01,7.7,79.9,6.0,1.7,No,"Indian home-care observation | Manoj Gupta | Lucknow, Uttar Pradesh | Source: tablet_kiosk"
R04651,P009,Sanjay Kumar,Jaipur,Rajasthan,2026-04-18,7.5,75.8,8.3,3.0,No,"Indian home-care observation | Sanjay Kumar | Jaipur, Rajasthan | Source: wearable_sync"
R04652,P028,Swathi Rao,Visakhapatnam,Andhra Pradesh,2026-04-22,6.9,80.6,6.4,2.2,No,"Indian home-care observation | Swathi Rao | Visakhapatnam, Andhra Pradesh | Source: tablet_kiosk"
R04653,P028,Swathi Rao,Visakhapatnam,Andhra Pradesh,2026-04-23,6.7,85.5,6.5,2.9,No,"Indian home-care observation | Swathi Rao | Visakhapatnam, Andhra Pradesh | Source: phone_checkin"
R04654,P025,Ravi Prasad,Patna,Bihar,2026-04-13,5.4,74.2,10.0,3.6,No,"Indian home-care observation | Ravi Prasad | Patna, Bihar | Source: mobile_app"
R04655,P009,Sanjay Kumar,Jaipur,Rajasthan,2026-04-19,6.6,77.1,6.7,2.1,No,"Indian home-care observation | Sanjay Kumar | Jaipur, Rajasthan | Source: phone_checkin"
R04656,P005,Vikram Singh,Mumbai,Maharashtra,2026-04-27,9.4,87.0,7.4,1.3,No,"Indian home-care observation | Vikram Singh | Mumbai, Maharashtra | Source: phone_checkin"
R04657,P016,Aishwarya Pillai,Kollam,Kerala,2026-04-29,7.1,91.8,8.7,2.1,No,"Indian home-care observation | Aishwarya Pillai | Kollam, Kerala | Source: tablet_kiosk"
R04658,P019,Deepak Verma,Chandigarh,Chandigarh,2026-05-02,8.5,68.9,4.7,1.3,No,"Indian home-care observation | Deepak Verma | Chandigarh, Chandigarh | Source: wearable_sync"
R04659,P003,Rahul Sharma,Delhi,Delhi,2026-04-23,7.7,77.9,,2.7,No,"Indian home-care observation | Rahul Sharma | Delhi, Delhi | Source: wearable_sync"
R04660,P010,Divya Patel,Ahmedabad,Gujarat,2026-04-29,5.4,54.4,6.9,0.6,No,"Indian home-care observation | Divya Patel | Ahmedabad, Gujarat | Source: wearable_sync"
R04661,P020,Pooja Shah,Surat,Gujarat,2026-04-29,6.4,81.5,,0.9,No,"Indian home-care observation | Pooja Shah | Surat, Gujarat | Source: tablet_kiosk"
R04662,P007,Karthik Reddy,Hyderabad,Telangana,2026-04-25,8.9,77.4,,4.1,No,"Indian home-care observation | Karthik Reddy | Hyderabad, Telangana | Source: phone_checkin"
R04663,P034,Madhuri Naik,Panaji,Goa,2026-04-24,8.5,94.2,5.0,,No,"Indian home-care observation | Madhuri Naik | Panaji, Goa | Source: mobile_app"
R04664,P019,Deepak Verma,Chandigarh,Chandigarh,2026-05-03,7.4,75.1,8.2,1.2,No,"Indian home-care observation | Deepak Verma | Chandigarh, Chandigarh | Source: mobile_app"
R04665,P018,Harini Reddy,Warangal,Telangana,2026-04-26,7.9,,7.0,3.7,No,"Indian home-care observation | Harini Reddy | Warangal, Telangana | Source: wearable_sync"
R04666,P022,Shreya Das,Bhubaneswar,Odisha,2026-04-15,7.7,78.9,3.9,2.8,No,"Indian home-care observation | Shreya Das | Bhubaneswar, Odisha | Source: phone_checkin"
R04667,P022,Shreya Das,Bhubaneswar,Odisha,2026-04-16,8.5,71.6,3.6,2.5,No,"Indian home-care observation | Shreya Das | Bhubaneswar, Odisha | Source: phone_checkin"
R04668,P016,Aishwarya Pillai,Kollam,Kerala,2026-04-30,7.5,86.7,8.4,2.2,No,"Indian home-care observation | Aishwarya Pillai | Kollam, Kerala | Source: phone_checkin"
R04669,P018,Harini Reddy,Warangal,Telangana,2026-04-27,8.0,77.5,7.5,2.4,No,"Indian home-care observation | Harini Reddy | Warangal, Telangana | Source: tablet_kiosk"
R04670,P026,Keerthana S,Tiruchirappalli,Tamil Nadu,2026-04-30,6.7,83.4,,2.3,No,"Indian home-care observation | Keerthana S | Tiruchirappalli, Tamil Nadu | Source: tablet_kiosk"
R04671,P025,Ravi Prasad,Patna,Bihar,2026-04-14,6.9,80.7,7.7,1.2,No,"Indian home-care observation | Ravi Prasad | Patna, Bihar | Source: phone_checkin"
R04672,P025,Ravi Prasad,Patna,Bihar,2026-04-15,5.8,78.7,8.2,2.6,No,"Indian home-care observation | Ravi Prasad | Patna, Bihar | Source: tablet_kiosk"
R04673,P020,Pooja Shah,Surat,Gujarat,2026-04-30,6.2,84.8,5.6,1.3,No,"Indian home-care observation | Pooja Shah | Surat, Gujarat | Source: wearable_sync"
R04674,P004,Ananya Iyer,Bengaluru,Karnataka,2026-05-04,7.3,70.7,6.0,0.0,No,"Indian home-care observation | Ananya Iyer | Bengaluru, Karnataka | Source: phone_checkin"
R04675,P039,Imran Khan,Bhopal,Madhya Pradesh,2026-04-15,7.7,81.5,7.7,1.2,No,"Indian home-care observation | Imran Khan | Bhopal, Madhya Pradesh | Source: tablet_kiosk"
R04676,P025,Ravi Prasad,Patna,Bihar,2026-04-16,8.6,80.0,,3.3,No,"Indian home-care observation | Ravi Prasad | Patna, Bihar | Source: mobile_app"
R04677,P032,Bhavana R,Bengaluru,Karnataka,2026-04-28,8.5,93.9,9.6,2.4,No,"Indian home-care observation | Bhavana R | Bengaluru, Karnataka | Source: wearable_sync"
R04678,P022,Shreya Das,Bhubaneswar,Odisha,2026-04-17,8.1,77.9,3.9,2.5,No,"Indian home-care observation | Shreya Das | Bhubaneswar, Odisha | Source: wearable_sync"
R04679,P028,Swathi Rao,Visakhapatnam,Andhra Pradesh,2026-04-24,7.2,80.8,6.8,2.1,No,"Indian home-care observation | Swathi Rao | Visakhapatnam, Andhra Pradesh | Source: wearable_sync"
R04680,P040,Deepa Thomas,Thrissur,Kerala,2026-05-01,6.0,94.6,4.1,0.0,No,"Indian home-care observation | Deepa Thomas | Thrissur, Kerala | Source: phone_checkin"
R04681,P037,Ramesh Chandran,Puducherry,Puducherry,2026-04-27,5.9,93.1,6.6,2.3,No,"Indian home-care observation | Ramesh Chandran | Puducherry, Puducherry | Source: tablet_kiosk"
R04682,P031,Ashok Yadav,Kanpur,Uttar Pradesh,2026-04-28,8.2,70.4,7.5,2.0,No,"Indian home-care observation | Ashok Yadav | Kanpur, Uttar Pradesh | Source: tablet_kiosk"
R04683,P028,Swathi Rao,Visakhapatnam,Andhra Pradesh,2026-04-25,7.2,100.0,6.5,3.1,No,"Indian home-care observation | Swathi Rao | Visakhapatnam, Andhra Pradesh | Source: wearable_sync"
R04684,P017,Naveen Kumar,Mysuru,Karnataka,2026-04-30,7.9,76.8,5.9,4.0,No,"Indian home-care observation | Naveen Kumar | Mysuru, Karnataka | Source: mobile_app"
R04685,P017,Naveen Kumar,Mysuru,Karnataka,2026-05-01,7.8,81.8,7.3,1.0,No,"Indian home-care observation | Naveen Kumar | Mysuru, Karnataka | Source: wearable_sync"
R04686,P031,Ashok Yadav,Kanpur,Uttar Pradesh,2026-04-29,7.2,47.5,7.1,0.9,No,"Indian home-care observation | Ashok Yadav | Kanpur, Uttar Pradesh | Source: mobile_app"
R04687,P011,Rohan Das,Kolkata,West Bengal,2026-04-23,6.4,72.8,6.4,2.7,No,"Indian home-care observation | Rohan Das | Kolkata, West Bengal | Source: phone_checkin"
R04688,P038,Janani Murugan,Erode,Tamil Nadu,2026-04-17,7.5,73.0,,0.9,No,"Indian home-care observation | Janani Murugan | Erode, Tamil Nadu | Source: wearable_sync"
R04689,P023,Mohan Raj,Salem,Tamil Nadu,2026-04-30,5.8,89.6,6.2,2.3,No,"Indian home-care observation | Mohan Raj | Salem, Tamil Nadu | Source: wearable_sync"
R04690,P013,Manoj Gupta,Lucknow,Uttar Pradesh,2026-05-02,8.5,79.8,5.9,2.1,No,"Indian home-care observation | Manoj Gupta | Lucknow, Uttar Pradesh | Source: phone_checkin"
R04691,P011,Rohan Das,Kolkata,West Bengal,2026-04-24,6.7,78.6,6.5,2.8,No,"Indian home-care observation | Rohan Das | Kolkata, West Bengal | Source: mobile_app"
R04692,P009,Sanjay Kumar,Jaipur,Rajasthan,2026-04-20,7.6,76.0,6.9,2.5,No,"Indian home-care observation | Sanjay Kumar | Jaipur, Rajasthan | Source: phone_checkin"
R04693,P011,Rohan Das,Kolkata,West Bengal,2026-04-25,6.7,74.4,,,No,"Indian home-care observation | Rohan Das | Kolkata, West Bengal | Source: wearable_sync"
R04694,P006,Meena Krishnan,Coimbatore,Tamil Nadu,2026-05-06,5.8,74.2,5.7,1.4,No,"Indian home-care observation | Meena Krishnan | Coimbatore, Tamil Nadu | Source: wearable_sync"
R04695,P001,Arjun Mehta,Chennai,Tamil Nadu,2026-04-30,8.6,90.6,,1.3,No,"Indian home-care observation | Arjun Mehta | Chennai, Tamil Nadu | Source: phone_checkin"
R04696,P006,Meena Krishnan,Coimbatore,Tamil Nadu,2026-05-07,6.9,88.5,5.6,2.8,No,"Indian home-care observation | Meena Krishnan | Coimbatore, Tamil Nadu | Source: phone_checkin"
R04697,P040,Deepa Thomas,Thrissur,Kerala,2026-05-02,6.2,90.0,5.7,1.8,No,"Indian home-care observation | Deepa Thomas | Thrissur, Kerala | Source: wearable_sync"
R04698,P027,Aditya Kulkarni,Nagpur,Maharashtra,2026-05-05,6.8,79.3,9.4,1.9,No,"Indian home-care observation | Aditya Kulkarni | Nagpur, Maharashtra | Source: mobile_app"
R04699,P009,Sanjay Kumar,Jaipur,Rajasthan,2026-04-21,7.4,75.4,6.8,3.3,No,"Indian home-care observation | Sanjay Kumar | Jaipur, Rajasthan | Source: tablet_kiosk"
R04700,P001,Arjun Mehta,Chennai,Tamil Nadu,2026-05-01,6.7,64.3,,1.0,No,"Indian home-care observation | Arjun Mehta | Chennai, Tamil Nadu | Source: phone_checkin"
R04701,P025,Ravi Prasad,Patna,Bihar,2026-04-17,8.3,86.9,9.0,2.4,No,"Indian home-care observation | Ravi Prasad | Patna, Bihar | Source: tablet_kiosk"
R04702,P008,Lakshmi Rao,Vijayawada,Andhra Pradesh,2026-04-14,6.2,74.2,5.0,2.2,No,"Indian home-care observation | Lakshmi Rao | Vijayawada, Andhra Pradesh | Source: mobile_app"
R04703,P019,Deepak Verma,Chandigarh,Chandigarh,2026-05-04,8.0,83.3,6.7,2.7,No,"Indian home-care observation | Deepak Verma | Chandigarh, Chandigarh | Source: tablet_kiosk"
R04704,P003,Rahul Sharma,Delhi,Delhi,2026-04-24,7.7,,6.4,2.3,Yes,"Indian home-care observation | Rahul Sharma | Delhi, Delhi | Source: phone_checkin"
R04705,P027,Aditya Kulkarni,Nagpur,Maharashtra,2026-05-06,6.2,73.0,8.9,1.5,No,"Indian home-care observation | Aditya Kulkarni | Nagpur, Maharashtra | Source: mobile_app"
R04706,P009,Sanjay Kumar,Jaipur,Rajasthan,2026-04-22,7.8,78.5,7.7,4.1,Yes,"Indian home-care observation | Sanjay Kumar | Jaipur, Rajasthan | Source: phone_checkin"
R04707,P011,Rohan Das,Kolkata,West Bengal,2026-04-26,6.2,80.0,5.6,1.9,No,"Indian home-care observation | Rohan Das | Kolkata, West Bengal | Source: wearable_sync"
R04708,P009,Sanjay Kumar,Jaipur,Rajasthan,2026-04-23,,76.7,6.6,4.4,No,"Indian home-care observation | Sanjay Kumar | Jaipur, Rajasthan | Source: tablet_kiosk"
R04709,P028,Swathi Rao,Visakhapatnam,Andhra Pradesh,2026-04-26,6.9,,6.9,2.3,No,"Indian home-care observation | Swathi Rao | Visakhapatnam, Andhra Pradesh | Source: wearable_sync"
R04710,P031,Ashok Yadav,Kanpur,Uttar Pradesh,2026-04-30,8.6,68.8,7.1,2.4,No,"Indian home-care observation | Ashok Yadav | Kanpur, Uttar Pradesh | Source: mobile_app"
R04711,P016,Aishwarya Pillai,Kollam,Kerala,2026-05-01,7.3,81.8,8.7,4.0,No,"Indian home-care observation | Aishwarya Pillai | Kollam, Kerala | Source: wearable_sync"
R04712,P015,Suresh Babu,Madurai,Tamil Nadu,2026-04-30,10.0,68.6,,2.5,No,"Indian home-care observation | Suresh Babu | Madurai, Tamil Nadu | Source: wearable_sync"
R04713,P001,Arjun Mehta,Chennai,Tamil Nadu,2026-05-02,7.2,75.9,7.6,1.9,No,"Indian home-care observation | Arjun Mehta | Chennai, Tamil Nadu | Source: mobile_app"
R04714,P037,Ramesh Chandran,Puducherry,Puducherry,2026-04-28,6.6,,7.4,2.7,No,"Indian home-care observation | Ramesh Chandran | Puducherry, Puducherry | Source: tablet_kiosk"
R04715,P034,Madhuri Naik,Panaji,Goa,2026-04-25,8.2,90.5,4.8,1.2,No,"Indian home-care observation | Madhuri Naik | Panaji, Goa | Source: tablet_kiosk"
R04716,P026,Keerthana S,Tiruchirappalli,Tamil Nadu,2026-05-01,7.2,82.6,5.5,3.8,No,"Indian home-care observation | Keerthana S | Tiruchirappalli, Tamil Nadu | Source: wearable_sync"
R04717,P001,Arjun Mehta,Chennai,Tamil Nadu,2026-05-03,7.6,70.6,7.3,1.9,No,"Indian home-care observation | Arjun Mehta | Chennai, Tamil Nadu | Source: wearable_sync"
R04718,P017,Naveen Kumar,Mysuru,Karnataka,2026-05-02,7.8,77.2,5.7,3.7,No,"Indian home-care observation | Naveen Kumar | Mysuru, Karnataka | Source: tablet_kiosk"
R04719,P024,Neha Kapoor,New Delhi,Delhi,2026-05-10,7.5,87.9,7.7,1.4,No,"Indian home-care observation | Neha Kapoor | New Delhi, Delhi | Source: phone_checkin"
R04720,P020,Pooja Shah,Surat,Gujarat,2026-05-01,6.9,86.8,6.7,3.1,No,"Indian home-care observation | Pooja Shah | Surat, Gujarat | Source: phone_checkin"
R04721,P007,Karthik Reddy,Hyderabad,Telangana,2026-04-26,10.0,,7.1,4.2,No,"Indian home-care observation | Karthik Reddy | Hyderabad, Telangana | Source: phone_checkin"
R04722,P012,Kavya Menon,Thiruvananthapuram,Kerala,2026-04-17,6.9,89.9,,1.6,No,"Indian home-care observation | Kavya Menon | Thiruvananthapuram, Kerala | Source: PHONE_CHECKIN"
R04723,P037,Ramesh Chandran,Puducherry,Puducherry,2026-04-29,6.9,89.0,6.7,2.1,No,"Indian home-care observation | Ramesh Chandran | Puducherry, Puducherry | Source: phone_checkin"
R04724,P003,Rahul Sharma,Delhi,Delhi,2026-04-25,7.5,63.3,4.7,2.4,No,"Indian home-care observation | Rahul Sharma | Delhi, Delhi | Source: phone_checkin"
R04725,P016,Aishwarya Pillai,Kollam,Kerala,2026-05-02,7.6,81.8,8.7,1.6,No,"Indian home-care observation | Aishwarya Pillai | Kollam, Kerala | Source: phone_checkin"
R04726,P014,Sneha Joshi,Pune,Maharashtra,2026-05-04,8.8,78.6,3.3,3.6,No,"Indian home-care observation | Sneha Joshi | Pune, Maharashtra | Source: mobile_app"
R04727,P037,Ramesh Chandran,Puducherry,Puducherry,2026-04-30,6.8,85.0,7.5,2.7,No,"Indian home-care observation | Ramesh Chandran | Puducherry, Puducherry | Source: wearable_sync"
R04728,P021,Ajay Menon,Kozhikode,Kerala,2026-05-03,7.0,93.7,5.0,2.3,Yes,"Indian home-care observation | Ajay Menon | Kozhikode, Kerala | Source: mobile_app"
R04729,P015,Suresh Babu,Madurai,Tamil Nadu,2026-05-01,9.8,73.4,6.0,0.8,No,"Indian home-care observation | Suresh Babu | Madurai, Tamil Nadu | Source: tablet_kiosk"
R04730,P015,Suresh Babu,Madurai,Tamil Nadu,2026-05-02,10.0,81.1,7.8,,No,"Indian home-care observation | Suresh Babu | Madurai, Tamil Nadu | Source: nan"
R04731,P015,Suresh Babu,Madurai,Tamil Nadu,2026-05-03,9.5,71.3,6.4,1.7,No,"Indian home-care observation | Suresh Babu | Madurai, Tamil Nadu | Source: wearable_sync"
R04732,P005,Vikram Singh,Mumbai,Maharashtra,2026-04-28,9.7,85.8,8.6,3.1,No,"Indian home-care observation | Vikram Singh | Mumbai, Maharashtra | Source: mobile_app"
R04733,P034,Madhuri Naik,Panaji,Goa,2026-04-26,8.6,86.7,6.2,2.4,No,"Indian home-care observation | Madhuri Naik | Panaji, Goa | Source: tablet_kiosk"
R04734,P030,Nandini Shetty,Mangaluru,Karnataka,2026-04-27,,60.3,3.0,0.8,No,"Indian home-care observation | Nandini Shetty | Mangaluru, Karnataka | Source: mobile_app"
R04735,P015,Suresh Babu,Madurai,Tamil Nadu,2026-05-04,10.0,68.4,7.7,3.2,No,"Indian home-care observation | Suresh Babu | Madurai, Tamil Nadu | Source: mobile_app"
R04736,P030,Nandini Shetty,Mangaluru,Karnataka,2026-04-28,6.7,62.0,,0.7,No,"Indian home-care observation | Nandini Shetty | Mangaluru, Karnataka | Source: wearable_sync"
R04737,P022,Shreya Das,Bhubaneswar,Odisha,2026-04-18,9.0,70.5,3.1,3.7,Yes,"Indian home-care observation | Shreya Das | Bhubaneswar, Odisha | Source: mobile_app"
R04738,P034,Madhuri Naik,Panaji,Goa,2026-04-27,7.8,78.7,6.6,1.7,No,"Indian home-care observation | Madhuri Naik | Panaji, Goa | Source: WEARABLE_SYNC"
R04739,P034,Madhuri Naik,Panaji,Goa,2026-04-28,7.9,90.5,5.4,3.4,No,"Indian home-care observation | Madhuri Naik | Panaji, Goa | Source: tablet_kiosk"
R04740,P031,Ashok Yadav,Kanpur,Uttar Pradesh,2026-05-01,5.9,49.8,6.0,0.0,No,"Indian home-care observation | Ashok Yadav | Kanpur, Uttar Pradesh | Source: tablet_kiosk"
R04741,P007,Karthik Reddy,Hyderabad,Telangana,2026-04-27,7.7,81.6,7.8,2.4,No,"Indian home-care observation | Karthik Reddy | Hyderabad, Telangana | Source: tablet_kiosk"
R04742,P001,Arjun Mehta,Chennai,Tamil Nadu,2026-05-04,9.2,80.6,9.5,3.9,No,"Indian home-care observation | Arjun Mehta | Chennai, Tamil Nadu | Source: phone_checkin"
R04743,P037,Ramesh Chandran,Puducherry,Puducherry,2026-05-01,7.9,84.3,8.0,4.4,No,"Indian home-care observation | Ramesh Chandran | Puducherry, Puducherry | Source: mobile_app"
R04744,P038,Janani Murugan,Erode,Tamil Nadu,2026-04-18,7.0,68.9,7.1,2.2,Yes,"Indian home-care observation | Janani Murugan | Erode, Tamil Nadu | Source: phone_checkin"
R04745,P010,Divya Patel,Ahmedabad,Gujarat,2026-04-30,6.0,62.2,8.2,1.6,No,"Indian home-care observation | Divya Patel | Ahmedabad, Gujarat | Source: nan"
R04746,P031,Ashok Yadav,Kanpur,Uttar Pradesh,2026-05-02,7.0,59.1,6.0,0.3,No,"Indian home-care observation | Ashok Yadav | Kanpur, Uttar Pradesh | Source: phone_checkin"
R04747,P010,Divya Patel,Ahmedabad,Gujarat,2026-05-01,6.8,68.4,7.7,2.1,No,"Indian home-care observation | Divya Patel | Ahmedabad, Gujarat | Source: mobile_app"
R04748,P039,Imran Khan,Bhopal,Madhya Pradesh,2026-04-16,7.7,72.0,7.6,1.6,No,"Indian home-care observation | Imran Khan | Bhopal, Madhya Pradesh | Source: mobile_app"
R04749,P009,Sanjay Kumar,Jaipur,Rajasthan,2026-04-24,7.6,82.8,6.3,3.1,No,"Indian home-care observation | Sanjay Kumar | Jaipur, Rajasthan | Source: tablet_kiosk"
R04750,P005,Vikram Singh,Mumbai,Maharashtra,2026-04-29,9.0,90.9,7.4,2.1,No,"Indian home-care observation | Vikram Singh | Mumbai, Maharashtra | Source: wearable_sync"
R04751,P014,Sneha Joshi,Pune,Maharashtra,2026-05-05,8.8,90.8,,3.4,Yes,"Indian home-care observation | Sneha Joshi | Pune, Maharashtra | Source: mobile_app"
R04752,P017,Naveen Kumar,Mysuru,Karnataka,2026-05-03,6.8,85.5,6.3,1.2,No,"Indian home-care observation | Naveen Kumar | Mysuru, Karnataka | Source: wearable_sync"
R04753,P022,Shreya Das,Bhubaneswar,Odisha,2026-04-19,8.4,80.9,4.3,3.5,Yes,"Indian home-care observation | Shreya Das | Bhubaneswar, Odisha | Source: mobile_app"
R04754,P004,Ananya Iyer,Bengaluru,Karnataka,2026-05-05,8.5,79.1,6.2,2.6,No,"Indian home-care observation | Ananya Iyer | Bengaluru, Karnataka | Source: wearable_sync"
R04755,P034,Madhuri Naik,Panaji,Goa,2026-04-29,7.9,94.4,5.3,2.6,No,"Indian home-care observation | Madhuri Naik | Panaji, Goa | Source: wearable_sync"
R04756,P017,Naveen Kumar,Mysuru,Karnataka,2026-05-04,7.9,78.8,,1.5,No,"Indian home-care observation | Naveen Kumar | Mysuru, Karnataka | Source: phone_checkin"
R04757,P036,Sowmya N,Hyderabad,Telangana,2026-04-27,8.1,79.7,8.4,2.9,Yes,"Indian home-care observation | Sowmya N | Hyderabad, Telangana | Source: phone_checkin"
R04758,P014,Sneha Joshi,Pune,Maharashtra,2026-05-06,,,,0.1,No,"Indian home-care observation | Sneha Joshi | Pune, Maharashtra | Source: tablet_kiosk"
R04759,P007,Karthik Reddy,Hyderabad,Telangana,2026-04-28,8.4,,8.4,3.2,No,"Indian home-care observation | Karthik Reddy | Hyderabad, Telangana | Source: tablet_kiosk"
R04760,P028,Swathi Rao,Visakhapatnam,Andhra Pradesh,2026-04-27,7.1,86.5,6.7,2.4,No,"Indian home-care observation | Swathi Rao | Visakhapatnam, Andhra Pradesh | Source: phone_checkin"
R04761,P034,Madhuri Naik,Panaji,Goa,2026-04-30,8.8,85.1,5.4,2.8,No,"Indian home-care observation | Madhuri Naik | Panaji, Goa | Source: tablet_kiosk"
R04762,P001,Arjun Mehta,Chennai,Tamil Nadu,2026-05-05,8.8,91.5,6.5,3.6,No,"Indian home-care observation | Arjun Mehta | Chennai, Tamil Nadu | Source: tablet_kiosk"
R04763,P018,Harini Reddy,Warangal,Telangana,2026-04-28,7.6,78.8,7.8,2.6,Yes,"Indian home-care observation | Harini Reddy | Warangal, Telangana | Source: nan"
R04764,P002,Priya Nair,Kochi,Kerala,2026-04-20,7.3,84.2,4.7,2.5,No,"Indian home-care observation | Priya Nair | Kochi, Kerala | Source: mobile_app"
R04765,P022,Shreya Das,Bhubaneswar,Odisha,2026-04-20,8.7,76.0,3.5,2.4,No,"Indian home-care observation | Shreya Das | Bhubaneswar, Odisha | Source: wearable_sync"
R04766,P034,Madhuri Naik,Panaji,Goa,2026-05-01,8.0,86.5,5.0,2.8,No,"Indian home-care observation | Madhuri Naik | Panaji, Goa | Source: tablet_kiosk"
R04767,P022,Shreya Das,Bhubaneswar,Odisha,2026-04-21,8.2,77.0,3.7,2.3,No,"Indian home-care observation | Shreya Das | Bhubaneswar, Odisha | Source: phone_checkin"
R04768,P030,Nandini Shetty,Mangaluru,Karnataka,2026-04-29,6.0,58.2,2.6,0.3,No,"Indian home-care observation | Nandini Shetty | Mangaluru, Karnataka | Source: mobile_app"
R04769,P032,Bhavana R,Bengaluru,Karnataka,2026-04-29,8.1,90.1,9.6,5.2,No,"Indian home-care observation | Bhavana R | Bengaluru, Karnataka | Source: tablet_kiosk"
R04770,P028,Swathi Rao,Visakhapatnam,Andhra Pradesh,2026-04-28,7.8,92.4,7.0,2.3,No,"Indian home-care observation | Swathi Rao | Visakhapatnam, Andhra Pradesh | Source: mobile_app"
R04771,P015,Suresh Babu,Madurai,Tamil Nadu,2026-05-05,10.0,78.5,7.1,3.2,No,"Indian home-care observation | Suresh Babu | Madurai, Tamil Nadu | Source: tablet_kiosk"
R04772,P019,Deepak Verma,Chandigarh,Chandigarh,2026-05-05,8.0,77.8,5.2,1.6,No,"Indian home-care observation | Deepak Verma | Chandigarh, Chandigarh | Source: wearable_sync"
R04773,P011,Rohan Das,Kolkata,West Bengal,2026-04-27,6.4,87.4,7.1,2.0,No,"Indian home-care observation | Rohan Das | Kolkata, West Bengal | Source: phone_checkin"
R04774,P029,Gopal Krishnan,Madurai,Tamil Nadu,2026-05-05,6.6,79.2,6.1,2.6,No,"Indian home-care observation | Gopal Krishnan | Madurai, Tamil Nadu | Source: wearable_sync"
R04775,P023,Mohan Raj,Salem,Tamil Nadu,2026-05-01,7.2,97.2,6.4,3.2,No,"Indian home-care observation | Mohan Raj | Salem, Tamil Nadu | Source: phone_checkin"
R04776,P037,Ramesh Chandran,Puducherry,Puducherry,2026-05-02,6.8,84.3,8.0,2.3,No,"Indian home-care observation | Ramesh Chandran | Puducherry, Puducherry | Source: wearable_sync"
R04777,P031,Ashok Yadav,Kanpur,Uttar Pradesh,2026-05-03,8.5,57.2,6.0,1.2,No,"Indian home-care observation | Ashok Yadav | Kanpur, Uttar Pradesh | Source: wearable_sync"
R04778,P018,Harini Reddy,Warangal,Telangana,2026-04-29,7.5,77.9,6.5,3.7,No,"Indian home-care observation | Harini Reddy | Warangal, Telangana | Source: phone_checkin"
R04779,P023,Mohan Raj,Salem,Tamil Nadu,2026-05-02,7.0,95.7,6.7,3.2,No,"Indian home-care observation | Mohan Raj | Salem, Tamil Nadu | Source: tablet_kiosk"
R04780,P030,Nandini Shetty,Mangaluru,Karnataka,2026-04-30,8.1,83.5,,3.1,No,"Indian home-care observation | Nandini Shetty | Mangaluru, Karnataka | Source: phone_checkin"
R04781,P011,Rohan Das,Kolkata,West Bengal,2026-04-28,5.9,79.1,6.2,2.1,No,"Indian home-care observation | Rohan Das | Kolkata, West Bengal | Source: wearable_sync"
R04782,P009,Sanjay Kumar,Jaipur,Rajasthan,2026-04-25,7.1,76.8,8.3,2.6,No,"Indian home-care observation | Sanjay Kumar | Jaipur, Rajasthan | Source: phone_checkin"
R04783,P031,Ashok Yadav,Kanpur,Uttar Pradesh,2026-05-04,8.8,59.1,6.9,2.4,No,"Indian home-care observation | Ashok Yadav | Kanpur, Uttar Pradesh | Source: wearable_sync"
R04784,P032,Bhavana R,Bengaluru,Karnataka,2026-04-30,7.6,92.1,8.5,2.0,No,"Indian home-care observation | Bhavana R | Bengaluru, Karnataka | Source: mobile_app"
R04785,P040,Deepa Thomas,Thrissur,Kerala,2026-05-03,5.2,80.7,4.8,0.4,No,"Indian home-care observation | Deepa Thomas | Thrissur, Kerala | Source: tablet_kiosk"
R04786,P018,Harini Reddy,Warangal,Telangana,2026-04-30,8.2,79.8,7.5,0.9,No,"Indian home-care observation | Harini Reddy | Warangal, Telangana | Source: phone_checkin"
R04787,P035,Prakash Patil,Nashik,Maharashtra,2026-05-06,6.2,69.1,7.2,2.7,No,"Indian home-care observation | Prakash Patil | Nashik, Maharashtra | Source: wearable_sync"
R04788,P003,Rahul Sharma,Delhi,Delhi,2026-04-26,,72.4,7.2,3.8,No,"Indian home-care observation | Rahul Sharma | Delhi, Delhi | Source: tablet_kiosk"
R04789,P018,Harini Reddy,Warangal,Telangana,2026-05-01,7.9,70.6,8.0,1.7,No,"Indian home-care observation | Harini Reddy | Warangal, Telangana | Source: phone_checkin"
R04790,P003,Rahul Sharma,Delhi,Delhi,2026-04-27,8.2,,7.3,3.1,No,"Indian home-care observation | Rahul Sharma | Delhi, Delhi | Source: wearable_sync"
R04791,P008,Lakshmi Rao,Vijayawada,Andhra Pradesh,2026-04-15,7.1,77.9,6.6,2.2,No,"Indian home-care observation | Lakshmi Rao | Vijayawada, Andhra Pradesh | Source: tablet_kiosk"
R04792,P020,Pooja Shah,Surat,Gujarat,2026-05-02,,77.6,5.3,1.9,No,"Indian home-care observation | Pooja Shah | Surat, Gujarat | Source: phone_checkin"
R04793,P020,Pooja Shah,Surat,Gujarat,2026-05-03,6.0,76.2,5.8,2.7,No,"Indian home-care observation | Pooja Shah | Surat, Gujarat | Source: mobile_app"
R04794,P003,Rahul Sharma,Delhi,Delhi,2026-04-28,7.3,85.6,7.1,,No,"Indian home-care observation | Rahul Sharma | Delhi, Delhi | Source: phone_checkin"
R04795,P025,Ravi Prasad,Patna,Bihar,2026-04-18,6.2,82.2,9.2,,No,"Indian home-care observation | Ravi Prasad | Patna, Bihar | Source: phone_checkin"
R04796,P018,Harini Reddy,Warangal,Telangana,2026-05-02,7.5,72.6,7.0,3.7,No,"Indian home-care observation | Harini Reddy | Warangal, Telangana | Source: phone_checkin"
R04797,P039,Imran Khan,Bhopal,Madhya Pradesh,2026-04-17,7.5,74.4,7.7,2.4,Yes,"Indian home-care observation | Imran Khan | Bhopal, Madhya Pradesh | Source: mobile_app"
R04798,P015,Suresh Babu,Madurai,Tamil Nadu,2026-05-06,10.0,72.2,8.0,2.1,No,"Indian home-care observation | Suresh Babu | Madurai, Tamil Nadu | Source: phone_checkin"
R04799,P036,Sowmya N,Hyderabad,Telangana,2026-04-28,8.0,,7.0,2.5,No,"Indian home-care observation | Sowmya N | Hyderabad, Telangana | Source: phone_checkin"
R04800,P037,Ramesh Chandran,Puducherry,Puducherry,2026-05-03,6.9,84.0,7.0,1.4,Yes,"Indian home-care observation | Ramesh Chandran | Puducherry, Puducherry | Source: phone_checkin"
R04801,P026,Keerthana S,Tiruchirappalli,Tamil Nadu,2026-05-02,,74.6,6.4,2.9,No,"Indian home-care observation | Keerthana S | Tiruchirappalli, Tamil Nadu | Source: wearable_sync"
R04802,P023,Mohan Raj,Salem,Tamil Nadu,2026-05-03,7.0,99.7,7.3,2.6,No,"Indian home-care observation | Mohan Raj | Salem, Tamil Nadu | Source: mobile_app"
R04803,P003,Rahul Sharma,Delhi,Delhi,2026-04-29,9.2,73.5,6.8,2.0,No,"Indian home-care observation | Rahul Sharma | Delhi, Delhi | Source: mobile_app"
R04804,P027,Aditya Kulkarni,Nagpur,Maharashtra,2026-05-07,6.1,80.3,,0.7,No,"Indian home-care observation | Aditya Kulkarni | Nagpur, Maharashtra | Source: tablet_kiosk"
R04805,P013,Manoj Gupta,Lucknow,Uttar Pradesh,2026-05-03,6.8,77.2,6.5,1.6,No,"Indian home-care observation | Manoj Gupta | Lucknow, Uttar Pradesh | Source: mobile_app"
R04806,P005,Vikram Singh,Mumbai,Maharashtra,2026-04-30,8.5,,8.1,4.1,No,"Indian home-care observation | Vikram Singh | Mumbai, Maharashtra | Source: wearable_sync"
R04807,P008,Lakshmi Rao,Vijayawada,Andhra Pradesh,2026-04-16,6.3,88.5,5.9,1.0,No,"Indian home-care observation | Lakshmi Rao | Vijayawada, Andhra Pradesh | Source: phone_checkin"
R04808,P033,Ganesh Iyer,Chennai,Tamil Nadu,2026-05-09,7.7,84.6,5.5,2.9,No,"Indian home-care observation | Ganesh Iyer | Chennai, Tamil Nadu | Source: phone_checkin"
R04809,P015,Suresh Babu,Madurai,Tamil Nadu,2026-05-07,10.0,73.2,5.4,2.1,No,"Indian home-care observation | Suresh Babu | Madurai, Tamil Nadu | Source: wearable_sync"
R04810,P034,Madhuri Naik,Panaji,Goa,2026-05-02,8.1,90.2,,2.8,No,"Indian home-care observation | Madhuri Naik | Panaji, Goa | Source: phone_checkin"
R04811,P010,Divya Patel,Ahmedabad,Gujarat,2026-05-02,6.4,63.0,8.0,2.4,No,"Indian home-care observation | Divya Patel | Ahmedabad, Gujarat | Source: phone_checkin"
R04812,P011,Rohan Das,Kolkata,West Bengal,2026-04-29,7.0,67.9,6.0,2.1,No,"Indian home-care observation | Rohan Das | Kolkata, West Bengal | Source: mobile_app"
R04813,P016,Aishwarya Pillai,Kollam,Kerala,2026-05-03,7.6,90.4,9.4,1.8,Yes,"Indian home-care observation | Aishwarya Pillai | Kollam, Kerala | Source: tablet_kiosk"
R04814,P016,Aishwarya Pillai,Kollam,Kerala,2026-05-04,6.8,90.0,9.6,2.8,No,"Indian home-care observation | Aishwarya Pillai | Kollam, Kerala | Source: tablet_kiosk"
R04815,P022,Shreya Das,Bhubaneswar,Odisha,2026-04-22,7.7,74.1,3.9,2.7,Yes,"Indian home-care observation | Shreya Das | Bhubaneswar, Odisha | Source: phone_checkin"
R04816,P034,Madhuri Naik,Panaji,Goa,2026-05-03,7.7,87.7,5.2,3.4,No,"Indian home-care observation | Madhuri Naik | Panaji, Goa | Source: tablet_kiosk"
R04817,P015,Suresh Babu,Madurai,Tamil Nadu,2026-05-08,,70.0,6.8,1.1,No,"Indian home-care observation | Suresh Babu | Madurai, Tamil Nadu | Source: tablet_kiosk"
R04818,P036,Sowmya N,Hyderabad,Telangana,2026-04-29,8.0,88.9,7.8,3.3,No,"Indian home-care observation | Sowmya N | Hyderabad, Telangana | Source: wearable_sync"
R04819,P039,Imran Khan,Bhopal,Madhya Pradesh,2026-04-18,8.2,73.3,8.7,3.1,No,"Indian home-care observation | Imran Khan | Bhopal, Madhya Pradesh | Source: phone_checkin"
R04820,P034,Madhuri Naik,Panaji,Goa,2026-05-04,7.7,83.6,,0.8,No,"Indian home-care observation | Madhuri Naik | Panaji, Goa | Source: phone_checkin"
R04821,P003,Rahul Sharma,Delhi,Delhi,2026-04-30,7.1,83.5,6.9,2.9,No,"Indian home-care observation | Rahul Sharma | Delhi, Delhi | Source: phone_checkin"
R04822,P029,Gopal Krishnan,Madurai,Tamil Nadu,2026-05-06,7.2,,6.4,2.1,No,"Indian home-care observation | Gopal Krishnan | Madurai, Tamil Nadu | Source: tablet_kiosk"
R04823,P023,Mohan Raj,Salem,Tamil Nadu,2026-05-04,6.4,99.0,6.8,3.4,No,"Indian home-care observation | Mohan Raj | Salem, Tamil Nadu | Source: nan"
R04824,P035,Prakash Patil,Nashik,Maharashtra,2026-05-07,6.8,80.4,7.9,3.8,Yes,"Indian home-care observation | Prakash Patil | Nashik, Maharashtra | Source: tablet_kiosk"
R04825,P015,Suresh Babu,Madurai,Tamil Nadu,2026-05-09,9.0,69.2,7.3,3.5,No,"Indian home-care observation | Suresh Babu | Madurai, Tamil Nadu | Source: tablet_kiosk"
R04826,P002,Priya Nair,Kochi,Kerala,2026-04-21,7.5,78.8,5.8,3.4,No,"Indian home-care observation | Priya Nair | Kochi, Kerala | Source: wearable_sync"
R04827,P013,Manoj Gupta,Lucknow,Uttar Pradesh,2026-05-04,7.7,73.6,6.1,1.1,No,"Indian home-care observation | Manoj Gupta | Lucknow, Uttar Pradesh | Source: phone_checkin"
R04828,P001,Arjun Mehta,Chennai,Tamil Nadu,2026-05-06,6.9,71.4,,2.6,No,"Indian home-care observation | Arjun Mehta | Chennai, Tamil Nadu | Source: mobile_app"
R04829,P012,Kavya Menon,Thiruvananthapuram,Kerala,2026-04-18,6.5,78.2,7.9,2.4,No,"Indian home-care observation | Kavya Menon | Thiruvananthapuram, Kerala | Source: phone_checkin"
R04830,P040,Deepa Thomas,Thrissur,Kerala,2026-05-04,6.9,96.7,5.5,2.1,No,"Indian home-care observation | Deepa Thomas | Thrissur, Kerala | Source: tablet_kiosk"
R04831,P001,Arjun Mehta,Chennai,Tamil Nadu,2026-05-07,8.5,74.5,6.8,2.1,No,"Indian home-care observation | Arjun Mehta | Chennai, Tamil Nadu | Source: mobile_app"
R04832,P004,Ananya Iyer,Bengaluru,Karnataka,2026-05-06,5.9,68.5,6.0,0.9,No,"Indian home-care observation | Ananya Iyer | Bengaluru, Karnataka | Source: wearable_sync"
R04833,P017,Naveen Kumar,Mysuru,Karnataka,2026-05-05,7.0,81.2,5.3,2.2,No,"Indian home-care observation | Naveen Kumar | Mysuru, Karnataka | Source: mobile_app"
R04834,P036,Sowmya N,Hyderabad,Telangana,2026-04-30,8.5,89.3,8.3,1.4,No,"Indian home-care observation | Sowmya N | Hyderabad, Telangana | Source: phone_checkin"
R04835,P007,Karthik Reddy,Hyderabad,Telangana,2026-04-29,7.5,76.6,8.8,3.7,No,"Indian home-care observation | Karthik Reddy | Hyderabad, Telangana | Source: mobile_app"
R04836,P020,Pooja Shah,Surat,Gujarat,2026-05-04,6.7,82.3,5.8,,No,"Indian home-care observation | Pooja Shah | Surat, Gujarat | Source: mobile_app"
R04837,P020,Pooja Shah,Surat,Gujarat,2026-05-05,5.7,75.5,4.6,0.8,No,"Indian home-care observation | Pooja Shah | Surat, Gujarat | Source: phone_checkin"
R04838,P035,Prakash Patil,Nashik,Maharashtra,2026-05-08,5.7,64.5,6.0,1.0,No,"Indian home-care observation | Prakash Patil | Nashik, Maharashtra | Source: wearable_sync"
R04839,P002,Priya Nair,Kochi,Kerala,2026-04-22,8.1,82.5,6.1,2.7,No,"Indian home-care observation | Priya Nair | Kochi, Kerala | Source: wearable_sync"
R04840,P009,Sanjay Kumar,Jaipur,Rajasthan,2026-04-26,7.6,85.8,7.3,2.4,No,"Indian home-care observation | Sanjay Kumar | Jaipur, Rajasthan | Source: wearable_sync"
R04841,P028,Swathi Rao,Visakhapatnam,Andhra Pradesh,2026-04-29,7.6,92.5,6.0,3.8,No,"Indian home-care observation | Swathi Rao | Visakhapatnam, Andhra Pradesh | Source: tablet_kiosk"
R04842,P019,Deepak Verma,Chandigarh,Chandigarh,2026-05-06,7.3,78.4,6.6,0.8,No,"Indian home-care observation | Deepak Verma | Chandigarh, Chandigarh | Source: nan"
R04843,P002,Priya Nair,Kochi,Kerala,2026-04-23,7.5,72.6,4.9,2.1,No,"Indian home-care observation | Priya Nair | Kochi, Kerala | Source: phone_checkin"
R04844,P040,Deepa Thomas,Thrissur,Kerala,2026-05-05,6.5,91.5,,1.6,Yes,"Indian home-care observation | Deepa Thomas | Thrissur, Kerala | Source: phone_checkin"
R04845,P033,Ganesh Iyer,Chennai,Tamil Nadu,2026-05-10,7.7,83.2,6.2,1.3,No,"Indian home-care observation | Ganesh Iyer | Chennai, Tamil Nadu | Source: wearable_sync"
R04846,P006,Meena Krishnan,Coimbatore,Tamil Nadu,2026-05-08,6.3,92.1,6.6,1.8,No,"Indian home-care observation | Meena Krishnan | Coimbatore, Tamil Nadu | Source: mobile_app"
R04847,P026,Keerthana S,Tiruchirappalli,Tamil Nadu,2026-05-03,6.4,,5.7,2.1,No,"Indian home-care observation | Keerthana S | Tiruchirappalli, Tamil Nadu | Source: nan"
R04848,P036,Sowmya N,Hyderabad,Telangana,2026-05-01,8.4,74.3,8.2,3.8,No,"Indian home-care observation | Sowmya N | Hyderabad, Telangana | Source: phone_checkin"
R04849,P032,Bhavana R,Bengaluru,Karnataka,2026-05-01,7.9,98.5,9.0,3.9,No,"Indian home-care observation | Bhavana R | Bengaluru, Karnataka | Source: mobile_app"
R04850,P024,Neha Kapoor,New Delhi,Delhi,2026-05-11,7.8,94.0,7.4,3.9,No,"Indian home-care observation | Neha Kapoor | New Delhi, Delhi | Source: nan"
R04851,P004,Ananya Iyer,Bengaluru,Karnataka,2026-05-07,8.7,71.8,,2.5,No,"Indian home-care observation | Ananya Iyer | Bengaluru, Karnataka | Source: tablet_kiosk"
R04852,P030,Nandini Shetty,Mangaluru,Karnataka,2026-05-01,8.6,73.6,,1.6,No,"Indian home-care observation | Nandini Shetty | Mangaluru, Karnataka | Source: phone_checkin"
R04853,P005,Vikram Singh,Mumbai,Maharashtra,2026-05-01,9.5,82.5,7.5,2.5,No,"Indian home-care observation | Vikram Singh | Mumbai, Maharashtra | Source: tablet_kiosk"
R04854,P032,Bhavana R,Bengaluru,Karnataka,2026-05-02,7.4,94.4,9.0,2.6,No,"Indian home-care observation | Bhavana R | Bengaluru, Karnataka | Source: phone_checkin"
R04855,P025,Ravi Prasad,Patna,Bihar,2026-04-19,6.9,59.2,9.1,2.6,No,"Indian home-care observation | Ravi Prasad | Patna, Bihar | Source: phone_checkin"
R04856,P039,Imran Khan,Bhopal,Madhya Pradesh,2026-04-19,7.8,69.8,8.0,3.2,No,"Indian home-care observation | Imran Khan | Bhopal, Madhya Pradesh | Source: phone_checkin"
R04857,P030,Nandini Shetty,Mangaluru,Karnataka,2026-05-02,6.8,62.4,,1.4,No,"Indian home-care observation | Nandini Shetty | Mangaluru, Karnataka | Source: tablet_kiosk"
R04858,P010,Divya Patel,Ahmedabad,Gujarat,2026-05-03,,57.9,6.5,,No,"Indian home-care observation | Divya Patel | Ahmedabad, Gujarat | Source: phone_checkin"
R04859,P036,Sowmya N,Hyderabad,Telangana,2026-05-02,7.8,88.0,8.0,2.3,No,"Indian home-care observation | Sowmya N | Hyderabad, Telangana | Source: phone_checkin"
R04860,P009,Sanjay Kumar,Jaipur,Rajasthan,2026-04-27,7.1,79.0,6.8,2.3,No,"Indian home-care observation | Sanjay Kumar | Jaipur, Rajasthan | Source: phone_checkin"
R04861,P029,Gopal Krishnan,Madurai,Tamil Nadu,2026-05-07,7.4,85.8,6.8,3.5,No,"Indian home-care observation | Gopal Krishnan | Madurai, Tamil Nadu | Source: tablet_kiosk"
R04862,P031,Ashok Yadav,Kanpur,Uttar Pradesh,2026-05-05,7.6,55.0,6.2,0.0,No,"Indian home-care observation | Ashok Yadav | Kanpur, Uttar Pradesh | Source: MOBILE_APP"
R04863,P031,Ashok Yadav,Kanpur,Uttar Pradesh,2026-05-06,7.0,54.2,5.5,0.0,No,"Indian home-care observation | Ashok Yadav | Kanpur, Uttar Pradesh | Source: phone_checkin"
R04864,P016,Aishwarya Pillai,Kollam,Kerala,2026-05-05,7.3,,9.3,2.3,No,"Indian home-care observation | Aishwarya Pillai | Kollam, Kerala | Source: tablet_kiosk"
R04865,P020,Pooja Shah,Surat,Gujarat,2026-05-06,5.3,76.6,,1.6,No,"Indian home-care observation | Pooja Shah | Surat, Gujarat | Source: tablet_kiosk"
R04866,P016,Aishwarya Pillai,Kollam,Kerala,2026-05-06,7.3,95.8,8.5,2.2,No,"Indian home-care observation | Aishwarya Pillai | Kollam, Kerala | Source: phone_checkin"
R04867,P018,Harini Reddy,Warangal,Telangana,2026-05-03,7.4,77.9,6.5,1.1,No,"Indian home-care observation | Harini Reddy | Warangal, Telangana | Source: tablet_kiosk"
R04868,P038,Janani Murugan,Erode,Tamil Nadu,2026-04-19,6.8,72.3,7.2,0.7,No,"Indian home-care observation | Janani Murugan | Erode, Tamil Nadu | Source: phone_checkin"
R04869,P038,Janani Murugan,Erode,Tamil Nadu,2026-04-20,7.8,82.0,7.6,3.4,No,"Indian home-care observation | Janani Murugan | Erode, Tamil Nadu | Source: mobile_app"
R04870,P004,Ananya Iyer,Bengaluru,Karnataka,2026-05-08,6.1,64.7,,0.4,No,"Indian home-care observation | Ananya Iyer | Bengaluru, Karnataka | Source: mobile_app"
R04871,P016,Aishwarya Pillai,Kollam,Kerala,2026-05-07,7.7,88.4,8.0,,No,"Indian home-care observation | Aishwarya Pillai | Kollam, Kerala | Source: mobile_app"
R04872,P020,Pooja Shah,Surat,Gujarat,2026-05-07,5.5,74.6,5.1,3.3,No,"Indian home-care observation | Pooja Shah | Surat, Gujarat | Source: phone_checkin"
R04873,P008,Lakshmi Rao,Vijayawada,Andhra Pradesh,2026-04-17,7.2,74.7,7.0,2.4,No,"Indian home-care observation | Lakshmi Rao | Vijayawada, Andhra Pradesh | Source: wearable_sync"
R04874,P039,Imran Khan,Bhopal,Madhya Pradesh,2026-04-20,7.7,71.1,8.6,2.4,No,"Indian home-care observation | Imran Khan | Bhopal, Madhya Pradesh | Source: mobile_app"
R04875,P019,Deepak Verma,Chandigarh,Chandigarh,2026-05-07,9.8,73.3,7.1,1.5,Yes,"Indian home-care observation | Deepak Verma | Chandigarh, Chandigarh | Source: phone_checkin"
R04876,P004,Ananya Iyer,Bengaluru,Karnataka,2026-05-09,,82.4,6.8,1.4,No,"Indian home-care observation | Ananya Iyer | Bengaluru, Karnataka | Source: tablet_kiosk"
R04877,P007,Karthik Reddy,Hyderabad,Telangana,2026-04-30,8.3,70.4,7.5,1.9,No,"Indian home-care observation | Karthik Reddy | Hyderabad, Telangana | Source: tablet_kiosk"
R04878,P001,Arjun Mehta,Chennai,Tamil Nadu,2026-05-08,8.3,89.0,8.0,3.3,No,"Indian home-care observation | Arjun Mehta | Chennai, Tamil Nadu | Source: tablet_kiosk"
R04879,P032,Bhavana R,Bengaluru,Karnataka,2026-05-03,6.9,87.6,8.0,0.3,No,"Indian home-care observation | Bhavana R | Bengaluru, Karnataka | Source: mobile_app"
R04880,P039,Imran Khan,Bhopal,Madhya Pradesh,2026-04-21,7.8,75.8,6.8,3.6,No,"Indian home-care observation | Imran Khan | Bhopal, Madhya Pradesh | Source: wearable_sync"
R04881,P035,Prakash Patil,Nashik,Maharashtra,2026-05-09,6.5,67.6,6.3,3.6,No,"Indian home-care observation | Prakash Patil | Nashik, Maharashtra | Source: mobile_app"
R04882,P013,Manoj Gupta,Lucknow,Uttar Pradesh,2026-05-05,8.5,82.6,,1.3,No,"Indian home-care observation | Manoj Gupta | Lucknow, Uttar Pradesh | Source: tablet_kiosk"
R04883,P016,Aishwarya Pillai,Kollam,Kerala,2026-05-08,8.2,85.2,10.0,1.6,No,"Indian home-care observation | Aishwarya Pillai | Kollam, Kerala | Source: wearable_sync"
R04884,P028,Swathi Rao,Visakhapatnam,Andhra Pradesh,2026-04-30,8.1,90.9,6.2,2.2,No,"Indian home-care observation | Swathi Rao | Visakhapatnam, Andhra Pradesh | Source: mobile_app"
R04885,P001,Arjun Mehta,Chennai,Tamil Nadu,2026-05-09,8.1,70.9,6.9,2.2,No,"Indian home-care observation | Arjun Mehta | Chennai, Tamil Nadu | Source: wearable_sync"
R04886,P007,Karthik Reddy,Hyderabad,Telangana,2026-05-01,8.4,82.7,8.8,1.1,No,"Indian home-care observation | Karthik Reddy | Hyderabad, Telangana | Source: wearable_sync"
R04887,P040,Deepa Thomas,Thrissur,Kerala,2026-05-06,7.2,92.3,6.9,3.1,No,"Indian home-care observation | Deepa Thomas | Thrissur, Kerala | Source: mobile_app"
R04888,P023,Mohan Raj,Salem,Tamil Nadu,2026-05-05,6.5,100.0,6.7,3.8,No,"Indian home-care observation | Mohan Raj | Salem, Tamil Nadu | Source: phone_checkin"
R04889,P008,Lakshmi Rao,Vijayawada,Andhra Pradesh,2026-04-18,6.2,80.1,6.4,2.9,No,"Indian home-care observation | Lakshmi Rao | Vijayawada, Andhra Pradesh | Source: mobile_app"
R04890,P021,Ajay Menon,Kozhikode,Kerala,2026-05-04,7.0,79.2,5.5,2.3,No,"Indian home-care observation | Ajay Menon | Kozhikode, Kerala | Source: wearable_sync"
R04891,P015,Suresh Babu,Madurai,Tamil Nadu,2026-05-10,9.7,72.3,7.2,2.2,No,"Indian home-care observation | Suresh Babu | Madurai, Tamil Nadu | Source: phone_checkin"
R04892,P011,Rohan Das,Kolkata,West Bengal,2026-04-30,6.0,78.1,6.5,3.8,No,"Indian home-care observation | Rohan Das | Kolkata, West Bengal | Source: wearable_sync"
R04893,P003,Rahul Sharma,Delhi,Delhi,2026-05-01,10.0,82.7,5.0,1.7,No,"Indian home-care observation | Rahul Sharma | Delhi, Delhi | Source: phone_checkin"
R04894,P001,Arjun Mehta,Chennai,Tamil Nadu,2026-05-10,8.0,62.0,6.7,3.4,No,"Indian home-care observation | Arjun Mehta | Chennai, Tamil Nadu | Source: phone_checkin"
R04895,P025,Ravi Prasad,Patna,Bihar,2026-04-20,5.9,78.7,9.0,1.9,No,"Indian home-care observation | Ravi Prasad | Patna, Bihar | Source: wearable_sync"
R04896,P024,Neha Kapoor,New Delhi,Delhi,2026-05-12,7.0,,8.5,2.4,No,"Indian home-care observation | Neha Kapoor | New Delhi, Delhi | Source: wearable_sync"
R04897,P007,Karthik Reddy,Hyderabad,Telangana,2026-05-02,9.3,75.9,,3.8,No,"Indian home-care observation | Karthik Reddy | Hyderabad, Telangana | Source: wearable_sync"
R04898,P026,Keerthana S,Tiruchirappalli,Tamil Nadu,2026-05-04,6.6,,5.3,2.6,No,"Indian home-care observation | Keerthana S | Tiruchirappalli, Tamil Nadu | Source: tablet_kiosk"
R04899,P021,Ajay Menon,Kozhikode,Kerala,2026-05-05,7.4,81.4,,,No,"Indian home-care observation | Ajay Menon | Kozhikode, Kerala | Source: wearable_sync"
R04900,P015,Suresh Babu,Madurai,Tamil Nadu,2026-05-11,10.0,62.8,5.9,2.4,No,"Indian home-care observation | Suresh Babu | Madurai, Tamil Nadu | Source: tablet_kiosk"
R04901,P003,Rahul Sharma,Delhi,Delhi,2026-05-02,6.9,78.6,6.5,1.3,No,"Indian home-care observation | Rahul Sharma | Delhi, Delhi | Source: mobile_app"
R04902,P011,Rohan Das,Kolkata,West Bengal,2026-05-01,6.5,75.6,,1.7,No,"Indian home-care observation | Rohan Das | Kolkata, West Bengal | Source: wearable_sync"
R04903,P010,Divya Patel,Ahmedabad,Gujarat,2026-05-04,,58.8,6.7,3.4,No,"Indian home-care observation | Divya Patel | Ahmedabad, Gujarat | Source: wearable_sync"
R04904,P007,Karthik Reddy,Hyderabad,Telangana,2026-05-03,8.2,75.9,5.7,2.9,No,"Indian home-care observation | Karthik Reddy | Hyderabad, Telangana | Source: wearable_sync"
R04905,P003,Rahul Sharma,Delhi,Delhi,2026-05-03,8.6,75.6,7.6,2.6,No,"Indian home-care observation | Rahul Sharma | Delhi, Delhi | Source: nan"
R04906,P038,Janani Murugan,Erode,Tamil Nadu,2026-04-21,7.6,79.4,6.6,3.4,No,"Indian home-care observation | Janani Murugan | Erode, Tamil Nadu | Source: wearable_sync"
R04907,P035,Prakash Patil,Nashik,Maharashtra,2026-05-10,6.8,73.2,8.2,2.3,No,"Indian home-care observation | Prakash Patil | Nashik, Maharashtra | Source: mobile_app"
R04908,P030,Nandini Shetty,Mangaluru,Karnataka,2026-05-03,7.2,88.4,4.3,2.6,No,"Indian home-care observation | Nandini Shetty | Mangaluru, Karnataka | Source: mobile_app"
R04909,P026,Keerthana S,Tiruchirappalli,Tamil Nadu,2026-05-05,7.3,91.3,5.7,2.0,No,"Indian home-care observation | Keerthana S | Tiruchirappalli, Tamil Nadu | Source: wearable_sync"
R04910,P037,Ramesh Chandran,Puducherry,Puducherry,2026-05-04,6.2,,7.6,3.2,No,"Indian home-care observation | Ramesh Chandran | Puducherry, Puducherry | Source: wearable_sync"
R04911,P011,Rohan Das,Kolkata,West Bengal,2026-05-02,6.6,75.9,6.6,2.3,No,"Indian home-care observation | Rohan Das | Kolkata, West Bengal | Source: wearable_sync"
R04912,P034,Madhuri Naik,Panaji,Goa,2026-05-05,7.9,90.5,,2.0,No,"Indian home-care observation | Madhuri Naik | Panaji, Goa | Source: tablet_kiosk"
R04913,P012,Kavya Menon,Thiruvananthapuram,Kerala,2026-04-19,7.0,89.3,8.9,2.0,No,"Indian home-care observation | Kavya Menon | Thiruvananthapuram, Kerala | Source: tablet_kiosk"
R04914,P033,Ganesh Iyer,Chennai,Tamil Nadu,2026-05-11,7.6,85.2,6.0,2.7,No,"Indian home-care observation | Ganesh Iyer | Chennai, Tamil Nadu | Source: wearable_sync"
R04915,P027,Aditya Kulkarni,Nagpur,Maharashtra,2026-05-08,7.0,77.2,8.4,1.9,No,"Indian home-care observation | Aditya Kulkarni | Nagpur, Maharashtra | Source: phone_checkin"
R04916,P030,Nandini Shetty,Mangaluru,Karnataka,2026-05-04,6.2,65.7,3.0,0.3,No,"Indian home-care observation | Nandini Shetty | Mangaluru, Karnataka | Source: tablet_kiosk"
R04917,P020,Pooja Shah,Surat,Gujarat,2026-05-08,5.5,74.6,5.1,3.3,No,"Indian home-care observation | Pooja Shah | Surat, Gujarat | Source: phone_checkin"
R04918,P025,Ravi Prasad,Patna,Bihar,2026-04-21,6.9,86.7,8.1,1.9,No,"Indian home-care observation | Ravi Prasad | Patna, Bihar | Source: wearable_sync"
R04919,P004,Ananya Iyer,Bengaluru,Karnataka,2026-05-10,7.5,68.1,,1.9,No,"Indian home-care observation | Ananya Iyer | Bengaluru, Karnataka | Source: tablet_kiosk"
R04920,P013,Manoj Gupta,Lucknow,Uttar Pradesh,2026-05-06,8.9,77.9,6.5,1.4,No,"Indian home-care observation | Manoj Gupta | Lucknow, Uttar Pradesh | Source: wearable_sync"
R04921,P010,Divya Patel,Ahmedabad,Gujarat,2026-05-05,6.2,60.8,7.1,2.1,No,"Indian home-care observation | Divya Patel | Ahmedabad, Gujarat | Source: wearable_sync"
R04922,P028,Swathi Rao,Visakhapatnam,Andhra Pradesh,2026-05-01,7.1,84.3,7.0,1.3,No,"Indian home-care observation | Swathi Rao | Visakhapatnam, Andhra Pradesh | Source: phone_checkin"
R04923,P024,Neha Kapoor,New Delhi,Delhi,2026-05-13,8.0,95.5,7.2,5.1,No,"Indian home-care observation | Neha Kapoor | New Delhi, Delhi | Source: mobile_app"
R04924,P038,Janani Murugan,Erode,Tamil Nadu,2026-04-22,6.7,65.9,6.7,2.2,No,"Indian home-care observation | Janani Murugan | Erode, Tamil Nadu | Source: tablet_kiosk"
R04925,P038,Janani Murugan,Erode,Tamil Nadu,2026-04-23,7.4,74.2,7.3,0.9,No,"Indian home-care observation | Janani Murugan | Erode, Tamil Nadu | Source: phone_checkin"
R04926,P032,Bhavana R,Bengaluru,Karnataka,2026-05-04,6.7,89.5,,1.7,Yes,"Indian home-care observation | Bhavana R | Bengaluru, Karnataka | Source: wearable_sync"
R04927,P023,Mohan Raj,Salem,Tamil Nadu,2026-05-06,6.2,84.3,5.6,1.8,No,"Indian home-care observation | Mohan Raj | Salem, Tamil Nadu | Source: phone_checkin"
R04928,P028,Swathi Rao,Visakhapatnam,Andhra Pradesh,2026-05-02,7.2,87.5,6.8,1.4,No,"Indian home-care observation | Swathi Rao | Visakhapatnam, Andhra Pradesh | Source: phone_checkin"
R04929,P012,Kavya Menon,Thiruvananthapuram,Kerala,2026-04-20,8.0,93.2,,1.9,No,"Indian home-care observation | Kavya Menon | Thiruvananthapuram, Kerala | Source: phone_checkin"
R04930,P008,Lakshmi Rao,Vijayawada,Andhra Pradesh,2026-04-19,6.2,78.0,6.2,1.8,No,"Indian home-care observation | Lakshmi Rao | Vijayawada, Andhra Pradesh | Source: tablet_kiosk"
R04931,P037,Ramesh Chandran,Puducherry,Puducherry,2026-05-05,7.1,77.4,,,No,"Indian home-care observation | Ramesh Chandran | Puducherry, Puducherry | Source: tablet_kiosk"
R04932,P022,Shreya Das,Bhubaneswar,Odisha,2026-04-23,,79.4,3.1,0.8,No,"Indian home-care observation | Shreya Das | Bhubaneswar, Odisha | Source: mobile_app"
R04933,P005,Vikram Singh,Mumbai,Maharashtra,2026-05-02,9.0,80.6,,2.3,No,"Indian home-care observation | Vikram Singh | Mumbai, Maharashtra | Source: tablet_kiosk"
R04934,P011,Rohan Das,Kolkata,West Bengal,2026-05-03,6.8,79.0,6.0,2.6,No,"Indian home-care observation | Rohan Das | Kolkata, West Bengal | Source: phone_checkin"
R04935,P037,Ramesh Chandran,Puducherry,Puducherry,2026-05-06,6.9,96.5,7.4,3.3,No,"Indian home-care observation | Ramesh Chandran | Puducherry, Puducherry | Source: phone_checkin"
